order_reference,order_status,payment_method,castig_net_lei,ride_distance_km,ride_duration_min,viteza_medie_kmh,to_client_dist_km,to_client_dur_min,order_created_date,order_created_time,pickup_address,destination_address
MzI1LTI1NDAwNzc5MzctMzM0MDMwNjI2OA,finished,in_app,42.0,13.1,22.6,34.7,1.1,1.4,2026-06-06,01:50:34,"Strada Lotrioara 3, Bucureşti 032162","Strada Valea Ialomiței 4, Drumul Taberei, Bucureşti"
MzI1LTI1NDAwNTg0MTItMzM0MDI2Nzk4MA,finished,business,16.5,5.2,6.7,46.1,0.6,1.1,2026-06-06,01:34:59,"Aleea Suraia 4, Bucureşti","Hils Pallady, Bulevardul Theodor Pallady 66A, Titanul Nou"
MzI1LTI1NDAwMzEzOTctMzM0MDIxNjMxMg,finished,in_app,26.1,7.3,14.6,30.0,0.9,2.4,2026-06-06,01:15:29,"Strada Cornelia 26, Bucureşti 040181","Bulevardul Theodor Pallady 5, Bucureşti"
MzI1LTI1Mzk5OTAzOTctMzM0MDEzNTE1MQ,finished,in_app,13.7,3.8,7.6,29.9,1.1,2.5,2026-06-06,00:47:40,"Strada Doctor Mihai Ciucă 10, Bucharest","Club Expirat, Strada Doctor Constantin Istrati 1"
MzI1LTI1Mzk5NzQ2NzgtMzM0MDEwMzEwOQ,finished,cash,22.4,2.3,5.6,24.2,0.5,0.3,2026-06-06,00:36:24,"Splaiul Independenței 179, București 010271","Strada Progresului 29, București"
MzI1LTI1Mzk5NTIyMDMtMzM0MDA1ODY5NQ,finished,business,14.1,1.1,5.3,12.3,0.2,0.8,2026-06-06,00:21:14,Drumul Taberei 89B,"Strada Delinești 6, Drumul Taberei, Bucureşti"
MzI1LTI1Mzk5MzA2MDAtMzM0MDAyMjk5MA,finished,cash,22.1,6.2,9.9,37.5,1.7,2.6,2026-06-06,00:08:48,"Strada Zinca Golescu 28, Bucureşti 060241","Strada Segarcea 1, Bucharest"
MzI1LTI1Mzk5MDQ1NDEtMzMzOTk2ODE2MA,finished,in_app,16.6,5.8,10.5,33.3,0.4,2.0,2026-06-05,23:49:52,"Strada Sibiu 7, București 061344","Str. Nicolae Oncescu 6, Bucharest 060465"
MzI1LTI1Mzk4OTQ1NzQtMzMzOTk0OTU1Mw,finished,in_app,14.9,2.8,6.5,26.3,1.0,2.0,2026-06-05,23:42:54,"Strada Doctor Carol Davila 57, Bucureşti","Strada Sibiu 10, Drumul Taberei, Bucureşti"
MzI1LTI1Mzk4NjkwMDctMzMzOTkwMzQ3NQ,finished,in_app,22.1,5.2,12.7,24.8,1.3,3.4,2026-06-05,23:25:23,"Arcul de Triumf, Sectorul 1, București","Strada Doctor Petre Herescu 16, Cotroceni, Bucureşti"
MzI1LTI1Mzk4NDgzMDUtMzMzOTg2NTc1NA,finished,in_app,23.6,4.7,12.3,22.8,0.9,2.4,2026-06-05,23:10:32,"Strada C. A. Rosetti 34, Bucureşti","Bulevardul Ion Mihalache 123, Bucureşti"
MzI1LTI1Mzk4MjE3OTYtMzMzOTgyMTEzNg,finished,in_app,26.2,8.5,16.5,30.9,2.7,4.5,2026-06-05,22:52:43,"Strada Emil Racoviță 39, Voluntari 077190","Bucharest National Theatre TNB, Universitatii Square"
MzI1LTI1Mzk3OTcwODUtMzMzOTc3NTkwOQ,finished,in_app,33.1,6.2,10.9,34.1,0.2,0.9,2026-06-05,22:31:56,"Strada Șerban Cantacuzino 186, Voluntari 077190","Strada Constelației 42G, 077191"
MzI1LTI1Mzk3Njg5MzUtMzMzOTczMDQ5OA,finished,in_app,29.9,12.7,22.1,34.4,1.7,2.4,2026-06-05,22:10:03,"Strada Grigore Cobălcescu 7, Bucureşti 010191","Strada Șerban Cantacuzino 59, Voluntari"
MzI1LTI1Mzk3NDIwMjItMzMzOTY4NDI2MA,finished,in_app,18.2,6.8,18.3,22.3,1.3,2.6,2026-06-05,21:49:17,"Strada Postăvarul 94, Bucureşti 032425","Manuc's Inn, Old Town"
MzI1LTI1Mzk3MDMyNDUtMzMzOTYyMDc0NQ,finished,cash,18.1,6.4,14.6,26.1,1.7,3.9,2026-06-05,21:19:10,"Bulevardul Alexandru Obregia 37, Bucureşti 041732","Strada Vlăhița 6, Titan - Balta Albă, Bucureşti"
MzI1LTI1Mzk2Mzc2ODctMzMzOTUwNjQwNQ,finished,in_app,27.8,5.2,13.6,23.0,0.2,0.8,2026-06-05,20:30:52,"Aleea Oltului 2b, 077160 Popești-Leordeni, Romania","Bulevardul Metalurgiei 57-59, Bucharest 042147"
MzI1LTI1Mzk2MjA1NjMtMzMzOTQ3NzI3Mw,finished,cash,13.4,3.5,7.5,27.9,0.4,1.1,2026-06-05,20:18:51,"Strada Anton Bacalbașa 17, Bucureşti 042054","Strada Bateriei 46s, Popești-Leordeni 077160"
MzI1LTI1Mzk1NjU5NzMtMzMzOTM4NjA5Nw,finished,in_app,17.9,4.2,11.6,21.8,1.4,5.2,2026-06-05,19:43:42,"Intrarea Solca 30, Bucureşti","Strada Caporal Ion Gheorghe 9, Bucureşti"
MzI1LTI1Mzk1NDUzMTUtMzMzOTM1MDA5NQ,finished,cash,12.9,2.9,8.5,20.1,0.3,0.5,2026-06-05,19:29:51,"Strada Trompetului 66A, Bucureşti 052277","Strada Motrului 20, Giurgiului, Bucureşti"
MzI1LTI1Mzk1MDMwMDAtMzMzOTI3NTcwOQ,finished,in_app,32.9,7.9,19.6,24.2,1.7,5.7,2026-06-05,19:02:18,"Calea Griviței 176A, Bucureşti 010748","Strada Lacul Orza 13, Bucureşti 052285"
MzI1LTI1Mzk0OTYwNTgtMzMzOTI2MzE0MQ,finished,cash,15.7,1.3,4.0,20.1,0.3,0.5,2026-06-05,18:57:58,Calea Crângași 14,"Strada Prunaru 6, Giulești, Bucureşti"
MzI1LTI1MzgzMDAxMTYtMzMzNzEyNjczNw,finished,business,12.8,2.9,6.2,27.8,0.9,7.3,2026-06-04,22:43:23,"Strada Liviu Rebreanu 30F, Titan - Balta Albă, Bucureşti","Strada Câmpia Libertății 46, București, România"
MzI1LTI1MzgyODA3NzItMzMzNzA4OTM1NQ,finished,in_app,25.0,5.8,11.6,29.9,1.1,4.0,2026-06-04,22:24:45,"Strada Matei Voievod 66bis, Bucureşti 021456","Aleea Onisifor Ghibu 6, Bucureşti 032447"
MzI1LTI1MzgyNDA0OTMtMzMzNzAxMjEzMw,finished,in_app,61.3,16.9,36.4,27.8,0.0,0.2,2026-06-04,21:46:43,"Splaiul Independenței 202D, Bucureşti 060022","Strada Theodor D. Speranția 123, Centrul Civic, Bucureşti"
MzI1LTI1MzgyMjAyNTYtMzMzNjk3NDk5Ng,finished,in_app,22.2,6.7,19.3,20.7,1.2,2.2,2026-06-04,21:26:52,"Strada Piscului 11, Bucureşti 040402","Splaiul Independenței 202H, Bucureşti 060022"
MzI1LTI1MzgxOTI1NzUtMzMzNjkyNTIxOA,finished,cash,16.9,6.0,13.5,26.8,0.6,2.5,2026-06-04,21:00:08,"Calea 13 Septembrie 229, Bucureşti","Stația Metrou Constantin Brâncoveanu, Sectorul 4, Bucureşti"
MzI1LTI1MzgxODE3NjYtMzMzNjkwNjU0OA,finished,in_app,12.8,2.4,7.1,20.8,1.5,2.7,2026-06-04,20:49:38,"Galaxy Entrance, Afi Palace Cotroceni Mall","Strada Novaci 6, Bucureşti 051728"
MzI1LTI1MzgxNjczNDUtMzMzNjg4MDg4NQ,finished,in_app,15.8,5.1,10.1,29.9,0.2,0.6,2026-06-04,20:35:42,"Far Entrance, Afi Palace Cotroceni Mall","Splaiul Independenței 313A, Bucharest 060042"
MzI1LTI1MzgxMjc0NTktMzMzNjgwOTYwNA,finished,in_app,23.3,3.6,11.6,18.7,1.7,4.3,2026-06-04,19:59:41,"Aleea Politehnicii 10, Bucureşti","Bulevardul Timișoara 16B, Bucureşti 061421"
MzI1LTI1MzgxMDM5ODgtMzMzNjc2ODg2Mw,finished,cash,16.9,4.0,14.5,16.7,1.4,5.0,2026-06-04,19:39:13,"Bulevardul Banu Manta 83, Bucureşti","Bingo Chez Gabi, Bulevardul Iuliu Maniu 11, Militari, Bucureşti"
MzI1LTI1MzgwODkyNDItMzMzNjc0MzE5NA,finished,in_app,20.4,3.5,9.3,22.5,0.8,3.0,2026-06-04,19:26:45,"Calea Crângași 29, Bucureşti 060312","Cinema Muzeul Țăranului, Șoseaua Pavel Dimitrievici Kiseleff 3, Sectorul 1, Bucureşti"
MzI1LTI1MzcwNjYwMTItMzMzNDkzMDkxNA,finished,in_app,16.4,6.0,18.0,20.2,1.3,2.7,2026-06-04,00:37:59,"Strada Dumitru Papazoglu 1, Bucureşti","Cămin E, Grozăvești, Bucureşti"
MzI1LTI1MzcwNTAwNTEtMzMzNDg5MDMzMw,finished,cash,12.8,2.3,6.3,21.8,0.8,2.3,2026-06-04,00:21:36,"Strada Schitului 9, Bucureşti 032041","Rainbow, Bulevardul Decebal 14, Centrul Civic, Bucureşti"
MzI1LTI1MzcwMjk3NTktMzMzNDg0MjQzMw,finished,in_app,19.1,5.2,10.4,29.9,1.6,5.8,2026-06-04,00:03:05,"Strada Popa Nan 7, Bucureşti 024075","Strada Lăcrămioarei 54, Vitan, Bucureşti"
MzI1LTI1MzcwMTM5MDUtMzMzNDgwNTUwMA,finished,in_app,25.2,5.3,12.2,26.0,2.8,5.2,2026-06-03,23:48:11,"Calea Victoriei 224, Bucureşti 010099","Șoseaua Iancului 19, Bucureşti 021714"
MzI1LTI1MzY5OTg1NTAtMzMzNDc3MjA3OQ,finished,in_app,12.8,2.2,3.8,34.7,1.8,2.6,2026-06-03,23:32:33,"Strada Dimitrie Grozdea 10, Bucureşti","Șoseaua Pantelimon 3-15, Bucharest, Romania"
MzI1LTI1MzY5NTgzOTQtMzMzNDY4NzIzOQ,finished,cash,40.1,13.0,24.4,32.0,1.1,3.1,2026-06-03,22:53:30,"Strada Benjamin Franklin 1-3, Bucureşti 010287","Strada Prelungirea Gării Cățelu 48, București, România"
MzI1LTI1MzY5MzE0NDItMzMzNDYzNzgxMg,finished,in_app,24.4,7.6,16.4,28.0,2.4,7.6,2026-06-03,22:28:45,"Strada Valea Morii 6A, Bucureşti 014356","Control Club, Strada Constantin Mille, Bucharest, Romania"
MzI1LTI1MzY5MTkxOTYtMzMzNDYwNzU0NQ,finished,cash,20.8,2.8,12.2,13.9,1.6,0.8,2026-06-03,22:14:11,"Bulevardul Pipera 1i, 077190","Metrou Pipera, Bucureşti"
MzI1LTI1MzY4ODIzMTEtMzMzNDUzNDY3Mg,finished,cash,26.5,9.0,18.5,29.1,0.7,2.6,2026-06-03,21:39:18,"Bulevardul General Gheorghe Magheru 1, Bucureşti 010281","Vitamed Beauty, Șoseaua București Nord, Voluntari, Romania"
MzI1LTI1MzY4NjQ3MzUtMzMzNDQ5NzQwNg,finished,in_app,12.8,1.8,5.3,20.3,1.7,2.7,2026-06-03,21:22:19,"Strada Nicolae Leonard 12, Bucureşti 021888","Old Mike, Strada Matei Elina Voievod 67, Sector 2, Bucureşti"
MzI1LTI1MzY4MjQ5MTktMzMzNDQwODYyNA,finished,in_app,35.5,12.6,30.8,24.6,0.1,0.6,2026-06-03,20:47:00,"Bloc A6, Drumul Taberei 65, Bucharest, Romania","Strada Elev Ștefan Ștefănescu 11, Bucharest, Romania"
MzI1LTI1MzY3OTM2MzQtMzMzNDMzNTgzOA,finished,cash,20.3,5.5,14.2,23.4,1.4,2.5,2026-06-03,20:20:29,"Intrare vizitatori, Spitalul Universitar de Urgență București","Str. Pascani 1, Bucureşti 062081"
MzI1LTI1MzY3Nzc2ODMtMzMzNDI5OTQ2Nw,finished,in_app,18.4,3.8,10.4,21.6,1.4,3.0,2026-06-03,20:07:31,"Strada Răsuri 19, Bucureşti","Intrare Dinicu Golescu, Gara de Nord"
MzI1LTI1MzY3NDU0MzUtMzMzNDIyOTY2MQ,finished,in_app,24.9,6.2,15.0,24.8,0.5,1.9,2026-06-03,19:42:22,"Calea Griviței 142, Bucureşti 010741","Strada Teiul Doamnei 1, Bucureşti"
MzI1LTI1MzY3MzI1NDItMzMzNDIwMDMxMg,finished,in_app,14.2,4.1,10.9,22.6,0.3,0.5,2026-06-03,19:32:03,"Bulevardul General Paul Teodorescu 4, Bucureşti 061344","Gara de Nord, Gara de Nord, Bucureşti"
MzI1LTI1MzY3MTU2MDAtMzMzNDE2NTQ4Mw,finished,in_app,20.3,4.5,11.3,23.8,2.6,4.4,2026-06-03,19:19:08,"Strada Inginer Zablovschi 26, Bucureşti","Intrare Galaxy, Afi Palace Cotroceni"
MzI1LTI1MzQzNTY5NDQtMzMyOTg5Njk4MA,finished,cash,14.1,3.7,9.4,23.4,1.7,5.8,2026-06-02,02:19:09,"Calea Victoriei 21, Bucureşti 030023","Șoseaua Nicolae Titulescu 95-103, Bucureşti 011135"
MzI1LTI1MzQzNDM4NDktMzMyOTg3MDQ2NQ,finished,in_app,37.8,16.5,28.1,35.3,1.8,2.8,2026-06-02,01:41:33,"Strada Cristalului 1, Bragadiru 077025","Strada Ritmului 35, Bucureşti 021676"
MzI1LTI1MzQzMzQzNDMtMzMyOTg1MTQyNA,finished,business,38.7,12.0,17.1,42.3,2.9,7.1,2026-06-02,01:19:24,Strada Luterană 2,Strada Năzuinței 10
MzI1LTI1MzQzMTk3MzItMzMyOTgxNzQzNA,finished,cash,21.9,3.8,9.0,25.4,1.5,13.9,2026-06-02,00:49:22,"Strada George Enescu 27, Bucureşti 010303","Strada Vânători 5-11, Centrul Civic, Bucureşti"
MzI1LTI1MzQzMDk0NjctMzMyOTc5MTIwNw,finished,cash,15.8,4.5,14.8,18.3,1.5,2.0,2026-06-02,00:31:38,"Șoseaua Pantelimon 111, Bucureşti 021597","Control Club, Sector 1, Bucureşti"
MzI1LTI1MzQyOTkxNDgtMzMyOTc2NTE3MA,finished,cash,22.7,4.0,12.0,20.0,1.4,2.4,2026-06-02,00:15:13,"Bulevardul Carol I 54, Bucureşti 020925","Strada Ziduri Între Vii 19, Bucureşti"
MzI1LTI1MzQyODc3NDctMzMyOTczNjg4OA,finished,business,18.4,1.6,3.9,24.7,1.7,5.7,2026-06-01,23:59:21,"Sheraton Bucharest Hotel, Sheraton Bucharest Hotel","Strada Toamnei 103, Sector 2, Bucureşti"
MzI1LTI1MzQyNzczODgtMzMyOTcxMDA5OA,finished,in_app,25.9,4.2,8.5,29.6,0.9,1.1,2026-06-01,23:44:38,"Calea Șerban Vodă 34, Bucureşti 040212","Str. Dr. Felix Iacob 7, Bucharest 011031"
MzI1LTI1MzQyNTExMDUtMzMyOTY0ODU3Mw,finished,in_app,47.9,8.8,19.3,27.4,1.5,3.4,2026-06-01,23:11:55,"Intrarea principala, Gara de Nord","Bulevardul Alexandru Obregia 2, Bucureşti 041733"
MzI1LTI1MzQyMzcxMTktMzMyOTYxMzE3Mw,finished,in_app,19.1,4.5,11.6,23.4,2.7,4.6,2026-06-01,22:54:57,"Calea Victoriei 1-5, Bucureşti 030021","Str. Teodosie Rudeanu 12, Bucureşti 011258"
MzI1LTI1MzQyMDk3OTYtMzMyOTU1MjUyOA,finished,cash,17.2,4.2,7.3,34.8,1.7,4.5,2026-06-01,22:23:57,"Splaiul Unirii 162, Bucureşti 040042","Bulevardul Metalurgiei 7-11, Bucureşti 041831"
MzI1LTI1MzQxOTU0MzItMzMyOTUyMTEzNg,finished,cash,18.7,6.9,16.1,25.9,1.6,3.0,2026-06-01,22:08:28,"Strada Acțiunii 81, Bucureşti","Strada Ion Minulescu 67-93, Flaros"
MzI1LTI1MzQxNzczNDYtMzMyOTQ4Mjc2MA,finished,in_app,36.8,7.8,15.4,30.2,1.4,2.3,2026-06-01,21:50:11,"Bulevardul Profesor Doctor Gheorghe Marinescu 53, București 061344",Strada Alexandru Anghel 1B
MzI1LTI1MzQxNTMxOTgtMzMyOTQzMjk3Mg,finished,cash,22.4,5.0,11.5,25.9,1.0,3.2,2026-06-01,21:23:13,"Șoseaua Olteniței 44, Bucureşti 041316","Iesire Cobadin, Parc Sebastian"
MzI1LTI1MzQxNDA3NDItMzMyOTQwODUxNw,finished,cash,28.0,4.7,10.2,27.9,2.6,5.5,2026-06-01,21:10:42,"Bulevardul Eroilor 33, București","Eroii Revoluției, Sector 4, Bucureşti"
MzI1LTI1MzQxMjgyNzctMzMyOTM4NDIxMQ,finished,in_app,28.4,5.5,10.3,32.3,1.1,1.9,2026-06-01,20:58:05,"Strada Mircea Vulcănescu 97, Bucureşti","ibis Bucharest Politehnica, Splaiul Independenței 313A, Militari, Bucureşti"
MzI1LTI1MzQwOTg2MTYtMzMyOTMyNTkwOA,finished,in_app,21.8,3.9,10.5,22.1,0.7,2.5,2026-06-01,20:27:39,"Bulevardul Iancu de Hunedoara 2, Bucureşti 010673","Strada Inginerilor Tei 4, Bucureşti 023717"
MzI1LTI1MzQwODUwNDEtMzMyOTI5OTQ3NA,finished,cash,16.4,3.8,9.8,23.3,1.5,2.9,2026-06-01,20:14:20,"Strada Cașin 28, Bucureşti","Strada Doctor Iacob Felix 32, Sector 1, Bucureşti"
MzI1LTI1MzQwNjYwNTgtMzMyOTI2MjkwNA,finished,in_app,14.9,3.9,13.1,18.1,1.9,5.3,2026-06-01,19:57:35,"Strada Avionului 11, Bucureşti","Str. Alexandru Constantinescu 35, Domenii, Bucureşti"
MzI1LTI1MzQwMjUxOTYtMzMyOTE4MDg5NA,finished,cash,38.2,10.7,25.7,25.0,0.8,2.5,2026-06-01,19:21:00,"Strada Soldat Coman Ion 23, Bucureşti 051073","Ilie Nastase Tennis Academy, Strada Țărmului, Aviației, Bucureşti"
MzI1LTI1MzQwMTYzNzYtMzMyOTE2MTYxMg,finished,in_app,15.1,3.6,8.3,26.0,1.2,2.2,2026-06-01,19:13:16,"Strada Nehoiași 64, Bucureşti","Strada Topolnița 10, Bucureşti"
MzI1LTI1MzQwMDA3MjItMzMyOTEzMTEyNw,finished,cash,12.8,2.4,7.8,18.5,0.5,2.9,2026-06-01,19:00:21,"Lidl, Drumul Găzarului 1, Giurgiului, Bucureşti","Strada Zăbrăuțului 13, Bucureşti"
MzI1LTI1MzM5Njg4NjEtMzMyOTA2ODY1NA,finished,in_app,46.4,8.9,23.3,23.0,0.3,1.1,2026-06-01,18:33:41,"Gara Basarab, Gara Basarab, Crîngași","Str. Ghimpati 17, Bucureşti 040751"
MzI1LTI1MzI5MDQ0ODMtMzMyNzAwMTIyNw,finished,in_app,22.4,6.1,9.2,39.3,1.9,2.0,2026-05-31,22:58:07,"Șoseaua Grozăvești 84, Bucureşti","Strada Lizeanu 19, Bucureşti 021111"
MzI1LTI1MzI4NTI0MzUtMzMyNjg5NTYwNg,finished,business,78.8,20.2,39.9,30.4,1.3,3.8,2026-05-31,22:07:59,"Drumul Sării 150, 13 Septembrie, Bucureşti","Strada Ierbei 2, Militari, Bucureşti"
MzI1LTI1MzI4MjU0MzktMzMyNjg0MjgyNg,finished,cash,22.4,6.9,15.2,27.5,1.3,1.2,2026-05-31,21:43:19,"Subway entrance, Northern Railway Station","Strada Râul Doamnei 5, Bucureşti 061762"
MzI1LTI1MzI4MDc2MTgtMzMyNjgwNzU0Mg,finished,in_app,12.8,3.8,11.0,20.6,0.1,1.2,2026-05-31,21:26:05,"Strada Hepiteș Ștefan 22, Bucureşti","Str. Serg. Ion Nutu 44, Bucureşti"
MzI1LTI1MzI3ODk2NjgtMzMyNjc3MzM4Nw,finished,in_app,13.9,3.4,6.0,34.2,1.1,3.3,2026-05-31,21:08:54,"Strada Trestiana 11, Bucureşti 040374","Șoseaua Olteniței 63, Bucureşti"
MzI1LTI1MzI3Nzc5NjItMzMyNjc1MTAxOA,finished,in_app,26.5,4.9,9.1,32.3,0.7,1.2,2026-05-31,20:57:38,"Calea Plevnei 133, Bucureşti 010225","B-dul. Gheorghe Sincai 11, Bucureşti 040313"
MzI1LTI1MzI3NjA0NDQtMzMyNjcxODM4Ng,finished,in_app,12.8,3.7,10.6,20.6,0.0,0.2,2026-05-31,20:41:04,"Galaxy Entrance, Afi Palace Cotroceni Mall","Strada Știrbei Vodă 164, Bucharest"
MzI1LTI1MzI3NDk5MTItMzMyNjY5ODQwOQ,finished,in_app,14.9,4.1,6.9,35.8,1.2,3.1,2026-05-31,20:30:52,"Bulevardul Aviatorilor 8, Bucureşti 011861","Galaxy Entrance, Afi Palace Cotroceni Mall"
MzI1LTI1MzI3Mzc2NjEtMzMyNjY3MzQ4OQ,finished,in_app,12.8,2.7,7.2,22.7,0.7,1.8,2026-05-31,20:19:07,"Strada Făinari 55, Bucureşti 021222","Raiffeisen Bank, Piața Dorobanților, Bucharest, Romania"
MzI1LTI1MzI3MTA4NTQtMzMyNjYxNzY4Nw,finished,cash,21.4,6.6,14.6,27.1,0.5,2.1,2026-05-31,19:54:35,"Strada Lucăcești 31, Bucureşti 060244","Str. Episcopul Radu 37, Bucureşti"
MzI1LTI1MzE1OTMzOTgtMzMyNDQxMjkwNA,finished,in_app,18.1,5.1,12.4,24.5,1.0,2.8,2026-05-31,01:29:10,"Calea Griviței 55, Bucureşti 010704","Strada Măgura Vulturului 70, Bucharest"
MzI1LTI1MzE1NTAwMzUtMzMyNDMyNjc4Mg,finished,cash,24.4,4.7,10.8,26.2,1.1,1.9,2026-05-31,01:10:01,"Strada Armenească 45, Bucureşti 021043","Strada Barierei 17A, Bucureşti 010943"
MzI1LTI1MzE0ODM3MTQtMzMyNDIwMjM5MQ,finished,cash,21.1,5.4,9.0,36.0,4.7,9.5,2026-05-31,00:42:08,"Strada Cuiului 54A, Bucureşti","Strada Sighet 65A, Bucureşti"
MzI1LTI1MzE0NDExNjItMzMyNDEyNzMwNg,finished,in_app,14.9,4.2,5.9,42.8,6.5,9.1,2026-05-31,00:24:02,"Strada Someș 2b, Voluntari 077190","Strada Caporal Mușat 43, Voluntari, România"
MzI1LTI1MzEzODQ1NTItMzMyNDAyNzQ0Mw,finished,cash,59.9,16.1,24.7,39.2,0.1,0.8,2026-05-30,23:59:02,"Strada Gabroveni 61, Bucureşti 030087","Str. Castanului 10, Crețuleasca"
MzI1LTI1MzEzNDQ0NjItMzMyMzk1ODg2MA,finished,in_app,16.8,5.3,12.0,26.4,0.7,0.9,2026-05-30,23:40:19,"Strada Mărgeanului 134, Bucureşti","Piața Roma / Strada Lipscani, Centrul Vechi"
MzI1LTI1MzEyNjE5NjctMzMyMzgyMzIwMQ,finished,in_app,88.4,15.5,22.1,42.1,0.9,0.9,2026-05-30,23:01:32,"Splaiul Independenței 307A, Bucureşti","La Jan Restaurant, Strada București, Vârteju, România"
MzI1LTI1MzEyMjk0NzUtMzMyMzc2NTQyNA,finished,in_app,27.5,6.5,13.1,29.7,0.5,2.1,2026-05-30,22:44:44,"Strada Știrbei Vodă 18-16, Bucureşti","Șos. Virtuții 60a, București"
MzI1LTI1MzExODY2MDMtMzMyMzY4NDAzMg,finished,in_app,27.1,4.7,12.5,22.8,0.4,1.2,2026-05-30,22:21:28,"Splaiul Independenței 253-257, Bucureşti 060042","Casa Fratelli, Strada Nicolae Golescu, București, România"
MzI1LTI1MzExNTIxMDAtMzMyMzYxNjgzNA,finished,in_app,18.1,4.7,12.8,22.2,0.7,2.0,2026-05-30,22:03:24,"Bulevardul Libertății 22, Bucureşti","Str. Economu Cezărescu 61a, Bucharest, Romania"
MzI1LTI1MzEwOTM3MzgtMzMyMzUxMjY3MA,finished,in_app,18.8,5.8,14.8,23.5,0.6,1.8,2026-05-30,21:21:09,"Strada Răsăritului 6, Militari, Bucureşti","Calea 13 Septembrie 79, Bucureşti"
MzI1LTI1MzEwNjQ1OTAtMzMyMzQ2MDA1Ng,finished,in_app,21.3,4.7,11.2,25.2,1.9,3.5,2026-05-30,21:00:48,"Strada Mehadia 59, Bucureşti","Intrarea Crainicului 5, Militari, Bucureşti"
MzI1LTI1Mjk2NjU0NTAtMzMyMDY0NDc4NA,finished,in_app,36.2,9.4,20.2,28.0,2.0,5.0,2026-05-30,00:52:18,"Strada Vlad Județu 4, Bucureşti 031307","Bulevardul Timișoara 16B, Bucureşti 061421"
MzI1LTI1Mjk2NDE3ODEtMzMyMDU4OTYxNQ,finished,in_app,44.2,6.5,14.2,27.4,1.2,1.8,2026-05-30,00:35:51,"Strada Colței 2, Bucureşti 030246","Strada Șapte Drumuri 18, Titan - Balta Albă, Bucureşti"
MzI1LTI1Mjk2MTAwNTctMzMyMDUyNzI5Mw,finished,in_app,23.1,3.5,6.8,30.4,1.7,4.3,2026-05-30,00:15:58,"AFI Park 2, Afi Palace Cotroceni Mall","Strada Năsăud 95, Bucureşti"
MzI1LTI1Mjk1OTA0MDgtMzMyMDQ4OTE2Mg,finished,in_app,26.6,4.4,10.8,24.4,0.5,2.5,2026-05-30,00:03:57,"Strada Halelor 1, Bucureşti","Strada Economu Cezărescu 47, Bucureşti 060754"
MzI1LTI1Mjk1NTM4ODItMzMyMDQxOTA2OA,finished,cash,35.2,5.4,10.7,30.5,2.5,3.4,2026-05-29,23:41:15,"Șoseaua Ștefan cel Mare 2, Bucureşti 011737","Strada Traian Popovici 130, Bucureşti"
MzI1LTI1Mjk1NDE4MzItMzMyMDM5NzEzMA,finished,business,26.2,1.5,4.6,19.0,0.7,2.8,2026-05-29,23:33:21,"Calea Plevnei 141, Grozăvești, Bucureşti","Strada Petru Rareș 28, Bucureşti"
MzI1LTI1Mjk1MDY0OTUtMzMyMDMzMjEwOQ,finished,in_app,44.9,6.9,14.7,28.3,1.8,2.5,2026-05-29,23:09:31,"Strada Ion Slătineanu 12, Bucureşti 010602","Drumul Taberei 35, Bucureşti"
MzI1LTI1MjkzNTMxNDktMzMyMDA3MzA3MA,finished,in_app,41.5,16.5,25.9,38.0,0.0,0.2,2026-05-29,21:19:08,"Departures Terminal, Bucharest Henri Coanda Airport (OTP)","Strada Ghiocei 27, Bucureşti 020571"
MzI1LTI1MjkzMjgzNDctMzMyMDAyNDMxNg,finished,in_app,44.3,12.9,16.6,46.9,2.5,5.7,2026-05-29,20:59:40,"Blvd. Pipera 168a, 077191","Departures Terminal, Bucharest Henri Coanda Airport (OTP)"
MzI1LTI1MjkyODM2NzUtMzMxOTk0MjU2NQ,finished,cash,44.9,11.1,31.3,21.3,1.7,3.0,2026-05-29,20:28:19,"Princess Club, Strada Sergent Constantin Ghercu 14, Regie, Bucureşti","Str. Erou Nita Pintea 5, Pipera, Voluntari"
MzI1LTI1MjgwNDY2MzMtMzMxNzY2NDI1MA,finished,in_app,28.4,9.1,15.8,34.5,2.3,5.9,2026-05-29,02:45:08,"Strada Șelari 2, Bucureşti","Novum Residence Lacul Morii, Drumul Mânăstirea Văratec 7-11, Bucureşti"
MzI1LTI1MjgwMzg5NDYtMzMxNzY0ODUyMg,finished,in_app,24.9,5.4,13.1,24.9,0.4,0.4,2026-05-29,02:27:36,"Strada Mihail Moxa 16, Bucureşti","Bulevardul Mircea Vodă 39, Nerva Traian, Bucureşti"
MzI1LTI1MjgwMzI3NDYtMzMxNzYzNjUwOA,finished,in_app,21.2,3.7,8.5,26.1,2.2,6.8,2026-05-29,02:15:25,"Manuc's Inn, Old Town","Strada Mihail Moxa 11, Bucureşti 010961"
MzI1LTI1MjgwMjUxMTctMzMxNzYyMDg3OQ,finished,in_app,14.2,3.8,10.3,22.1,1.1,4.5,2026-05-29,02:02:05,"Strada Paul Orleanu 6, Bucureşti","Str. Viorele 95, Bucureşti 040425"
MzI1LTI1MjgwMTA5MjEtMzMxNzU4ODQ1MA,finished,business,21.3,7.7,17.2,27.0,2.2,3.8,2026-05-29,01:37:53,Bulevardul Dimitrie Pompeiu 6E,"Old Town, Manuc's Inn"
MzI1LTI1Mjc5OTIzMjctMzMxNzU0NjA3MQ,finished,cash,29.1,10.4,16.9,37.1,1.1,4.5,2026-05-29,01:12:49,"Strada Doamnei 13, Bucureşti","Jubile CONCEPT, Strada Emil Racoviță 7, Voluntari"
MzI1LTI1Mjc5ODMxNDMtMzMxNzUyNjE5NA,finished,in_app,12.8,4.1,11.0,22.4,1.1,3.3,2026-05-29,01:02:18,"Strada Traian Popovici 128, Bucureşti 031422","Gentlemen's Poker Club, Bulevardul Ion C. Brătianu 29-33, Centrul Istoric, Bucureşti"
MzI1LTI1Mjc5NzYxMDQtMzMxNzUwOTgxNQ,finished,cash,12.8,1.5,3.1,27.8,1.3,2.6,2026-05-29,00:53:48,"Calea Vitan 233, Bucureşti 031294","Calea Vitan 111, Bucureşti 031282"
MzI1LTI1Mjc5NjkzNTQtMzMxNzQ5NDI0OA,finished,cash,14.0,2.2,4.5,28.9,0.8,4.6,2026-05-29,00:45:50,"Bulevardul Camil Ressu 1, Bucureşti","Strada Lăcrămioarei 35-37, Bucureşti 032081"
MzI1LTI1Mjc5NTE0MjUtMzMxNzQ1NjYwMA,finished,cash,22.4,3.9,10.3,23.0,2.9,7.7,2026-05-29,00:27:04,"Bulevardul Unirii 25-27, Bucureşti 040103","Str. Drumul Murgului 10, Bucureşti 031714"
MzI1LTI1Mjc5MjMyNjAtMzMxNzM5NTQyNA,finished,in_app,40.4,6.1,12.9,28.1,1.5,2.9,2026-05-29,00:01:20,"Strada Biserica Amzei 11, Bucureşti","Str. Constantin Manescu 2, Bucureşti 050213"
MzI1LTI1Mjc5MDk1OTMtMzMxNzM2OTQyOA,finished,cash,22.9,1.5,5.0,18.3,2.1,3.4,2026-05-28,23:50:26,"Strada Boișoara 49, Bucureşti 060227","Gara de Nord, Gara de Nord, Bucureşti"
MzI1LTI1Mjc0ODU2ODYtMzMxNjU3NTY5MA,finished,business,37.4,5.5,29.2,11.3,0.6,4.9,2026-05-28,17:58:08,"Strada Doamna Oltea 4, Bucureşti 020231","Strada Iosif Iser 4-8, Bucureşti"
MzI1LTI1Mjc0NTA0ODAtMzMxNjUwODU0NA,finished,in_app,18.1,3.8,17.4,13.1,0.8,4.0,2026-05-28,17:32:55,"Bulevardul Aviatorilor 44, Bucureşti 011863",Bulevardul Lacul Tei 75
MzI1LTI1Mjc0MzkwNDEtMzMxNjQ4NzM5Mw,finished,in_app,14.9,1.9,6.1,19.0,1.0,4.2,2026-05-28,17:24:44,"Bulevardul Primăverii 17, Bucureşti 011972","Consiglieri, Dorobanți, Bucureşti"
MzI1LTI1Mjc0MDc4MTEtMzMxNjQyNzc2Nw,finished,business,14.9,2.0,7.1,17.3,1.9,9.4,2026-05-28,17:02:40,"Strada Ankara 10, Bucureşti 011833","Strada Wolfgang Amadeus Mozart 27, Bucureşti"
MzI1LTI1MjczODA5NTItMzMxNjM3NzEwNA,finished,in_app,22.4,4.6,15.2,18.4,0.6,3.2,2026-05-28,16:44:05,"Bulevardul Timișoara 4A, Bucureşti 061344","TAROM Office Victoriei, Strada Buzești, Bucharest, Romania"
MzI1LTI1MjczNTAyOTktMzMxNjMxODUwOQ,finished,in_app,35.8,4.8,16.9,17.2,1.6,3.0,2026-05-28,16:22:50,"Calea Griviței 188, Bucureşti 010752","Drumul Taberei 4, Drumul Taberei, Bucureşti"
MzI1LTI1MjczMTI0MTMtMzMxNjI0ODI3NA,finished,cash,25.1,4.6,19.8,14.0,1.5,5.5,2026-05-28,15:56:20,"Strada Toamnei 101, Bucureşti 020704","Gara de Nord, Gara de Nord, Bucureşti"
MzI1LTI1MjcyNjAyNTgtMzMxNjE1NDUxMw,finished,in_app,23.6,4.8,23.3,12.2,1.2,3.5,2026-05-28,15:20:08,"Penny, Bulevardul Pipera 2, Voluntari, România","Strada Doamna Ghica 22, București, România"
MzI1LTI1MjcxOTc1MjEtMzMxNjA0NTcxOA,finished,in_app,26.9,9.3,23.2,24.1,0.4,3.4,2026-05-28,14:35:06,"Gogoașa Muntenească, București, România","Strada Erou Chivu Dumitru 17, Voluntari 077190"
MzI1LTI1MjcxNDIwMDAtMzMxNTk0OTk3MA,finished,business,17.9,5.0,18.9,15.9,0.6,1.7,2026-05-28,13:54:10,"Strada Aviator Jean Texier 4, Bucureşti","Șoseaua Fabrica de Glucoză 21, Bucureşti 020331"
MzI1LTI1MjcxMjEyODYtMzMxNTkxNDY4Mw,finished,in_app,26.9,5.8,15.0,23.3,0.7,1.1,2026-05-28,13:38:50,Strada George Vâlsan 65,"Bulevardul Primăverii 16, Primăverii, Bucureşti"
MzI1LTI1MjY1MTA2NjMtMzMxNDgzNjUwNg,finished,cash,18.1,5.8,12.3,28.1,2.3,4.7,2026-05-28,01:01:29,"Strada Poștașului 24, Bucureşti","Aleea Hobița 4, Bucureşti"
MzI1LTI1MjY0OTMyMTYtMzMxNDc5NDkyMA,finished,in_app,33.7,8.1,17.3,28.2,1.6,4.8,2026-05-28,00:37:50,"Strada Poliției 3A, Bucureşti","Aleea Ion Agârbiceanu 3-11, Bucureşti"
MzI1LTI1MjY0ODI5NDAtMzMxNDc3NTQ0Mw,finished,business,18.2,1.6,7.2,13.5,0.2,0.5,2026-05-28,00:27:06,Piața Unirii 1,"Centrul Medical MEMORMED, Strada George Georgescu 54, Centrul Civic, Bucureşti"
MzI1LTI1MjY0MzkwMzQtMzMxNDY3MjE5MQ,finished,business,44.5,16.2,31.6,30.7,1.7,4.2,2026-05-27,23:38:10,"Veranda Mall, Intrare Principala","Strada Nicolae Drăganu 5A, Sectorul 5, Bucureşti"
MzI1LTI1MjY0MjM5NTUtMzMxNDY0MTg5NA,finished,cash,30.3,6.0,10.8,33.1,4.5,6.6,2026-05-27,23:22:18,"Strada Lăculeț 1, Bucureşti","Șoseaua Colentina 49, Colentina, Bucureşti"
MzI1LTI1MjYzOTU3ODItMzMxNDU4MzQxNw,finished,in_app,30.7,8.9,17.4,30.8,1.1,2.2,2026-05-27,22:53:20,"Calea Floreasca 133, Bucureşti 014456","Calea Giulești 483, București"
MzI1LTI1MjYzNjU3NTItMzMxNDUzOTkzOA,finished,business,25.0,7.8,11.3,41.7,0.8,1.1,2026-05-27,22:30:42,Strada Erou Iancu Nicolae 67A,"Strada Nada Florilor 6, Tei, Bucureşti"
MzI1LTI1MjYzNTczNzAtMzMxNDUwNzQ1OQ,finished,in_app,41.2,12.2,15.4,47.3,1.6,4.1,2026-05-27,22:14:11,"Calea Crângași 29, Bucureşti 060312","Strada Erou Iancu Nicolae 124, Voluntari 077190"
MzI1LTI1MjYxNTk3MjItMzMxNDEyODY3OQ,finished,in_app,13.6,3.5,8.6,24.5,1.0,2.7,2026-05-27,19:18:32,"Aleea Țibleș 44, Bucureşti 060233","B-dul. Iancu De Hunedoara 2, Bucureşti 011741"
MzI1LTI1MjUwOTk1NzYtMzMxMjE5MzQxMw,finished,cash,20.8,3.9,10.2,23.2,1.8,1.6,2026-05-27,02:43:49,"Strada Halelor 17, Bucureşti 030106","Intrarea Frumoasă 6, Sector 1, Bucureşti"
MzI1LTI1MjUwODg1OTYtMzMxMjE3MzgxOA,finished,in_app,17.2,3.3,9.7,20.8,2.5,5.5,2026-05-27,02:10:24,"Strada Bărăției 33, Bucureşti 030167","Strada Baba Novac 2, Bucureşti 031627"
MzI1LTI1MjUwODAxMDctMzMxMjE1NzY1MQ,finished,business,24.7,7.1,14.2,30.3,3.3,6.1,2026-05-27,01:49:09,"Piața Charles de Gaulle 15, Bucureşti 011857","Strada Vlad Dracul 13, Bucureşti"
MzI1LTI1MjUwNzAyODgtMzMxMjEzNzAwMA,finished,in_app,26.9,9.2,16.4,33.8,1.7,2.6,2026-05-27,01:26:04,"Bulevardul Decebal 14, Bucureşti 030967","Pullman Hotel, Romexpo Arena"
MzI1LTI1MjUwNDc4NTctMzMxMjA4OTI1MQ,finished,cash,32.5,12.3,25.9,28.4,2.6,5.6,2026-05-27,00:45:24,"Intrare Calea Piscului, Parcul Tineretului","Str. Culesului 62, Bucureşti 032964"
MzI1LTI1MjUwMzg1MjMtMzMxMjA2OTA2Mw,finished,in_app,12.8,2.6,6.5,24.4,1.3,4.0,2026-05-27,00:30:53,"Strada Liviu Rebreanu 7, Bucureşti 031772","Biserica Râul Vieții, Aleea Gura Câlnăului 12-22, Vitan, Bucureşti"
MzI1LTI1MjUwMjM2NTktMzMxMjAzNTIxMA,finished,business,27.7,6.6,11.5,34.3,1.2,2.6,2026-05-27,00:11:00,"Strada Aurel Vlaicu 20, Bucureşti 020096","Strada Liviu Rebreanu 1, Bucureşti"
MzI1LTI1MjUwMTY1ODAtMzMxMjAyNTMzOA,finished,business,22.4,3.2,6.3,30.4,1.1,2.5,2026-05-27,00:05:40,"Strada Ermil Pangratti 30A, Bucureşti 011884","Intrarea Legendei 3, Sector 2, Bucureşti"
MzI1LTI1MjUwMDU4MjYtMzMxMTk5Njc2Nw,finished,in_app,23.6,9.4,12.0,46.7,1.7,3.0,2026-05-26,23:49:53,"Piața Sudului Entrance, Sun Plaza Mall","Str. Emanoil Porumbaru 31, Bucharest"
MzI1LTI1MjQ5NzkxMDgtMzMxMTk0Mzg2NQ,finished,business,48.4,10.5,20.0,31.6,2.4,4.0,2026-05-26,23:18:28,"B-dul. Pache Protopopescu 105, Bucureşti 021409",Strada Biruinței 71B
MzI1LTI1MjQ3OTE2NDktMzMxMTU5MjE3Nw,finished,in_app,22.1,6.6,14.4,27.3,0.8,0.2,2026-05-26,20:04:47,"Calea Crângași 12, Bucureşti 060337","Bulevardul Lacul Tei 118A, Bucureşti 020395"
MzI1LTI1MjM2NDAzNjAtMzMwOTQ0NDY0MQ,finished,cash,17.6,5.1,13.0,23.7,4.2,7.0,2026-05-25,23:35:07,"Galaxy Entrance, Afi Palace Cotroceni Mall","Strada Porumbacu 72, Crângași, Bucureşti"
MzI1LTI1MjM2MjQ1NDEtMzMwOTQwOTkwMQ,finished,in_app,27.4,2.8,7.8,21.7,1.6,4.8,2026-05-25,23:13:18,"Manuc's Inn, Old Town","Autogara Filaret, Piața Gara Filaret 1, Бухарест"
MzI1LTI1MjM2MDgwNzItMzMwOTM3NTE4Mg,finished,in_app,32.2,4.8,9.8,29.6,0.7,4.6,2026-05-25,22:53:10,"Strada Mămulari 2, Bucureşti 030772","Strada Istriei 18, Titan - Balta Albă, Bucureşti"
MzI1LTI1MjM1NzQxMTQtMzMwOTMxMzkyNw,finished,in_app,59.9,22.0,28.3,46.6,4.9,6.3,2026-05-25,22:16:58,"Therme Bucharest, Therme Bucharest","Strada Radu Calomfirescu 5, Centrul Istoric, Bucureşti"
MzI1LTI1MjM1MzUxOTgtMzMwOTIyNjc4MA,finished,in_app,89.9,27.3,35.3,46.5,1.8,8.3,2026-05-25,21:27:08,"Entrance - South, Romanian Athenaeum","Strada Toamnei 21, Ostratu, Romania"
MzI1LTI1MjM1MTgxNjQtMzMwOTE5NDY1Nw,finished,in_app,15.5,4.7,13.8,20.6,1.4,2.8,2026-05-25,21:07:41,"Strada Sergent Ion Nuțu 15, Bucureşti","Strada Domnița Anastasia 15, Sector 5, Bucureşti"
MzI1LTI1MjM1MTE2NzYtMzMwOTE4MjgzMw,finished,in_app,12.8,1.9,4.4,26.2,1.2,0.9,2026-05-25,21:00:38,"Regie Bridge, Politehnica University of Bucharest","Bulevardul General Paul Teodorescu 4, Bucureşti 061346"
MzI1LTI1MjM0ODc5NDctMzMwOTE0MDMyNg,finished,cash,19.0,5.9,11.1,31.7,1.7,3.9,2026-05-25,20:34:02,"Strada Ionița Cegan 3, Bucureşti","Strada Orșova 85, Militari, Bucureşti"
MzI1LTI1MjM0NTA3OTktMzMwOTA3MTA3Mg,finished,in_app,38.2,15.0,31.0,29.1,0.0,0.2,2026-05-25,19:55:42,"Entrance, Bucharest Baneasa Airport (BBU)","Strada Sublocotenent Popa 10, Bucharest"
MzI1LTI1MjM0MTA5NjEtMzMwOTAwNzYwMg,finished,in_app,37.4,12.4,34.2,21.8,1.1,2.8,2026-05-25,19:22:20,"Bulevardul Râmnicu Sărat 25, Vitan, Bucureşti","Entrance, Bucharest Baneasa Airport (BBU)"
MzI1LTI1MjMzNzgzNzgtMzMwODkzNjcyMQ,finished,in_app,47.9,9.6,27.4,21.1,1.6,4.2,2026-05-25,18:48:46,"IDM Basarab, Șoseaua Orhideelor 31-33, Sectorul 1, Bucureşti","Rin Grand Residence, Șoseaua Vitan-Bârzești 7D, Vitan, Bucureşti"
MzI1LTI1MjE5NTc4MDEtMzMwNjEyNzgxMA,finished,in_app,26.4,6.0,11.3,32.0,1.3,5.7,2026-05-24,18:43:24,"Bulevardul Constantin Brâncoveanu 118, Bucureşti 041455","Sos. Mihai Bravu 384, Bucureşti 030324"
MzI1LTI1MjExNTE0ODktMzMwNDUwMTYzNQ,finished,in_app,17.3,2.7,5.7,28.7,1.9,3.0,2026-05-24,04:07:27,"Șoseaua Grozăvești 84, Bucureşti","Shaormeria Băneasa, Crângași, Bucureşti"
MzI1LTI1MjExMzc3OTYtMzMwNDQ2NjM4NQ,finished,in_app,31.5,7.7,13.0,35.4,0.5,1.6,2026-05-24,03:55:48,"Roa by zrx, Alee Principală Herăstrău, București","Bulevardul Iuliu Maniu 6R, Bucureşti 061103"
MzI1LTI1MjEwNzE4ODAtMzMwNDMwMTE1NQ,finished,in_app,48.7,16.8,18.5,54.6,1.6,3.0,2026-05-24,03:07:01,"Strada Mihai Eminescu 190, Bucureşti","Departures Terminal, Bucharest Henri Coanda Airport (OTP)"
MzI1LTI1MjEwNTkwMDAtMzMwNDI2MDUxMw,finished,in_app,17.6,3.3,7.3,27.1,1.3,3.9,2026-05-24,02:56:11,"Calea Victoriei 145, Bucureşti 010449","Socului Kebap Obor, Șoseaua Ștefan cel Mare, București, România"
MzI1LTI1MjEwMzg5NjktMzMwNDIwNzc5Mg,finished,in_app,21.7,6.6,12.7,31.0,0.4,0.1,2026-05-24,02:42:27,"Strada Doctor Constantin Istrati 1, Bucureşti 040542","MyContinental Bucuresti Gara de Nord, Calea Griviței, Bucarest, Roumanie"
MzI1LTI1MjA5NzM1NTAtMzMwNDA0NTE0MQ,finished,in_app,16.5,2.0,5.8,21.1,1.1,1.2,2026-05-24,02:02:57,"Strada Panait Cerna 9, Bucureşti","Platforma Wolff, Strada Doctor Constantin Istrati 1, Sectorul 4, Bucureşti"
MzI1LTI1MjA5NTIzMzgtMzMwMzk5NjgyNw,finished,cash,22.1,3.6,8.2,26.2,0.5,0.6,2026-05-24,01:50:32,"Șoseaua Ștefan cel Mare 240, Bucureşti 020165","Amira Zair Rochii de Mireasă - Elegance Ama, Bulevardul Unirii, Bucharest, Romania"
MzI1LTI1MjA5MjI0MTUtMzMwMzkyODQyNw,finished,in_app,21.0,3.0,7.4,24.4,1.5,8.2,2026-05-24,01:32:51,"Strada Plantelor 1, Bucureşti 023971","Aleea Luncșoara 2E, Bucureşti 021234"
MzI1LTI1MjA4NzAxMTctMzMwMzgwOTIwOA,finished,in_app,34.4,2.6,9.6,16.2,3.0,15.9,2026-05-24,01:06:01,"Bulevardul Pache Protopopescu 105, Bucureşti 021409","Hilton Garden Inn, Old Town"
MzI1LTI1MjA4MjQ2NzgtMzMwMzY5NzcyMw,finished,cash,33.9,3.9,14.3,16.3,4.2,9.8,2026-05-24,00:42:50,"Șoseaua Iancului 53, Bucureşti 021719","Hilton Garden Inn, Old Town"
MzI1LTI1MjA3Nzk2NTUtMzMwMzYwMDAxMg,finished,in_app,32.9,2.6,9.7,16.2,1.8,3.4,2026-05-24,00:23:43,"Strada Theodor D. Speranția 104, Bucureşti","Piața Unirii 1, Bucureşti 030119"
MzI1LTI1MjA3NDYwNzMtMzMwMzUzMDA5Ng,finished,in_app,34.4,3.4,9.2,22.5,1.8,8.7,2026-05-24,00:09:53,"Gradina Olari, Strada Olari 8, Sector 2, Bucureşti","Bloc 1, Intrarea Simbolului 11, Bucharest, Romania"
MzI1LTI1MjA2OTc4NzMtMzMwMzQxODE3Mw,finished,cash,23.3,6.8,19.3,21.2,0.9,2.0,2026-05-23,23:46:59,"Strada Țânganului 26, Bucureşti","Hilton Garden Inn, Centrul Vechi"
MzI1LTI1MjA2Njk5MzEtMzMwMzM1Njc0OA,finished,in_app,33.7,4.5,9.8,27.5,0.6,2.0,2026-05-23,23:33:11,"Eroilor, Sectorul 5, București","Strada Constantin Titel Petrescu 3, Bucureşti"
MzI1LTI1MjA2MTI3NzAtMzMwMzIzODQwMA,finished,business,23.9,7.4,24.3,18.2,0.4,1.4,2026-05-23,23:04:10,Strada Vlad Județul 2,"Universitatea Artifex din București, Strada Economu Cezărescu 47, București, România"
MzI1LTI1MjA1Nzk5MjAtMzMwMzE3MTQxNA,finished,cash,23.5,6.5,15.3,25.4,1.0,2.2,2026-05-23,22:46:50,"Strada Ziduri Între Vii 19, Bucureşti","Intrare Calea Vitan, București Mall"
MzI1LTI1MjA1NTA5NzUtMzMwMzExMTUxNA,finished,cash,36.2,6.7,11.9,33.7,0.9,1.8,2026-05-23,22:30:25,"Strada Fizicienilor 9, Bucureşti 032062","Strada Popa Nicolae 5, Bucureşti"
MzI1LTI1MjA0ODc3NjktMzMwMjk3NzIzNQ,finished,in_app,38.7,13.8,30.9,26.8,0.6,3.3,2026-05-23,21:54:25,"Strada Valea Cascadelor 2, Bucureşti","Strada Schitului 9, Bucureşti 032041"
MzI1LTI1MjA0NTU1MjAtMzMwMjkxMTY3OQ,finished,cash,23.0,6.7,15.8,25.5,0.6,1.0,2026-05-23,21:34:44,"Calea Giulești 52, Bucureşti 060282","Kaufland, Strada Valea Cascadelor 3, Militari, Bucureşti"
MzI1LTI1MTkxMDIyMDctMzMwMDI5NDI3NA,finished,cash,48.1,7.1,10.3,41.3,0.5,1.6,2026-05-23,02:23:29,"Strada Șelari 2, Bucureşti","Șoseaua Virtuții 1A, Bucureşti 060781"
MzI1LTI1MTkwODEyMDEtMzMwMDI1MTg3OQ,finished,in_app,12.8,2.4,6.8,21.1,0.6,1.5,2026-05-23,02:05:48,"Strada Moldovița 21, Bucureşti 041813","Strada Râul Mara 15, Bucureşti 041651"
MzI1LTI1MTkwNDc4NTAtMzMwMDE4ODA2OA,finished,cash,20.3,5.9,14.4,24.5,0.3,1.1,2026-05-23,01:40:00,"Strada Turnu Măgurele 270B, Bucureşti 041713","Strada Moldovița 16, Bucureşti"
MzI1LTI1MTkwMDU2NzktMzMwMDEwMzc3Mw,finished,cash,39.9,12.9,21.9,35.4,4.7,6.5,2026-05-23,01:09:41,"Șoseaua Nordului 7, Bucureşti 014101","Strada Turnu Măgurele 19, Berceni, Bucureşti"
MzI1LTI1MTg5NzY4MjgtMzMwMDA0Nzk4NQ,finished,in_app,39.7,11.0,18.7,35.2,1.5,2.1,2026-05-23,00:51:11,"Bulevardul Unirii 25, Bucureşti 040103","Bd. Pipera 1D, Voluntari 077190"
MzI1LTI1MTg5NDY0MjItMzI5OTk4ODg2NQ,finished,in_app,18.4,4.5,11.3,23.9,0.1,0.6,2026-05-23,00:30:40,"Regina Elisabeta Boulevard, University Square, Ghica","Strada Costache Stamate 2, Bucureşti 041206"
MzI1LTI1MTg5MDUxODYtMzI5OTkxMTcyMw,finished,in_app,50.2,11.0,21.8,30.4,3.2,5.7,2026-05-23,00:04:32,"Entrance, Bucharest Baneasa Airport (BBU)","Strada Academiei 4-6, Бухарест, Румыния"
MzI1LTI1MTg4NzE2OTItMzI5OTg1MDc0NQ,finished,in_app,21.2,6.3,13.4,27.9,2.0,4.3,2026-05-22,23:42:39,"Bulevardul Lacul Tei 115, Bucureşti 020381","Iris Ballroom, Bulevardul Poligrafiei, București, România"
MzI1LTI1MTg4NDE3NDctMzI5OTc5NjAyOQ,finished,in_app,26.3,5.9,17.3,20.6,0.5,0.8,2026-05-22,23:22:53,"Calea Griviței 183, Bucureşti 010709","Șoseaua Colentina 12, Bucureşti 021175"
MzI1LTI1MTg4MzA4OTEtMzI5OTc3NDU5NQ,finished,in_app,13.0,4.4,11.1,23.8,0.7,2.0,2026-05-22,23:15:11,"Strada Titus 13, Bucureşti 040166","Str. Gara De Nord 2, Bucureşti 00"
MzI1LTI1MTg4MTM2MTYtMzI5OTc0MzY0Mw,finished,cash,12.8,2.9,6.0,29.3,1.2,3.2,2026-05-22,23:04:03,"Strada Dumbrava Nouă 35, Bucureşti","Intrarea Călțuna 5, Bucureşti 040545"
MzI1LTI1MTg3NTUxNTMtMzI5OTY0MTI5MA,finished,cash,38.5,12.9,28.0,27.8,1.3,1.5,2026-05-22,22:22:46,"Iesire Principala, Parcul Titan - Sud","Str. Valea Timisului 150E, Bucureşti 051497"
MzI1LTI1MTg3MzY0NjgtMzI5OTYwOTE0NQ,finished,in_app,18.1,4.2,10.4,24.0,0.8,2.4,2026-05-22,22:09:30,Wellness Club,"Nr 64 Bl. 34A, Strada Câmpia Libertății, București, România"
MzI1LTI1MTg3MDk2NjMtMzI5OTU2NDM5Mg,finished,in_app,20.9,3.8,9.8,23.2,1.8,5.3,2026-05-22,21:51:08,"Bloc 3, Strada Logofătul Dan 35, București","Șoseaua Pantelimon 91, Bucureşti"
MzI1LTI1MTg2NzU2ODUtMzI5OTUwMzY5Mg,finished,in_app,29.9,12.1,26.1,27.9,2.9,3.5,2026-05-22,21:26:05,"Strada Aviator Popișteanu 43, Bucureşti","Aleea Dobrina 8, Pantelimon, Bucureşti"
MzI1LTI1MTg2NDY3MDItMzI5OTQ1MzU4Mw,finished,cash,12.8,1.4,5.2,16.6,2.3,5.0,2026-05-22,21:05:57,"Strada Crinului 108, Chitila, Bucureşti","Bulevardul Bucureștii Noi 76, Bucureștii Noi, Bucureşti"
MzI1LTI1MTg2MTYzNTYtMzI5OTM5OTI0OA,finished,in_app,21.7,6.8,15.4,26.3,1.3,5.3,2026-05-22,20:44:33,"Iesire Strada Maior Ștefan Sănătescu, Spitalul Universitar de Urgență Elias","Strada Plutașilor 54, Bucureşti"
MzI1LTI1MTg1OTE5NzctMzI5OTM1NjYzNw,finished,in_app,14.0,2.5,6.2,24.5,0.7,5.1,2026-05-22,20:28:09,"Bulevardul Ion Mihalache 11, Bucureşti 011171","Intrarea Cașului 32, București, România"
MzI1LTI1MTg1NzA5MTctMzI5OTMxODA0OA,finished,cash,41.2,3.4,11.5,17.6,1.1,3.0,2026-05-22,20:14:28,"Aleea Țibleș 64, Regie, Bucureşti","Strada Veronica Micle 5, Gara de Nord, Bucureşti"
MzI1LTI1MTcyMDIzMDMtMzI5Njg0OTgzNg,finished,business,14.9,3.4,10.9,18.6,1.6,3.8,2026-05-21,22:46:48,"Strada George Enescu 42, Bucureşti 010308","Strada Postelnicul Stroe 11, Floreasca, Bucureşti"
MzI1LTI1MTcxOTc3NzEtMzI5Njg0MDk5Ng,finished,cash,17.9,1.2,3.9,18.7,0.6,0.8,2026-05-21,22:42:14,"Strada Matei Millo 7, Bucureşti 010144","Radisson Blu, Radisson Blu Hotel Bucharest"
MzI1LTI1MTcxNzk4MTYtMzI5NjgxNDk3NA,finished,in_app,12.8,3.4,11.3,18.2,1.1,0.9,2026-05-21,22:28:51,"Strada Sabinelor 125, Bucureşti","Negroni Aperitivo Bar, Strada Matei Millo 5, Sector 1, Bucureşti"
MzI1LTI1MTcxNTQzMTQtMzI5Njc1NTUxMA,finished,in_app,22.3,8.4,17.8,28.3,0.7,3.8,2026-05-21,22:00:30,"Calea Călărașilor 177, Bucureşti 030616","Strada Pucheni 3, Bucureşti 051221"
MzI1LTI1MTcxMzIwNDAtMzI5NjcxMzg5MA,finished,cash,17.6,6.2,14.8,25.3,0.9,2.7,2026-05-21,21:38:44,"Șoseaua Giurgiului 124A, Bucureşti 040678","Strada Valeriu Braniște 53, Bucureşti"
MzI1LTI1MTcxMjU0NjQtMzI5NjcwMTk3MA,finished,cash,12.8,1.6,4.6,20.7,0.8,2.6,2026-05-21,21:32:12,"Strada Amara 5, Bucureşti 040793","Strada Constantin Pavel 26, Bucureşti 052556"
MzI1LTI1MTcxMDYzMjYtMzI5NjY2ODQyMA,finished,cash,16.4,6.8,13.7,29.8,1.0,4.1,2026-05-21,21:13:31,"Bulevardul Unirii 27, Bucureşti 040103","Drumul Găzarului 38, Bucureşti 040826"
MzI1LTI1MTcwOTkwMjctMzI5NjY1NTg0OA,finished,in_app,12.8,2.5,5.4,28.0,0.4,1.3,2026-05-21,21:06:50,"Strada Vișana 3, Bucureşti 040391","Manuc's Inn, Old Town"
MzI1LTI1MTcwODM4ODEtMzI5NjYzMDE4OA,finished,in_app,12.8,4.6,12.1,22.9,0.0,0.4,2026-05-21,20:53:11,"Strada Mihail Cioranu 4, Bucureşti","Shaormerie & Grill Tineretului, Strada Constantin Rădulescu Motru 17, Tineretului, Bucureşti"
MzI1LTI1MTcwNjAwMTgtMzI5NjU4OTAyNg,finished,cash,24.6,5.1,15.8,19.2,0.9,3.6,2026-05-21,20:30:33,"Strada Hatmanul Arbore 21, Bucureşti 011601","Strada Mihail Cioranu 8, Bucureşti 050901"
MzI1LTI1MTcwNTA0OTYtMzI5NjU3MjgyNA,finished,in_app,12.8,1.4,5.2,16.3,1.0,2.5,2026-05-21,20:21:52,"Strada Dumitrache Banul 2, Bucureşti 023765","Secția 6, Sector 2, Bucureşti"
MzI1LTI1MTcwMzczMzQtMzI5NjU1MDUwNQ,finished,in_app,14.7,4.8,11.4,25.3,1.5,2.9,2026-05-21,20:10:38,"Main Entrance, Mega Mall","Again Pizza & Burgers, Bulevardul Ghica Tei, Bucharest, Romania"
MzI1LTI1MTcwMDM5ODAtMzI5NjQ5MDc0Ng,finished,cash,37.2,8.7,21.3,24.5,0.2,0.9,2026-05-21,19:42:01,"Intrare Dinicu Golescu, Gara de Nord","Strada Ritmului 21, Bucureşti 021675"
MzI1LTI1MTY5OTA1NjMtMzI5NjQ2Njg2Mw,finished,cash,15.1,3.4,9.1,22.4,1.4,4.1,2026-05-21,19:31:23,"Strada Băniei 3, Bucureşti 030185","Gara de Nord, Gara de Nord, Bucureşti"
MzI1LTI1MTY5Nzc0NDAtMzI5NjQ0MzY3Mw,finished,in_app,14.1,2.5,9.0,16.6,0.6,1.4,2026-05-21,19:20:56,"Strada Căpitan Gheorghe Preoțescu 21, Bucureşti","Calea Calarasilor 81, Bucharest 030612"
MzI1LTI1MTY5NDg3OTQtMzI5NjM5NDEzMA,finished,in_app,30.6,6.0,20.3,17.9,0.6,1.9,2026-05-21,18:59:00,"Bulevardul Timișoara 14A, Bucureşti 061329","T5 Social, Strada Olimpului 13, Centrul Civic, Bucureşti"
MzI1LTI1MTY5MzU0OTEtMzI5NjM3MDg1MQ,finished,in_app,25.6,4.7,10.0,28.0,0.4,1.0,2026-05-21,18:48:43,"Strada Ceahlăul 20, Bucureşti 060382","Bulevardul Timișoara 35, Drumul Taberei, Bucureşti"
MzI1LTI1MTU4NDcwODctMzI5NDQ1NjM2NA,finished,cash,14.9,5.8,15.0,23.1,2.0,4.0,2026-05-21,00:03:02,"Strada Țarcului 60, Bucureşti","Str. Spineni 12, Bucureşti 040267"
MzI1LTI1MTU4MTM5MzUtMzI5NDM4NjM0NQ,finished,cash,40.4,17.1,27.5,37.4,2.2,2.9,2026-05-20,23:24:54,"Șoseaua Banatului 3A, Chitila","Strada Toporași 1-7, Giurgiului, Bucureşti"
MzI1LTI1MTU4MDMwNTQtMzI5NDM2MTkyMw,finished,cash,12.8,2.2,5.8,23.0,0.5,1.9,2026-05-20,23:11:21,"Strada Lăutei 11, Bucureşti","Strada Căpitan Radu Dragoș 2, Bucureşti"
MzI1LTI1MTU3ODQ4NzctMzI5NDMyNDkzMQ,finished,cash,31.6,12.3,19.5,37.9,1.5,3.4,2026-05-20,22:51:52,"Academy House, Palace of Parliament, Bucharest","Strada Razelor 46A, Bucureşti"
MzI1LTI1MTU3Njg1MjAtMzI5NDI5NDkzNg,finished,cash,15.3,3.7,7.4,29.7,2.1,3.3,2026-05-20,22:34:32,"Bulevardul Iuliu Maniu 7, Bucureşti 061072","Calea Rahovei 330, Bucureşti 050914"
MzI1LTI1MTU3NTI1MDYtMzI5NDI2NDA3NA,finished,in_app,22.0,5.3,14.0,22.9,1.6,4.4,2026-05-20,22:16:31,"Strada Ion Câmpineanu 21, Sector 1, Bucureşti","Bloc E2, Intrarea Drumul Taberei 6, Drumul Taberei, Bucureşti"
MzI1LTI1MTU3MTg3NzUtMzI5NDIwMjcwNw,finished,cash,12.8,2.3,6.4,21.9,0.9,4.7,2026-05-20,21:42:16,"Aleea Podul Giurgiului 1, Bucureşti 050362","Strada Coștila 10, Bucureşti 040935"
MzI1LTI1MTU2OTg2NjYtMzI5NDE2Njg5Ng,finished,in_app,24.0,7.9,15.0,31.4,5.7,7.7,2026-05-20,21:20:58,"Strada Gării 161, 077120","Strada Ghimpați 17, Bucureşti 040751"
MzI1LTI1MTU2OTA2MTEtMzI5NDE1MjQ3OA,finished,cash,12.8,1.4,4.4,19.3,0.9,2.8,2026-05-20,21:12:35,"Strada Anghel Moldoveanu 59A, Sectorul 4, Bucureşti","Rujan Vet - Cabinet veterinar non-stop Sector 4, Farmacie, Strada Luica, București, România"
MzI1LTI1MTU2NTA5OTEtMzI5NDA4NjE5Mg,finished,in_app,33.6,11.3,29.7,22.9,0.6,3.0,2026-05-20,20:33:35,"Strada Ștefan Negulescu 40, Bucureşti 011654","Strada Odei 82, Bucureşti"
MzI1LTI1MTU2MjgwNTQtMzI5NDA0NzU4MA,finished,cash,24.8,8.4,18.4,27.4,1.2,4.4,2026-05-20,20:11:07,"Strada Mureșana 4, Bucureşti","Calea Floreasca 91-111, Bucharest, Romania"
MzI1LTI1MTU1OTEyODUtMzI5Mzk4NTI0OQ,finished,cash,15.8,5.0,16.8,18.0,0.4,1.9,2026-05-20,19:38:24,"Strada Elena Cuza 8, Bucureşti 040331","Strada Fizicienilor 3, Bucureşti 032061"
MzI1LTI1MTU1Nzc1OTItMzI5Mzk2MTg1MA,finished,in_app,12.8,3.7,11.7,19.1,0.4,0.3,2026-05-20,19:26:28,"Strada Malcoci 2, Bucureşti 051923","Iron Will HEMA Academy, Piața Bucur, Bucharest, Romania"
MzI1LTI1MTU1NDgwNTEtMzI5MzkwOTg4MA,finished,in_app,18.4,5.9,18.7,18.8,1.0,2.0,2026-05-20,19:02:04,"Strada Zării 6, Bucureşti","Strada Pucheni 42, Rahova, Bucureşti"
MzI1LTI1MTU1MjU4NTctMzI5Mzg3MjcwMg,finished,in_app,12.9,3.0,14.7,12.2,0.3,2.9,2026-05-20,18:44:36,"Bulevardul General Gheorghe Magheru 9, Bucureşti","Beat Bar Umanist, Calea Plevnei 137A, Sector 6, Bucureşti"
MzI1LTI1MTU0OTI1NzAtMzI5MzgxMjE4NQ,finished,cash,26.8,4.7,14.1,20.1,3.3,8.9,2026-05-20,18:18:31,"Splaiul Independenței 313A, Bucureşti 060042","dm drogerie markt, Strada D. I. Mendeleev, București, România"
MzI1LTI1MTQ0NjQ1MDQtMzI5MjAyMTIyNA,finished,cash,21.8,4.8,12.3,23.5,3.6,5.4,2026-05-19,23:35:56,"Strada Bibescu Vodă 1, Bucureşti 040151","Bloc 29, Intrarea Reconstrucției, Sector 3, Bucharest, Romania"
MzI1LTI1MTQ0NDA2NjctMzI5MTk3MjkwMg,finished,in_app,41.2,10.4,18.0,34.9,2.2,4.6,2026-05-19,23:06:44,"Rekolta, Calea Floreasca 102, Floreasca, Bucureşti","Drumul Găzarului Bl. 50, Bucureşti"
MzI1LTI1MTQ0MjM4MDgtMzI5MTkzODExNQ,finished,cash,14.0,3.7,11.6,19.0,0.8,2.4,2026-05-19,22:46:44,"Strada Matei Voievod 77, Bucureşti 021452","Str. Dumbrava Rosie 16, Bucureşti"
MzI1LTI1MTQ0MTY2OTgtMzI5MTkyNDM4Mw,finished,cash,13.1,4.3,10.8,23.6,0.9,2.4,2026-05-19,22:38:29,"Bulevardul George Coșbuc 83-85, Bucureşti","Strada Țepeș Vodă 82, Sector 2, Bucureşti"
MzI1LTI1MTQzOTg4NjEtMzI5MTg5MDU0MQ,finished,in_app,19.9,5.5,11.8,28.1,1.9,5.2,2026-05-19,22:18:22,"Strada Ion Ghica 1, Bucureşti 030044","Str. Cap. Preda 2, Bucureşti 051967"
MzI1LTI1MTQzNzMzOTUtMzI5MTgzNzgzNw,finished,cash,13.4,4.8,10.6,27.3,1.6,2.7,2026-05-19,21:50:49,"Strada Dristorului 89, Bucureşti","Strada Secuilor 6, Bucureşti 041514"
MzI1LTI1MTQzNjEyMjItMzI5MTgxNTY2Ng,finished,cash,14.1,2.1,6.3,20.1,0.1,0.4,2026-05-19,21:36:58,"Bulevardul Camil Ressu 41, Bucureşti 031743","Strada Burdujeni 3A, Bucureşti 032726"
MzI1LTI1MTQzNTE2OTMtMzI5MTc5ODcwNg,finished,in_app,14.1,2.1,7.0,18.3,0.5,1.2,2026-05-19,21:26:28,"Paul Entrance, Park Lake Mall","Aleea Fizicienilor 11, Bucureşti 032111"
MzI1LTI1MTQyOTY2NzYtMzI5MTY5OTU1MQ,finished,cash,17.9,6.3,12.4,30.7,0.7,1.9,2026-05-19,20:28:30,"Șoseaua Berceni 27, Bucureşti","Earth Globe - Kinetic art object, București, România"
MzI1LTI1MTQyNjg3MTgtMzI5MTY0NzkzMQ,finished,cash,24.4,7.4,21.5,20.5,1.7,2.9,2026-05-19,20:01:21,"Strada Ionel Perlea 6, Bucureşti","Str. Stanjeneilor 4, Bucureşti 041953"
MzI1LTI1MTQyNDU5NTgtMzI5MTYwODY4Mw,finished,in_app,23.3,5.9,14.8,23.8,2.1,4.0,2026-05-19,19:39:53,"Splaiul Independenței 202K, Bucureşti 060021","Rome Square / Lipscani Street, Old Town"
MzI1LTI1MTQyMDQzMTEtMzI5MTUzMzI3NQ,finished,cash,24.7,8.3,27.9,17.9,0.9,3.7,2026-05-19,19:02:47,"Șoseaua Iancului 57, Bucureşti","Șoseaua Orhideelor 12B, Grozăvești, Bucureşti"
MzI1LTI1MTQxNjY1MzMtMzI5MTQ2NDkyNw,finished,in_app,28.9,7.3,23.8,18.4,0.8,2.5,2026-05-19,18:31:20,"Strada Mihail Moxa 12, Bucureşti","Aleea Dobrina 8, Bucharest 022252"
MzI1LTI1MTQxNTQxMTUtMzI5MTQ0MTcwMw,finished,in_app,15.2,3.7,10.6,20.7,0.7,2.4,2026-05-19,18:20:52,"Calea Crângași 36, Bucureşti 060342","Calea Griviței 91, Sector 1, Bucureşti"
MzI1LTI1MTMyMTA5ODgtMzI4OTgxMzcxNg,finished,in_app,16.7,6.0,12.8,28.1,1.0,2.0,2026-05-19,00:48:14,"Strada Vasile Lascăr 70, Bucureşti 020504","Strada Barbu Lăutaru 8, Bucureşti 011331"
MzI1LTI1MTMyMDY1MTYtMzI4OTgwNDAwOA,finished,cash,12.8,3.3,7.0,28.6,1.5,1.9,2026-05-19,00:39:13,"Șoseaua Mihai Bravu 139-145, Bucureşti 021315","Bulevardul Dacia 86, Bucureşti"
MzI1LTI1MTMxOTgwNDktMzI4OTc4NjkxNA,finished,cash,12.8,4.1,6.2,40.4,0.9,2.0,2026-05-19,00:23:46,"Șoseaua Mihai Bravu 531-533, Bucureşti","Strada Câmpia Libertății 31, Бухарест, Румыния"
MzI1LTI1MTMxODY5OTQtMzI4OTc2MzE4OA,finished,cash,14.0,5.7,10.8,31.8,1.0,1.0,2026-05-19,00:06:43,"Șoseaua Olteniței 56, Bucureşti 041318","Strada Străduinței 8, Berceni, Bucureşti"
MzI1LTI1MTMxNzgxOTItMzI4OTc0Mzg0OQ,finished,business,15.8,5.8,8.4,41.4,1.6,3.1,2026-05-18,23:53:46,"București Mall, Intrare Calea Vitan","Strada Soldat Mincă Dumitru 15, Berceni, Bucureşti"
MzI1LTI1MTMxNjY3NzUtMzI4OTcxOTU2Mg,finished,cash,12.8,4.4,10.4,25.1,1.0,2.4,2026-05-18,23:35:33,"Strada Plutonier Petre Ionescu 7, Bucureşti","Stația de metrou Mihai Bravu, București, România"
MzI1LTI1MTMxNDk0ODQtMzI4OTY4MjgwMQ,finished,in_app,21.4,8.0,13.8,34.7,1.9,4.8,2026-05-18,23:10:44,"Șoseaua Colentina 16, Bucureşti 021154","Str. Jean Alexandru Steriadi 22, Bucureşti 032502"
MzI1LTI1MTMxNDE5MjctMzI4OTY2NjI5MA,finished,in_app,12.8,2.0,3.8,31.8,0.9,3.3,2026-05-18,23:01:42,"Strada Doamna Ghica 4, Bucureşti 022832","Strada Lunca Florilor 3, Bucureşti"
MzI1LTI1MTMxMjg1OTQtMzI4OTY0MDE2NA,finished,in_app,28.3,9.1,16.4,33.3,0.0,0.5,2026-05-18,22:45:12,"Barrier Regie, Complexul Studențesc Regie","Strada Ripiceni 6B, Tei, Bucureşti"
MzI1LTI1MTMxMjIxOTctMzI4OTYyNjI0NA,finished,cash,15.2,5.4,9.9,32.8,1.3,1.6,2026-05-18,22:36:11,"Strada Apusului 63, Bucureşti 062282","Barrier Regie, Complexul Studențesc Regie"
MzI1LTI1MTMwOTYxMDYtMzI4OTU3NDgzMg,finished,in_app,16.3,5.0,12.4,24.3,0.6,1.0,2026-05-18,22:05:10,"Bulevardul Uverturii 87, Bucureşti",Strada Rezervelor 58C
MzI1LTI1MTMwNjg0MjktMzI4OTUyMjY5MQ,finished,in_app,33.9,7.5,14.4,31.3,2.9,7.3,2026-05-18,21:32:36,"Bulevardul Regele Mihai I al României 32, București","Ajustorului Park Residence, Strada Ajustorului, București, România"
MzI1LTI1MTMwNTU5NTYtMzI4OTQ5OTcyNA,finished,in_app,16.4,7.3,14.7,29.9,1.5,3.8,2026-05-18,21:17:51,"Strada Mihail Sebastian 29, Bucharest","Emil Pangratti Street, Televiziunea Română"
MzI1LTI1MTMwMjM1ODYtMzI4OTQ0MzI4NA,finished,cash,20.3,5.2,13.4,23.4,0.9,4.3,2026-05-18,20:41:01,"Strada Mircea Vulcănescu 91, Bucureşti 010817","Strada Docolina 20a, București, România"
MzI1LTI1MTMwMDQ1MDYtMzI4OTQxMTIyNw,finished,in_app,22.1,6.4,17.2,22.4,0.8,1.7,2026-05-18,20:19:32,"Strada Fântânica 3, Bucureşti 021801","Strada Virgiliu 55-57, Sector 1, Bucureşti"
MzI1LTI1MTI5OTAzMTYtMzI4OTM4NjY2NA,finished,in_app,20.6,6.5,12.4,31.7,1.1,2.5,2026-05-18,20:04:19,"Intrarea Chefalului 11, Sector 2, Bucureşti","Șoseaua Pantelimon 107, Bucureşti 021595"
MzI1LTI1MTI5Nzk3NTctMzI4OTM2OTMzOQ,finished,in_app,15.0,4.6,10.3,27.0,0.7,2.4,2026-05-18,19:53:58,"Intrare Principala, Veranda Mall","Metrou Pipera, Sectorul 2, Bucureşti"
MzI1LTI1MTI5NDU4ODEtMzI4OTMxMjg2Ng,finished,cash,17.9,4.7,13.1,21.7,0.6,1.0,2026-05-18,19:20:50,"Splaiul Unirii 165, București","Intrarea dm, Bucur Obor"
MzI1LTI1MTI5NDI0MTAtMzI4OTMwNzQzNQ,finished,in_app,12.8,2.8,6.3,26.4,0.2,0.4,2026-05-18,19:17:39,"Piața Sudului Entrance, Sun Plaza Mall","Calea Vacaresti 176-178, Bucureşti 031016"
MzI1LTI1MTI4NzU3NTItMzI4OTE5NjgwNw,finished,in_app,56.2,14.8,36.5,24.4,1.3,5.0,2026-05-18,18:18:29,"Strada Mehadia 49, Bucureşti","Strada Aurel Perșu 112-114, Bucureşti"
MzI1LTI1MTA2OTQyMDYtMzI4NTM3NTE1Ng,finished,cash,19.3,7.3,14.3,30.5,1.3,3.8,2026-05-17,04:35:39,"Strada Dobrescu Matache 15, Bucureşti","Gara de Nord, Gara de Nord, Bucureşti"
MzI1LTI1MTA2NjI4MDUtMzI4NTI5ODkzOQ,finished,in_app,30.8,10.2,19.2,31.9,0.6,1.6,2026-05-17,04:00:50,"Drumul Dealul Bradului 130-134  C2, 041838","Intrarea Horbotei 2A, Bucureşti 030466"
MzI1LTI1MTA2MzU4NjYtMzI4NTIzNTUyMw,finished,in_app,46.0,17.8,29.9,35.6,0.2,2.1,2026-05-17,03:32:49,"Strada Viitorului 10, Roşu 011645",Strada Dumitru Brumărescu 12 D1
MzI1LTI1MTA2MDUyMzYtMzI4NTE2NjA1Ng,finished,cash,56.0,10.0,15.1,40.0,4.0,8.6,2026-05-17,03:07:49,"Beraria H, Beraria H","Intrarea Viitorului 8, Roșu 077042"
MzI1LTI1MTA1NzUzNTUtMzI4NTA5NzYyNA,finished,in_app,41.2,7.7,16.5,28.1,0.7,1.0,2026-05-17,02:46:33,"Strada 11 Iunie 46, Bucureşti 040172","Calea Griviței 401, Bucureşti"
MzI1LTI1MTA1NTE5NjAtMzI4NTA0NTMyOA,finished,in_app,25.9,3.4,10.4,19.4,0.5,0.7,2026-05-17,02:32:49,"Calea 13 Septembrie 102, Bucureşti","Strada Bibescu Vodă 1, Bucureşti 040151"
MzI1LTI1MTA1MjI4MzgtMzI4NDk4NjIzMQ,finished,in_app,31.8,3.2,6.8,27.9,1.6,4.7,2026-05-17,02:18:52,"Splaiul Independenței 45, București 030167","Strada Sabinelor 125, Bucharest"
MzI1LTI1MTAzNjU5MjItMzI4NDY1OTY4Mw,finished,in_app,12.8,1.9,5.0,22.4,0.8,2.1,2026-05-17,00:48:10,"Aleea Râmnicu Vâlcea 14A, Bucureşti","Șoseaua Mihai Bravu 510, Bucharest"
MzI1LTI1MTAzNDA5MzMtMzI4NDYwNzIxMQ,finished,cash,16.8,4.3,9.0,29.0,0.8,4.8,2026-05-17,00:33:08,"Bulevardul Unirii 25-27, Bucureşti 040103","Strada Mureșana 4, Bucureşti"
MzI1LTI1MTAzMDY0MzMtMzI4NDUzODQ1NA,finished,in_app,13.7,4.7,11.7,24.3,0.4,1.6,2026-05-17,00:13:27,"Strada Petre Ispirescu 29, Bucureşti 051024","Strada Șelari 2, Bucureşti"
MzI1LTI1MTAyNzEyNTktMzI4NDQ3MDU2Mw,finished,cash,19.1,5.8,20.1,17.4,0.0,0.2,2026-05-16,23:52:01,"Calea Victoriei 24-22, Bucureşti 010091","Str. Dumbrava Noua 25, Bucureşti 051145"
MzI1LTI1MTAyNTE1MjItMzI4NDQzMTgxNg,finished,in_app,25.2,5.1,12.2,24.8,0.8,1.7,2026-05-16,23:39:20,"Bulevardul Iuliu Maniu 6R, Bucureşti 061103","Victoriei Ballroom, Calea Victoriei 21-23, Sector 3, Bucureşti"
MzI1LTI1MTAyMTEyMzMtMzI4NDM1NTcyMQ,finished,business,19.9,6.7,11.1,36.0,0.8,2.3,2026-05-16,23:13:31,Bulevardul Iuliu Maniu 560A,"Aleea Potaisa 1, Bucureşti 061903"
MzI1LTI1MTAxNjIyMzEtMzI4NDI3MDE1NQ,finished,business,34.4,11.4,23.6,28.9,1.6,5.7,2026-05-16,22:41:59,Strada Ankara 7,Strada Tineretului 17
MzI1LTI1MTAxMzc0NzYtMzI4NDIyOTM1Mw,finished,in_app,20.4,6.6,15.5,25.7,1.4,2.6,2026-05-16,22:25:26,"Șoseaua Pipera 48A, Bucureşti 020112","Animaletto Pizza Bar, Strada Visarion 10, Dorobanți, Bucureşti"
MzI1LTI1MTAxMDQ2NTYtMzI4NDE3MjY2NA,finished,cash,28.6,9.5,17.4,32.8,0.3,0.8,2026-05-16,22:03:30,"Șoseaua Pantelimon 335, Bucureşti","Strada Nicolae G. Caranfil 76-80, Bucureşti 014285"
MzI1LTI1MTAwODAwNzUtMzI4NDEyOTg0Ng,finished,cash,18.7,5.0,9.0,33.1,1.2,2.8,2026-05-16,21:47:24,"Strada Liviu Rebreanu 6A, Bucureşti 031784","Bulevardul Victor Dumitrescu 53, Dobroești 077085"
MzI1LTI1MTAwNTYzNDYtMzI4NDA4OTY4OA,finished,cash,13.1,4.1,8.4,29.1,1.6,3.1,2026-05-16,21:32:07,"Strada Hășmașului 29, Bucureşti","Bulevardul Nicolae Grigorescu 31, Bucarest, Rumanía"
MzI1LTI1MTAwMzcyODAtMzI4NDA1NDQyMA,finished,in_app,16.8,5.0,10.9,27.6,1.7,3.9,2026-05-16,21:19:07,"Strada Locotenent Aurel Botea 74, Bucureşti","Șoseaua Vergului 16, Bucureşti 022448"
MzI1LTI1MTAwMTI1MTAtMzI4NDAxMDA5Nw,finished,cash,17.9,2.1,5.8,22.2,0.7,1.3,2026-05-16,21:03:20,"Calea Vitan 55-59, Bucureşti 031281","Strada Matei Basarab 92, Centrul Civic, Bucureşti"
MzI1LTI1MDk5ODE2NzEtMzI4Mzk1NjcyMA,finished,cash,20.1,6.7,16.4,24.5,0.6,1.9,2026-05-16,20:43:36,"Strada Cibinului 2, Bucureşti","Din Fu, Strada Alexandru Moruzi Voievod 78, Vitan, Bucureşti"
MzI1LTI1MDk5NDIyODItMzI4Mzg4NTY0NQ,finished,cash,21.8,5.9,16.8,21.2,1.1,3.4,2026-05-16,20:18:41,"Calea Griviței 57, Bucureşti","Strada Telița 17A, Bucureşti"
MzI1LTI1MDk5MjE2NDEtMzI4Mzg0ODQzNA,finished,cash,12.8,2.9,8.6,20.5,0.2,1.4,2026-05-16,20:05:47,"Calea Victoriei 88, Bucureşti 010085","Gara de Nord, Gara de Nord, Bucureşti"
MzI1LTI1MDk5MDQzODgtMzI4MzgxNzUxNQ,finished,in_app,12.8,3.4,11.2,18.3,0.4,1.8,2026-05-16,19:55:32,"Strada Clucerului 39, Bucureşti 011363","Intercontinental Athenee Palace, Intercontinental Athenee Palace"
MzI1LTI1MDk4NDg1MTktMzI4MzcxMzUxOQ,finished,cash,47.9,8.3,28.1,17.8,0.9,2.0,2026-05-16,19:22:08,"Tomis Garden ApartHotel, Strada Țepeș Vodă 154-156, Sectorul 2, Bucureşti","Bulevardul Mărăști 17, Spitalul Universitar de Urgență Elias"
MzI1LTI1MDk4Mjk4MzEtMzI4MzY3OTQwMw,finished,in_app,28.5,2.8,9.2,18.3,0.5,1.0,2026-05-16,19:10:25,"Strada Ion Țuculescu 21-23, Bucureşti 031611","U.N.A.T.C. - Facultatea de Film si Televiziune, Sector 2, Bucureşti"
MzI1LTI1MDk3OTQ1MDItMzI4MzYxNjk5Ng,finished,in_app,25.2,6.2,14.0,26.5,1.2,5.7,2026-05-16,18:48:46,"Bulevardul Iancu de Hunedoara 2, Bucureşti 010673","Strada Ion Țuculescu 42, Titan - Balta Albă, Bucureşti"
MzI1LTI1MDk3NzEyMDctMzI4MzU3NTkwNQ,finished,cash,18.1,4.3,8.8,29.7,1.3,3.3,2026-05-16,18:33:49,"Bulevardul Constructorilor 1, Bucureşti 060501","Piața Matache, Gara de Nord, Bucureşti"
MzI1LTI1MDg0NDM1NjAtMzI4MTE3MTQzNQ,finished,cash,15.3,3.5,7.5,27.8,0.8,3.2,2026-05-15,23:01:22,"Strada Edgar Quinet 10, Bucureşti 010018","Strada Făinari 26, Obor, Bucureşti"
MzI1LTI1MDg0MTk0NTQtMzI4MTExODcxNA,finished,in_app,19.6,6.5,15.9,24.5,2.2,4.8,2026-05-15,22:39:23,"Strada Mușetești 4, Bucureşti 014365","P+1, Calea Victoriei, Bucharest, Romania"
MzI1LTI1MDgzNTM0NzUtMzI4MTAwOTI4OQ,finished,in_app,44.0,13.4,30.7,26.2,1.8,6.0,2026-05-15,21:52:40,"Strada Voineasa 38, Bucureşti","Diplomatic Club of Bucharest, King Mihai I Park of Romania"
MzI1LTI1MDgzMjA0MDAtMzI4MDk1NTUxNg,finished,in_app,18.7,6.3,18.1,20.8,1.2,3.8,2026-05-15,21:28:54,"Calea Dorobanților 47, Dorobanți, Bucureşti","Asmita Gardens, Văcărești, Bucureşti"
MzI1LTI1MDgzMDAyNDUtMzI4MDkyMzA0MQ,finished,in_app,12.8,3.9,12.7,18.2,0.8,2.3,2026-05-15,21:15:27,"Strada Sfinții Apostoli 15, Bucureşti","Strada Mihai Eminescu 17, Sector 1, Bucureşti"
MzI1LTI1MDgyNzk3ODctMzI4MDg4NzU4OA,finished,in_app,14.4,4.3,11.1,23.4,1.0,3.7,2026-05-15,21:01:33,"Strada Dristorului 102, Bucureşti 031541","Hanul lui Manuc, Centrul Vechi"
MzI1LTI1MDgyNjIxNjEtMzI4MDg1NjkwOQ,finished,in_app,14.9,3.1,8.8,21.5,1.1,1.8,2026-05-15,20:49:41,"Bulevardul Ferdinand I 30, Bucureşti","Strada Eufrosina Popescu 56, Bucureşti"
MzI1LTI1MDgyMjc4OTYtMzI4MDc5NjQ4NA,finished,in_app,28.9,9.1,21.4,25.5,0.3,0.3,2026-05-15,20:27:12,"Strada Șoldanului 5, Bucureşti","Random Space, Strada Popa Petre 21, Bucureşti"
MzI1LTI1MDgwOTczNDAtMzI4MDU1NDc3MA,finished,in_app,65.5,19.8,42.4,28.0,1.1,3.5,2026-05-15,19:06:20,"Șoseaua Ștefan cel Mare 24, Bucureşti 020143","Strada Nucului 35a, Berceni, Romania"
MzI1LTI1MDgwNjU1ODktMzI4MDQ5ODM0Ng,finished,in_app,33.6,7.1,18.0,23.5,0.0,0.2,2026-05-15,18:46:47,"Galaxy Entrance, Afi Palace Cotroceni Mall","Athina Suites Hotel, Strada Mihai Eminescu 92-94, Sector 2, Bucureşti"
MzI1LTI1MDgwNDkyMjQtMzI4MDQ2OTUzNA,finished,in_app,19.3,3.1,6.3,29.3,1.2,3.4,2026-05-15,18:37:18,"Strada Lucăcești 51, Bucureşti 060244","Intrare Galaxy, Afi Palace Cotroceni"
MzI1LTI1MDgwMjg1NTItMzI4MDQzMjcwNA,finished,cash,17.9,2.4,6.0,24.2,2.2,4.6,2026-05-15,18:25:23,"Intrarea Guliver 16, Bucureşti","Strada Nucșoara 4, Bucureşti 060524"
MzI1LTI1MDgwMTMzMDYtMzI4MDQwMjgzOQ,finished,in_app,34.9,3.3,8.1,24.7,0.5,1.6,2026-05-15,18:15:31,"Strada Nicolae Oncescu 23A, Bucureşti 060463","Strada Boziilor 11, Bucureşti"
MzI1LTI1MDY3OTQxMjgtMzI3ODIwNTYwMg,finished,in_app,25.2,7.3,14.2,30.9,2.2,4.3,2026-05-14,22:13:14,"Strada Biserica Enei 18, Bucureşti 010019","Calea Apeductului 11, Bucureşti 060912"
MzI1LTI1MDY3ODUzNzAtMzI3ODE4OTczNA,finished,in_app,14.2,3.7,10.0,22.3,1.7,3.0,2026-05-14,22:05:10,"Șoseaua Ștefan cel Mare 238, Bucureşti 020164","Bulevardul General Gheorghe Magheru 32-36, Sector 1, Bucureşti"
MzI1LTI1MDY3NjkwNjktMzI3ODE2MTY3Nw,finished,business,14.2,4.2,10.4,24.2,0.9,3.5,2026-05-14,21:50:09,"Bulevardul Burebista 2, Bucureşti 031108","Strada Precupeții Vechi 28, Bucureşti 020685"
MzI1LTI1MDY3NDM5MDAtMzI3ODExOTcwMw,finished,in_app,18.7,5.1,15.1,20.3,0.8,2.9,2026-05-14,21:25:27,"Strada General Henri Mathias Berthelot 50, Bucureşti","Rainbow, Bulevardul Decebal 14, Centrul Civic, Bucureşti"
MzI1LTI1MDY3MzU0NzctMzI3ODEwNjE4NA,finished,in_app,12.8,3.6,9.8,22.2,0.8,2.4,2026-05-14,21:17:26,"Bulevardul Dimitrie Cantemir 27, Bucureşti 040238","Strada Doctor Vasile Sion 1-9, Bucureşti"
MzI1LTI1MDY3MzA1MzEtMzI3ODA5ODU0OA,finished,in_app,12.8,1.6,6.1,15.9,0.2,0.6,2026-05-14,21:12:49,"Strada Brândușelor 56, Bucureşti","Str. Avalansei 7, Bucureşti 040302"
MzI1LTI1MDY3MjA1NTYtMzI3ODA4MjE4Mg,finished,in_app,12.8,0.9,3.0,17.8,1.3,2.8,2026-05-14,21:03:44,"Strada Moților 15, Bucureşti","Banian Concept, Strada Brânduşelor, Bucharest, Romania"
MzI1LTI1MDY3MDA2MjAtMzI3ODA0OTI3Ng,finished,in_app,17.1,4.8,13.9,20.8,0.9,2.7,2026-05-14,20:45:08,"Strada Toamnei 41, Bucureşti 020703","Strada Logofătul Tăutu 2, Nerva Traian, Bucureşti"
MzI1LTI1MDY2ODUxNjItMzI3ODAyMzAyMg,finished,in_app,13.4,3.6,12.1,18.1,0.5,1.4,2026-05-14,20:30:26,"Strada Didițel 13, Bucureşti 040337","Boogie Bar, Strada Popa Petre 36, Bucureşti"
MzI1LTI1MDY2NzA1NjItMzI3Nzk5ODgwMA,finished,in_app,12.8,3.9,11.0,21.1,1.1,3.2,2026-05-14,20:16:59,"Șoseaua Giurgiului 119, Bucureşti 040661","Aleea Borcea 8, Bucharest 040421"
MzI1LTI1MDY2NTk4OTMtMzI3Nzk4MTI2Mw,finished,in_app,12.8,0.7,3.1,12.7,0.5,3.3,2026-05-14,20:07:55,"Drumul Găzarului 1, Bucureşti 040821","Strada Almașul Mic 8, Giurgiului, Bucureşti"
MzI1LTI1MDY2MjUyNDUtMzI3NzkyNDI2OA,finished,cash,31.3,10.3,23.8,25.9,0.2,3.2,2026-05-14,19:38:42,"Strada General Barbu Vladoianu 6, Bucureşti","Strada Râul Șoimului 1, Bucureşti"
MzI1LTI1MDY2MDcxNDQtMzI3Nzg5NTEwOQ,finished,in_app,12.8,2.4,6.9,20.9,1.2,6.9,2026-05-14,19:24:27,"Strada Sfinții Voievozi 52-54, Bucureşti 010967","Bulevardul Banu Manta 27, Bucureşti"
MzI1LTI1MDY1OTA4MDktMzI3Nzg2NzY3Nw,finished,in_app,13.9,3.7,10.6,21.1,0.0,0.2,2026-05-14,19:11:44,"Calea Moșilor 213, Bucureşti 020864","Trattoria Buongiorno, Bulevardul Lascăr Catargiu 56, Dorobanți, Bucureşti"
MzI1LTI1MDY1NzAyMDQtMzI3NzgzMTgwNg,finished,in_app,16.4,5.1,17.0,18.0,0.1,0.6,2026-05-14,18:56:00,"Bulevardul Mihail Kogălniceanu 3, Bucureşti 050101","Calea Moșilor 213, Sectorul 2, Bucureşti"
MzI1LTI1MDY1MzI1ODMtMzI3Nzc2Nzk1NQ,finished,in_app,37.4,7.7,16.7,27.8,4.4,14.0,2026-05-14,18:27:58,"Calea Giulești 457, Bucureşti","Bruma Coffee & Wine, Bulevardul Regina Elisabeta, Bucharest, Romania"
MzI1LTI1MDU5ODQ1OTMtMzI3Njg2NTYxMw,finished,in_app,14.9,3.3,11.9,16.6,0.7,1.5,2026-05-14,11:41:24,"Strada Ostașilor 8, Bucureşti","Splaiul Independentei 290, Bucureşti 060029"
MzI1LTI1MDU0NDcxOTctMzI3NTkzOTg1NA,finished,in_app,59.9,10.5,29.2,21.5,5.5,11.2,2026-05-13,23:57:49,"Calea Călărașilor 323, Bucureşti 030622","Gran Via Park, Bulevardul Timișoara 42, Bucureşti"
MzI1LTI1MDU0Mjk4MjgtMzI3NTkxNTA2Nw,finished,in_app,31.9,5.8,12.8,27.3,2.5,5.3,2026-05-13,23:44:55,"Strada Baba Novac 25, Bucureşti","Aleea Lipanesti 4, Bucureşti 032507"
MzI1LTI1MDU0MDIyMDgtMzI3NTg2MjU4Mg,finished,business,37.2,8.7,21.9,23.9,1.5,4.5,2026-05-13,23:19:18,Calea Floreasca 131-137,Bulevardul Camil Ressu 49
MzI1LTI1MDUzODAzNjQtMzI3NTgxNTE1NA,finished,cash,13.7,5.8,12.6,27.8,0.4,1.4,2026-05-13,22:57:39,"Sos. Salaj 136, Bucureşti","Sergent Constantin Ghercu Street, La Mia Musica"
MzI1LTI1MDUzNjQ3ODEtMzI3NTc4NjMwOQ,finished,cash,20.2,6.1,15.1,24.3,1.7,3.3,2026-05-13,22:40:36,"Bulevardul Schitu Măgureanu 35, Bucureşti 010184","Strada Spătarul Preda 21, Bucureşti 050187"
MzI1LTI1MDUzNDk5MjgtMzI3NTc1OTk0Nw,finished,cash,14.2,2.6,7.5,20.5,4.0,5.9,2026-05-13,22:24:36,"Strada Hatmanul Arbore 1, Bucureşti 011601","Piața Roma / Strada Lipscani, Centrul Vechi"
MzI1LTI1MDUzMjI4ODMtMzI3NTcxMTU1Mw,finished,in_app,18.1,7.7,19.3,23.9,0.5,1.9,2026-05-13,21:58:07,"Strada Avrig 63, Bucureşti 021574","Bulevardul Pipera 1, Voluntari 077190"
MzI1LTI1MDUyNjAzMzMtMzI3NTYwODEzOA,finished,cash,14.2,3.9,9.6,24.1,0.7,1.8,2026-05-13,20:53:57,"Strada Fabrica de Chibrituri 48, Bucureşti","Aleea Ghimeș 8, Rahova, Bucureşti"
MzI1LTI1MDUyNDQ0ODQtMzI3NTU4MjY4MA,finished,in_app,16.4,5.0,12.6,23.5,0.3,0.9,2026-05-13,20:38:14,"Bulevardul Camil Ressu 23C, Bucureşti","Club Expirat, Strada Doctor Constantin Istrati 1, Bucureşti"
MzI1LTI1MDUyMjg0NDEtMzI3NTU1NzExOQ,finished,cash,12.8,3.6,7.8,27.8,1.0,2.2,2026-05-13,20:22:38,"Strada Ghiță Șerban Soldat 10, Bucureşti","Piața Râmnicu Sărat, Dristor, Bucureşti"
MzI1LTI1MDUyMDM5NzEtMzI3NTUxNjM2NQ,finished,cash,29.0,7.4,11.6,38.2,4.0,6.3,2026-05-13,20:00:52,"Strada Abatorului 12, Glina, România","Intrare Strada Jean Steriadi , Auchan Titan"
MzI1LTI1MDUxODk3NzMtMzI3NTQ5MzY3Nw,finished,in_app,12.8,2.6,5.8,26.8,1.6,2.7,2026-05-13,19:48:48,"Bulevardul Theodor Pallady 53, București","Splaiul Unirii 9, 077160"
MzI1LTI1MDUxNjAzMzUtMzI3NTQ0NjU0Mg,finished,in_app,21.4,4.8,15.8,18.3,0.8,3.1,2026-05-13,19:24:29,"Strada Zizin 10, Bucureşti","Strada Mizil 3, Titan - Balta Albă, Bucureşti"
MzI1LTI1MDUxMjg4NjYtMzI3NTM5MzgxNQ,finished,in_app,21.4,4.8,23.8,12.1,0.3,1.6,2026-05-13,19:00:15,"Strada George Enescu 42, Bucureşti 010308","Calea Vitan Entrance, Bucharest Mall"
MzI1LTI1MDUxMTI3NTUtMzI3NTM2Njg0NA,finished,in_app,39.5,5.2,13.7,22.9,0.5,1.2,2026-05-13,18:47:47,"Strada Chibzuinței 4, Bucureşti","Facultatea de Cibernetică, Calea Dorobanților 15-17, Bucureşti"
MzI1LTI1MDQwNjgzMDktMzI3MzY0MjgzMA,finished,business,15.0,4.2,11.2,22.6,1.2,1.3,2026-05-13,00:25:19,"Afi Palace Cotroceni, Intrare Galaxy","Calea Crângași 8-10, București, România"
MzI1LTI1MDQwNTQ5OTEtMzI3MzYxNDkyNQ,finished,business,21.8,6.6,10.3,38.5,1.5,5.0,2026-05-13,00:05:05,"Strada Polonă 70, Bucureşti 010505","Bloc R2, Bulevardul Iuliu Maniu, Bucharest, Romania"
MzI1LTI1MDQwNDk2NjctMzI3MzYwNDQzNg,finished,business,20.3,3.7,7.7,28.8,1.0,4.4,2026-05-12,23:57:27,"Strada Ion Câmpineanu 20, Bucureşti 010038","Strada Viesparilor 9, Sectorul 2, Bucureşti"
MzI1LTI1MDQwMjUxNzctMzI3MzU1NTkzNQ,finished,in_app,12.8,4.5,9.0,30.2,0.8,2.5,2026-05-12,23:23:00,"Aleea Livezilor 35, Bucureşti 052433","Strada Turnu Măgurele 14, Bucureşti 041713"
MzI1LTI1MDQwMDQ1NTgtMzI3MzUxNTU4Mw,finished,cash,25.5,7.1,13.9,30.4,1.9,4.5,2026-05-12,22:58:59,"Strada Doctor Leonte Anastasievici 2, București 061344","Strada Pontonierilor 32, București, România"
MzI1LTI1MDM5OTg0MTYtMzI3MzUwMzE5Ng,finished,in_app,40.6,2.9,7.8,22.6,0.5,1.8,2026-05-12,22:51:37,Strada Gramont 38,"Strada Doctor Nicolae Tomescu 4, Bucureşti"
MzI1LTI1MDM5ODQwMjgtMzI3MzQ3NTQ5Mw,finished,in_app,19.6,7.6,14.2,32.1,1.0,2.2,2026-05-12,22:34:47,"Șoseaua Pantelimon 242, Bucureşti 021313","Intr. Cpt. Gheorghe Preotescu 17, Bucureşti 040176"
MzI1LTI1MDM5Njc0MTYtMzI3MzQ0NTM1MA,finished,in_app,29.3,7.5,11.2,40.0,2.3,3.0,2026-05-12,22:16:49,"Șoseaua Libertății 4B, Titanul Nou","Șoseaua Pantelimon 359, Bucureşti"
MzI1LTI1MDM5NTYyNDItMzI3MzQyMjgyOQ,finished,cash,12.8,2.7,9.7,16.4,0.6,2.0,2026-05-12,22:04:10,"Bulevardul 1 Decembrie 1918 33A, Bucureşti 032467","Drumul Gura Caliței 4-32, Titanul Nou, Bucureşti"
MzI1LTI1MDM5MzgzOTMtMzI3MzM5MTYzOQ,finished,in_app,21.4,7.3,14.7,29.7,1.0,1.0,2026-05-12,21:45:09,"Strada Viitorului 176, Bucureşti 020618","Strada Rășinari 1, Titan - Balta Albă, Bucureşti"
MzI1LTI1MDM5MjY1MzItMzI3MzM3MDIxMQ,finished,in_app,17.3,1.9,5.2,21.8,1.6,5.5,2026-05-12,21:31:53,"El Torito, Strada Iancu Căpitanu 26, Sector 2, Bucureşti","Strada Badea Cârțan 66, Bucharest, Romania"
MzI1LTI1MDM5MTI1NjEtMzI3MzM1NDM4Ng,finished,cash,14.0,3.7,8.5,26.0,1.5,4.6,2026-05-12,21:21:46,"Piața Unirii 1, Bucureşti 030119","dm Entrance , Bucur obor"
MzI1LTI1MDM5MDgzMDktMzI3MzMzOTE3Mg,finished,in_app,16.6,2.1,6.8,18.9,1.0,3.0,2026-05-12,21:12:19,"Strada Scaune 1, Bucureşti","Strada Spineni 4, Bucureşti 040267"
MzI1LTI1MDM4OTg2NTAtMzI3MzMyNDk3MA,finished,cash,12.8,2.9,7.8,22.1,0.7,1.3,2026-05-12,21:03:32,"Bulevardul Decebal 5, Bucureşti 030962","Bulevardul Nicolae Bălcescu 27-33, بوخارست 010045"
MzI1LTI1MDM4ODU1OTItMzI3MzMwMjg3Mg,finished,cash,14.0,3.2,8.9,21.8,1.6,4.2,2026-05-12,20:48:56,"Bulevardul Carol I 8, Bucureşti 020921","Strada Meșterul Manole 6, Bucureşti 031124"
MzI1LTI1MDM4NTU0MjEtMzI3MzI1MzM5NA,finished,in_app,20.6,5.1,14.7,21.0,1.7,6.0,2026-05-12,20:17:17,"Strada Maior Ion Coravu 43, Bucureşti","Strada Spineni 2, Bucureşti 040267"
MzI1LTI1MDM4MzY2NzAtMzI3MzIyMjMwOA,finished,in_app,14.0,3.5,11.4,18.6,1.8,2.7,2026-05-12,20:00:14,"Strada Maica Domnului 2, Bucureşti","Strada Constantin Georgian 27, Bucureşti 021761"
MzI1LTI1MDM3ODY0MDEtMzI3MzEzOTU2NA,finished,in_app,14.9,4.8,16.3,17.6,0.8,3.3,2026-05-12,19:15:30,"Bulevardul Dimitrie Cantemir 9, Bucureşti 040014","Sos. Mihai Bravu 37A, Bucureşti 021305"
MzI1LTI1MDM3NjQxNjctMzI3MzEwMTAxNQ,finished,in_app,17.3,3.8,14.7,15.4,1.3,4.3,2026-05-12,18:57:09,"Strada Mihail Sebastian 88, Bucureşti 050784","The Harp, Bulevardul Dimitrie Cantemir 2, Centrul Civic, Bucureşti"
MzI1LTI1MDM3NDg2OTktMzI3MzA3NDM0Ng,finished,in_app,14.0,1.2,4.1,18.0,0.8,1.7,2026-05-12,18:44:09,"Strada Biserica Alexe 28, Bucureşti 040269","Aleea Suter 4, Sectorul 4, Bucureşti"
MzI1LTI1MDM3MjE0NDItMzI3MzAyNjcxMA,finished,in_app,50.5,5.8,18.4,19.0,0.1,0.9,2026-05-12,18:22:48,"Strada Miorița 2, Bucureşti 060761",Bulevardul Mărășești 4-6
MzI1LTI1MDM2OTk0NzQtMzI3Mjk4OTQxNQ,finished,in_app,15.8,3.3,7.0,28.4,1.7,11.6,2026-05-12,18:06:37,"Strada Sergent Ștefan Crișan 31, Bucureşti 060312","Strada Economu Cezărescu 30, Bucureşti 060754"
MzI1LTI1MDM2OTE2OTItMzI3Mjk3NDkyOQ,finished,cash,16.6,0.6,3.2,10.5,1.0,3.7,2026-05-12,18:00:15,"Strada Măgura Odobești 19, Bucureşti 014565","Str. Nicolae Oncescu 6, Bucureşti"
MzI1LTI1MDI2ODU0MjItMzI3MTIwMTU0OA,finished,in_app,14.9,3.6,7.4,28.8,2.7,4.5,2026-05-12,00:06:52,"Strada Sergent Constantin Apostol 4, Bucureşti 061344","Strada Locotenent Saidac Gheorghe 9, Bucureşti 060532"
MzI1LTI1MDI2NjEyMDItMzI3MTE0OTI3NA,finished,business,36.6,12.0,20.9,34.3,4.3,5.0,2026-05-11,23:29:39,"Parcul Regele Mihai I, Sectorul 1, București",Strada Weiner Palada 60D
MzI1LTI1MDI2MzAyOTQtMzI3MTA4NDMzNA,finished,in_app,28.4,8.9,23.6,22.5,1.6,5.0,2026-05-11,22:51:53,"Hotel Tranzzit, Strada Lipova, Bucharest, Romania","Intrarea Aurel Giurumia 2, Bucureşti"
MzI1LTI1MDI2MjQyMTAtMzI3MTA3MTQzNQ,finished,cash,16.6,3.3,7.1,28.0,1.9,4.2,2026-05-11,22:44:02,"Radisson Blu, Radisson Blu Hotel Bucharest","Orhideea Residence & Spa, Calea Plevnei 145B, Grozăvești, Bucureşti"
MzI1LTI1MDI1ODgzOTAtMzI3MTAwMDIwNA,finished,cash,26.4,9.2,19.7,28.0,1.9,4.9,2026-05-11,22:04:16,"Strada George Călinescu 4A, Bucureşti 011693","Strada Maior Porumbaru Ion 62a, București, România"
MzI1LTI1MDI1NzM2OTYtMzI3MDk3MTUyMQ,finished,cash,13.7,6.1,9.6,38.0,1.0,1.8,2026-05-11,21:48:24,"Pod Eroilor, Sectorul 5, București","Strada Dinu Vintilă 6, București 021102"
MzI1LTI1MDI1Mzk0MjctMzI3MDkwODIyMA,finished,in_app,16.9,5.9,24.1,14.7,0.1,0.6,2026-05-11,21:09:29,"Intrare Principala, Liberty Center Mall","Strada Lacul Mare 12-14, Rahova, Bucureşti"
MzI1LTI1MDI1MTg4NjAtMzI3MDg3MjQzNQ,finished,cash,12.8,3.3,11.7,16.7,0.6,1.8,2026-05-11,20:46:57,"Strada Sergent Ion Nuțu 8-12, Bucureşti 050781","Strada Locotenent Ilie N. Câmpeanu 2, Bucureşti 051965"
MzI1LTI1MDI0NTk4OTAtMzI3MDc2NDIyMw,finished,in_app,22.6,7.5,14.6,31.0,0.7,1.9,2026-05-11,19:45:51,"Strada Locotenent Aviator Gheorghe Stâlpeanu 8, Bucureşti","Bd. Timișoara 69, București, România"
MzI1LTI1MDI0NDAxNjktMzI3MDcyNjU3MA,finished,cash,20.3,4.6,10.6,26.2,1.6,4.8,2026-05-11,19:26:54,"Intrare Dinicu Golescu, Gara de Nord","Hotel Samaa, Bulevardul Ion Mihalache, București, România"
MzI1LTI1MDI0MTgxMjUtMzI3MDY4Mjk2Mg,finished,in_app,20.2,6.4,16.9,22.6,1.5,3.7,2026-05-11,19:07:44,"Șoseaua Mihai Bravu 139-145, Bucureşti 021315","Calea Griviței 160, Bucureşti 010745"
MzI1LTI1MDIzODYxNDAtMzI3MDYyNTQ5NQ,finished,in_app,26.2,7.1,25.4,16.8,0.4,0.8,2026-05-11,18:40:21,"Splaiul Independenței 181, București","Intrarea principala, Spitalul Victor Babeș"
MzI1LTI1MDIzNzMwNDctMzI3MDYwMTA0OA,finished,in_app,13.6,3.6,8.9,23.9,0.5,1.9,2026-05-11,18:29:41,"Strada Vintilă Mihăilescu 16, Bucureşti 060398","Universitatea Națională de Educație Fizică și Sport, Strada Constantin Noica 140, Sectorul 6, Bucureşti"
MzI1LTI1MDEzMjc2NTEtMzI2ODY3NTQ4Nw,finished,in_app,12.8,3.1,6.2,30.2,2.4,4.2,2026-05-10,23:15:02,"Strada Sirenelor 90, Bucureşti 050855","Strada Bârnova 1, Bucureşti 051161"
MzI1LTI1MDEzMjAyNzEtMzI2ODY1OTY3NA,finished,in_app,12.8,2.4,6.7,21.6,1.0,0.7,2026-05-10,23:06:45,"Bulevardul Iuliu Maniu 6E, Bucureşti 061103","Strada Doctor Thoma Ionescu 6, Cotroceni, Bucureşti"
MzI1LTI1MDEyOTM3ODQtMzI2ODYwNjAxNw,finished,in_app,22.4,7.8,17.6,26.4,1.4,3.4,2026-05-10,22:39:01,"Hanul lui Manuc, Centrul Vechi","Bulevardul Iuliu Maniu 73, Bucureşti 061089"
MzI1LTI1MDEyODM5MzQtMzI2ODU4NzAzMA,finished,in_app,12.8,3.1,6.8,27.3,1.0,2.4,2026-05-10,22:29:26,"Calea Dudești 188, Bucureşti","Str. Olimpului 30, Bucureşti"
MzI1LTI1MDEyNzM5ODctMzI2ODU2NjkxNQ,finished,business,12.8,2.4,7.0,20.3,1.3,2.5,2026-05-10,22:19:17,Strada Vlad Județul 2,"Drumul Murgului 36, Dristor, Bucureşti"
MzI1LTI1MDEyMjg4NzQtMzI2ODQ3NzM1Mg,finished,cash,57.1,16.7,40.0,25.0,0.7,1.4,2026-05-10,21:37:21,"Strada Theodor D. Speranția 108, Bucureşti","amoom unirii, Bulevardul Unirii 72, Centrul Civic, Bucureşti"
MzI1LTI1MDEyMTA1MjQtMzI2ODQ0Mzc3Mg,finished,cash,12.8,3.4,7.1,29.2,2.2,4.1,2026-05-10,21:20:12,"Strada Magnetului 25, Bucureşti 033066","McDonald's, Bulevardul Basarabia 99, Pantelimon, Bucureşti"
MzI1LTI1MDExODk1OTItMzI2ODQxMjE1MA,finished,cash,17.2,5.4,10.8,29.7,0.8,3.9,2026-05-10,21:04:17,"Intrare Flanco, Auchan Titan","Strada Elbrus 11, Bucureşti"
MzI1LTI1MDExNzM5MzItMzI2ODM4MDQzOA,finished,cash,20.6,5.3,16.1,19.9,1.4,1.5,2026-05-10,20:46:46,"Strada Liviu Rebreanu 29, București","Bulevardul 1 Decembrie 1918 25, Bucureşti 032454"
MzI1LTI1MDExNjYzMzctMzI2ODM2NDc4Mg,finished,in_app,12.8,2.1,6.5,19.2,0.8,1.9,2026-05-10,20:37:54,"Strada Ion Țuculescu 31, Bucureşti","Bulevardul Nicolae Grigorescu 31A, Bucureşti 030438"
MzI1LTI1MDExNDI5MzktMzI2ODMyMzMwMQ,finished,in_app,26.9,9.1,20.2,26.9,2.1,3.0,2026-05-10,20:14:30,"Strada Turnu Măgurele 116-122, Bucureşti 041712","Strada Gheorghe Petrașcu 14, Bucharest"
MzI1LTI1MDEwOTY3NjAtMzI2ODI0MDYyMw,finished,in_app,29.1,9.7,22.6,25.8,0.2,0.9,2026-05-10,19:29:45,"Bulevardul Iuliu Maniu 11, Bucureşti 061072","Strada Odei 166, Bucureşti"
MzI1LTI1MDEwODU0MzYtMzI2ODIxOTIxNA,finished,in_app,14.9,3.8,9.4,24.1,0.8,3.0,2026-05-10,19:18:42,"Strada Iacob Negruzzi 11, Bucureşti 011093","Bulevardul Iuliu Maniu 6E, Militari, Bucureşti"
MzI1LTI1MDEwNDc5ODEtMzI2ODE0OTA4Nw,finished,cash,26.6,6.1,13.8,26.5,0.0,1.1,2026-05-10,18:44:05,"Intrare Far, Afi Palace Cotroceni","Piața Roma / Strada Lipscani, Centrul Vechi"
MzI1LTI1MDEwMjIxNjItMzI2ODEwMjA4Ng,finished,cash,21.1,5.9,18.0,19.7,0.5,2.1,2026-05-10,18:20:35,"Strada Locotenent Aviator Marcel Andreescu 11, Bucureşti","Far Entrance, Afi Palace Cotroceni Mall"
MzI1LTI1MDEwMDk5NTktMzI2ODA4MTk3Ng,finished,in_app,21.8,5.6,11.0,30.7,0.6,3.1,2026-05-10,18:10:04,"Calea Crângași 29, Bucureşti 060312","POT.stories, Calea Floreasca 111-113, Floreasca, Bucureşti"
MzI1LTI0OTk3MDc1MzktMzI2NTY4MjgwMw,finished,in_app,19.9,4.5,12.6,21.3,1.4,1.9,2026-05-09,22:14:57,"Șoseaua Pantelimon 33-35, Bucureşti","Magazinul Victoria, Calea Victoriei 17, Sectorul 3, Bucureşti"
MzI1LTI0OTk2ODU4NTctMzI2NTYzODY2Nw,finished,in_app,16.4,4.4,12.7,21.0,0.2,1.9,2026-05-09,22:00:44,"Strada Vlaicu Vodă 23, Bucureşti","Forge, Șoseaua Pantelimon 1A, Obor, Bucureşti"
MzI1LTI0OTk2NjA1MzMtMzI2NTU5MTQwNg,finished,in_app,14.8,3.5,10.0,20.8,0.5,1.1,2026-05-09,21:43:18,"Strada Ion Țuculescu 19A, Bucureşti","Strada Chiciurei 31-35-37, Vitan, Bucureşti"
MzI1LTI0OTk2NTUxNTQtMzI2NTU4MDM3NQ,finished,cash,12.8,1.0,1.8,32.9,0.0,0.2,2026-05-09,21:39:22,"Bulevardul Basarabia 85, Bucureşti 022111","Bulevardul Nicolae Grigorescu 19, Bucureşti 030434"
MzI1LTI0OTk2MTA3MTgtMzI2NTQ5MDE2MQ,finished,cash,20.6,7.6,18.1,25.0,0.2,0.1,2026-05-09,21:08:22,"Drumul Dobroești-Fundeni 13, Dobroești, România","Strada Califarului 10, Pantelimon 077145"
MzI1LTI0OTk1NzIzMzktMzI2NTQxMjE4Mg,finished,cash,22.1,8.8,18.2,28.8,0.5,3.5,2026-05-09,20:43:09,"Bulevardul Carol I 57, Bucureşti 020915","Strada Balanţei 2, Dobroești, România"
MzI1LTI0OTk1NDIzNjQtMzI2NTM0OTcyNA,finished,in_app,12.8,2.0,6.0,19.8,0.4,0.5,2026-05-09,20:23:38,"Str. Paul Greceanu 30, Sector 2, Bucureşti","Piața Victoriei, Sector 1, Bucureşti"
MzI1LTI0OTk0OTk0NzctMzI2NTI1OTA4Mw,finished,cash,12.8,3.4,7.1,28.9,1.1,3.3,2026-05-09,19:56:08,"Intrarea Zamfirescu Leonida Eliza 15, Bucureşti","Restaurant Marcon Calise, Strada Constantin Noica 140A, Sectorul 6, Bucureşti"
MzI1LTI0OTk0NjQ4ODgtMzI2NTE4ODIzMQ,finished,in_app,15.7,5.0,15.2,19.9,1.6,2.7,2026-05-09,19:35:06,"Calea Floreasca 169A, Bucureşti","Strada General Barbu Vladoianu 4, Grivița, Bucureşti"
MzI1LTI0OTk0NTcyNDktMzI2NTE3MzQ4NA,finished,in_app,12.8,1.7,5.5,18.8,0.3,0.7,2026-05-09,19:30:38,"Strada Grigore C. Moisil 5, Bucureşti","Scenario, Floreasca One Tower"
MzI1LTI0OTk0MTk0ODEtMzI2NTA5MzYzOQ,finished,in_app,18.7,6.0,21.0,17.1,0.1,0.2,2026-05-09,19:06:18,"The Marmorosch Entrance, The Marmorosch Bucharest, Autograph Collection","Strada Tuzla 50A, Bucureşti"
MzI1LTI0OTkzNzQ2NzYtMzI2NTAwNDc5Ng,finished,in_app,28.9,7.9,22.6,21.1,0.5,1.0,2026-05-09,18:37:32,"Aleea Onisifor Ghibu 3, Bucureşti 032445","Academiei Street, Old Town"
MzI1LTI0OTkzNDM4OTQtMzI2NDk0ODI4Mw,finished,in_app,22.4,7.4,17.6,25.2,0.9,2.8,2026-05-09,18:16:36,"Strada Popa Petre 43, Bucureşti 020803","Strada Soldat Tudor Ion 15, Bucureşti"
MzI1LTI0OTkyODc4NDQtMzI2NDg0NzgxOA,finished,in_app,29.9,9.5,18.0,31.5,0.5,0.5,2026-05-09,17:38:00,"Strada Vintilă Mihăilescu 4, Bucureşti","Calea Șerban Vodă 270, Sectorul 4, Bucureşti"
MzI1LTI0OTkwMDMzNDMtMzI2NDM1NDQ4Mg,finished,in_app,19.2,3.4,16.0,12.6,1.0,3.6,2026-05-09,14:03:20,"Calea Dorobanților 135-145, Bucureşti","Strada Costache Marinescu 39, Grivița, Bucureşti"
MzI1LTI0OTg5Njk5MTMtMzI2NDI5NjU4NA,finished,in_app,12.8,3.7,11.0,20.3,0.4,1.8,2026-05-09,13:36:21,"Strada Nada Florilor 2, Bucureşti 023603","Indigen / Space for the soul, Strada Tuzla 50, Tei, Bucureşti"
MzI1LTI0OTg5NTE2ODQtMzI2NDI2NDg0Mg,finished,in_app,12.8,3.1,11.1,16.8,0.6,4.3,2026-05-09,13:21:11,"Intrare Principala, Veranda Mall","Aleea Teiul Doamnei 4, București, România"
MzI1LTI0OTg5MzczODktMzI2NDIzOTk1OA,finished,in_app,12.8,2.5,11.5,13.1,1.5,3.0,2026-05-09,13:08:58,"Strada Vasile Lascăr 83, Bucureşti 020493","Obor Market, Strada Ziduri Moși 4, Bucureşti"
MzI1LTI0OTg5MjkyMzAtMzI2NDIyNTU2NA,finished,in_app,12.8,1.2,6.0,12.0,0.2,0.1,2026-05-09,13:01:53,"Strada Biserica Amzei 8, Bucureşti","Klauss Coffee Shop, Sector 2, Bucureşti"
MzI1LTI0OTg5MDEzNDAtMzI2NDE3NjY5MQ,finished,cash,20.2,3.9,16.6,14.1,1.2,3.1,2026-05-09,12:38:34,"Bulevardul Unirii 59, Bucureşti 030828","Liceul George Calinescu, Piata Amzei, Piața Amzei"
MzI1LTI0OTg4OTI0ODktMzI2NDE2MDA5OA,finished,in_app,12.8,0.7,2.8,14.4,1.8,2.9,2026-05-09,12:30:44,"Bulevardul Corneliu Coposu 1C, Bucureşti 030601","Hotel Marina, Centrul Civic, Bucureşti"
MzI1LTI0OTg4Nzk2MTctMzI2NDEzNjQyNA,finished,cash,14.3,4.2,12.9,19.6,0.6,1.5,2026-05-09,12:18:52,"Strada Ispravnicului 4, Tei, Bucureşti","Strada Radu Calomfirescu 13, Bucureşti"
MzI1LTI0OTg4NTUyMDgtMzI2NDA5NDAyMA,finished,in_app,15.3,3.8,16.6,13.8,0.1,0.3,2026-05-09,11:57:24,"Strada Ion Brezoianu 34, Bucureşti","Aleea Deda 1, Bucureşti 021235"
MzI1LTI0OTg4Mzc2MTQtMzI2NDA2MTA5MQ,finished,in_app,14.3,3.1,13.7,13.8,0.0,0.1,2026-05-09,11:41:43,"Strada Ion Slătineanu 3, Bucureşti 010601","Str. Constantin Mille 17, Bucureşti"
MzI1LTI0OTg4MDkyNjAtMzI2NDAxMTg0Mg,finished,business,19.4,5.5,20.5,16.2,1.3,2.4,2026-05-09,11:16:30,"Strada Vișana 4, Bucureşti 040394","Str. Ion Slatineanu 30, Bucureşti 010602"
MzI1LTI0OTg3NjkwODctMzI2Mzk0MjE2MQ,finished,in_app,28.9,10.8,33.1,19.6,0.4,1.0,2026-05-09,10:39:36,"Strada Zăgazului 25, Bucureşti","Strada Soldat Ilie Șerban 8B, Bucureşti"
MzI1LTI0OTg3MzU3NTctMzI2Mzg4MzAyOA,finished,in_app,28.0,7.9,24.9,19.0,0.8,1.0,2026-05-09,10:07:10,"Strada Izvor 106, Bucureşti 050564","The Clinique Beauty & Health, Strada Virgil Madgearu 16B, Sector 1, Bucureşti"
MzI1LTI0OTg3MDU0MTItMzI2MzgyNzc3OA,finished,in_app,21.4,5.8,22.9,15.3,1.2,5.3,2026-05-09,09:37:52,"Strada Măgura Vulturului 70, Bucureşti","Entrance JW Marriott Grand Hotel, JW Marriott Bucharest Grand Hotel"
MzI1LTI0OTgxMzk4MjAtMzI2MjcxNjYyMw,finished,cash,19.5,3.1,6.8,27.7,1.4,2.6,2026-05-08,23:27:35,"Intrarea principala, Gara de Nord","Metrou Stefan Cel Mare, Șoseaua Ștefan cel Mare, București, România"
MzI1LTI0OTgxMDY2MDctMzI2MjY2NTMyMg,finished,in_app,15.8,4.6,11.3,24.3,1.8,3.9,2026-05-08,23:05:16,"Piața Dorobanților 6, Bucureşti 010588","Strada Prunaru 6, Bucureşti"
MzI1LTI0OTgwNzM2MjgtMzI2MjYxMDUzMA,finished,in_app,20.2,6.0,18.5,19.4,1.6,5.0,2026-05-08,22:41:09,"Strada Ilfov 4, Bucureşti","Terra Events Hall, Bulevardul Lacul Tei 1 Bis, Tei, Bucureşti"
MzI1LTI0OTgwNTI0ODctMzI2MjU3NTg2OQ,finished,in_app,12.8,3.5,12.2,17.2,0.7,2.6,2026-05-08,22:25:38,"Strada Răcari 5, Bucureşti 031827","Splaiul Unirii 8, Bucureşti 00"
MzI1LTI0OTgwMzEwNzItMzI2MjUzOTc2NA,finished,in_app,14.9,4.4,10.8,24.3,1.5,5.7,2026-05-08,22:09:33,"Strada Vatra Luminoasă 119, Bucureşti 021915","Strada Mureșana 9, Bucharest"
MzI1LTI0OTc5Nzk1MDMtMzI2MjUwNTM0MQ,finished,cash,14.6,4.4,10.8,24.3,0.6,2.0,2026-05-08,21:54:53,Strada Răspântiilor 13,"Strada Baicului 64, Electronicii, Bucureşti"
MzI1LTI0OTc5OTkzNTAtMzI2MjQ4NjA5NA,finished,in_app,14.0,2.0,5.8,20.8,1.6,4.0,2026-05-08,21:46:44,"Bulevardul Pache Protopopescu 51, Bucureşti 021406","Strada Alecu Russo 10, Bucureşti"
MzI1LTI0OTc5MDI3NTEtMzI2MjMxMTkwMw,finished,cash,28.1,7.4,17.4,25.4,0.9,5.0,2026-05-08,20:37:15,"Strada Elena Farago 18, Bucureşti","Strada Ziduri Moși 4, Obor, Bucureşti"
MzI1LTI0OTc4OTE0OTYtMzI2MjI5MDQ3MQ,finished,in_app,12.8,0.7,4.7,9.0,0.9,3.6,2026-05-08,20:29:27,"Strada Sergent Ștefan Crișan 31, Bucureşti 060312","Calea Crangasi 40, Bucureşti 060342"
MzI1LTI0OTc4NjQ4MTgtMzI2MjIzOTk3Nw,finished,in_app,13.4,3.9,8.9,26.3,0.5,0.7,2026-05-08,20:10:44,"Bulevardul Regina Elisabeta 49, Bucureşti","Strada Barbu Lăutaru 8, Bucureşti 011331"
MzI1LTI0OTc4NDAwOTktMzI2MjE5MjQyOA,finished,in_app,18.9,5.4,13.4,24.2,0.4,1.2,2026-05-08,19:54:41,"Strada Secuilor 2A, Bucureşti 041514","Manuc's Inn, Old Town"
MzI1LTI0OTc3Nzc5NzctMzI2MjA3NTExMQ,finished,in_app,43.0,15.3,33.6,27.4,0.4,3.4,2026-05-08,19:15:06,"Aleea Donea Diana Alexandra 2, Berceni, Bucureşti","Aleea Donea Diana Alexandra 1, Berceni, Bucureşti"
MzI1LTI0OTc3NDA5NDktMzI2MjAwNjczMw,finished,cash,38.7,8.9,21.6,24.7,1.0,3.3,2026-05-08,18:51:28,"Șoseaua Morarilor 4K, Bucureşti 022452","Aleea Cricovul Sărat 14, București, România"
MzI1LTI0OTc2NzgzMDUtMzI2MTg4OTQ2NQ,finished,in_app,44.9,11.1,33.1,20.1,0.8,4.6,2026-05-08,18:12:07,"Strada George Mihai Zamfirescu 57, Bucureşti","Spitalul Sf. Pantelimon, Pantelimon, Bucureşti"
MzI1LTI0OTcwNDk2NjAtMzI2MDgwNTk4NA,finished,in_app,17.6,6.3,21.5,17.4,0.6,2.3,2026-05-08,10:37:11,"Strada Dumitru Papazoglu 79, Nerva Traian, Bucureşti","BRD Entrance, Orhideea Commercial Center"
MzI1LTI0OTcwMzAwMTctMzI2MDc3NTA1MA,finished,in_app,14.9,5.9,18.6,19.0,0.7,0.3,2026-05-08,10:21:08,"Bulevardul Eroii Sanitari 77, Bucureşti","Strada Vlaicu Vodă 8, Bucureşti"
MzI1LTI0OTY5OTE3OTgtMzI2MDcxNjU1Mw,finished,in_app,23.9,5.2,24.6,12.8,1.6,6.2,2026-05-08,09:46:55,"Strada Zambilelor 88, Bucureşti","Grădinița Olga Gudynn International School, Strada Făgăraș 6, Bucureşti"
MzI1LTI0OTY5NTQ4MjYtMzI2MDY1NzM0Mw,finished,in_app,19.4,4.0,21.8,10.9,1.4,5.2,2026-05-08,09:17:43,"Șoseaua Colentina 12, Bucureşti 021175","Rekolta, Calea Floreasca 102, Bucureşti"
MzI1LTI0OTY1NTk2NzYtMzI1OTkyNTE4Mg,finished,in_app,26.1,11.4,24.1,28.4,1.0,2.0,2026-05-07,22:47:43,"Strada Doctor Haralambie Botescu 9, Bucureşti 051213","Str. Jean Alexandru Steriadi 1, Bucureşti 032493"
MzI1LTI0OTY1MTY4NzMtMzI1OTg1MTAzOA,finished,in_app,39.0,13.1,32.7,24.0,1.8,4.9,2026-05-07,22:04:22,"Șoseaua Pipera 42, Bucureşti 020112","Int. Vârtejului 77a, București, România"
MzI1LTI0OTY1MTE0NzktMzI1OTg0MjMzMQ,finished,in_app,12.8,1.8,5.7,18.6,0.1,0.3,2026-05-07,21:59:43,"Șoseaua Pipera 43, Bucureşti","Strada Promoroacă 3a, Bucureşti"
MzI1LTI0OTY0OTA0OTEtMzI1OTgwNzQzMw,finished,in_app,14.9,6.7,12.1,33.0,1.0,1.9,2026-05-07,21:38:14,"Intrare Principala, Veranda Mall","Strada George Bacovia 29, Voluntari, România"
MzI1LTI0OTY0MTU0MjktMzI1OTY4Mzk4MQ,finished,cash,25.4,7.6,21.4,21.3,0.6,2.0,2026-05-07,20:25:55,"Strada Sibiu 10, Bucureşti 061543","Strada Vaselor 2, Sectorul 2, Bucureşti"
MzI1LTI0OTY0MDI1NzYtMzI1OTY2MzQ3NQ,finished,cash,12.8,2.1,6.2,20.4,1.7,3.5,2026-05-07,20:14:07,"Strada Brașov 15, Bucureşti 061441","Bloc Z5, Strada Sibiu, București, România"
MzI1LTI0OTYzNDcxOTctMzI1OTU3Mjg3Ng,finished,in_app,24.9,8.7,22.1,23.6,1.1,5.1,2026-05-07,19:26:39,"Calea Victoriei 155, Bucureşti 011013","Drumul Taberei 81, Drumul Taberei, Bucureşti"
MzI1LTI0OTYzMzE2MjYtMzI1OTU0NjE5OQ,finished,in_app,14.2,2.4,6.7,21.5,1.5,4.0,2026-05-07,19:13:48,"Soseaua Orhideelor, Sectorul 6, București","Șoseaua Nicolae Titulescu 177, Bucureşti 010745"
MzI1LTI0OTUwNDI3NTUtMzI1NzM1NTE0Mg,finished,cash,12.8,3.1,9.7,19.0,0.6,3.9,2026-05-06,20:17:44,"Strada Șelimbăr 2, Bucureşti","La Teu, Sector 2, Bucureşti"
MzI1LTI0OTUwMzM2NTItMzI1NzM0MDU1NA,finished,in_app,12.8,2.4,7.2,20.2,0.4,1.8,2026-05-06,20:09:20,"Intrare Calea Vitan, București Mall","Strada Sfânta Vineri 10, Bucureşti"
MzI1LTI0OTUwMTE3NjItMzI1NzMwNDQzNQ,finished,in_app,13.4,4.0,12.6,19.0,1.2,3.3,2026-05-06,19:49:31,"Strada Sfântul Ștefan 6, Bucureşti","Aleea Păcală 9, București, Румыния"
MzI1LTI0OTQ5NjkzMTQtMzI1NzIzNjQ5NQ,finished,in_app,16.6,4.8,22.7,12.8,0.8,2.7,2026-05-06,19:11:34,"Calea Griviței 30, Bucureşti","Le Château, Strada Turturelelor 11, Centrul Civic, Bucureşti"
MzI1LTI0OTQ5MjQxNjUtMzI1NzE2MzI4OA,finished,cash,12.8,0.2,8.4,1.2,0.4,5.9,2026-05-06,18:34:52,"Bucharest, Romania","Bulevardul Aviatorilor 76, Bucureşti 011866"
MzI1LTI0OTQ4NjAxMjctMzI1NzA1ODU3Ng,finished,in_app,31.5,8.9,22.8,23.5,1.8,4.2,2026-05-06,17:43:54,"Brico, Băneasa Shopping Area","Ambiance Residence Pipera, Bulevardul Pipera"
MzI1LTI0OTQ3ODg3NDctMzI1NjkzNzEwMQ,finished,in_app,46.9,9.5,47.8,12.0,0.5,2.9,2026-05-06,16:47:21,"Strada Căderea Bastiliei 86, Bucureşti 010617","Aleea Meteorologiei 19, Bucureşti"
MzI1LTI0OTQ3NzIyMjctMzI1NjkwNzI5MQ,finished,in_app,17.8,2.0,12.1,10.0,1.4,4.6,2026-05-06,16:34:48,"Strada George Călinescu 43, Bucureşti","Paint Salon, Intrarea Camil Petrescu 1, Bucharest"
MzI1LTI0OTQ3NDM0NDAtMzI1Njg1NzUzMg,finished,in_app,19.6,3.5,15.4,13.6,1.5,3.9,2026-05-06,16:12:39,"Strada Buzești 75-77, Bucureşti 011013","Strada Ramuri Tei 1c, București"
MzI1LTI0OTQ3MDk2NDMtMzI1Njc5ODU5Ng,finished,in_app,20.7,4.3,19.8,13.2,0.6,5.5,2026-05-06,15:47:12,"Strada Căderea Bastiliei 14-16, Bucureşti 010615","Subway entrance, Northern Railway Station"
MzI1LTI0OTQ2ODg1MDUtMzI1Njc2MzQ4Ng,finished,in_app,16.8,3.2,10.8,18.0,1.0,2.5,2026-05-06,15:31:35,"Str. Dr. Ernest Juvara 31, Bucureşti 060104","La Copac, Strada Pitar Moș 23, Sectorul 1, Bucureşti"
MzI1LTI0OTQ2NzI5NzgtMzI1NjczNzg5Mg,finished,in_app,17.7,4.1,9.8,25.4,1.5,4.3,2026-05-06,15:19:24,"Strada Piatra Craiului 33, București","Eroii Sanitari Boulevard, Swimming Pool UMF Carol Davila"
MzI1LTI0OTI3MDI4MzgtMzI1MzUyNTU1Ng,finished,business,16.6,2.4,6.7,22.0,2.2,3.7,2026-05-04,22:51:38,Strada Ankara 7,Bulevardul Alexandru Ioan Cuza 100
MzI1LTI0OTI2ODc4NzEtMzI1MzQ5ODU2OQ,finished,in_app,18.7,5.7,16.0,21.4,0.4,3.0,2026-05-04,22:30:41,"Calea Giulești 95, Bucureşti 060284","Strada Vasile Lascăr 220, Sectorul 2, Bucureşti"
MzI1LTI0OTI2NTQ2NjgtMzI1MzQ0MjAxNw,finished,in_app,13.3,4.4,13.5,19.5,1.2,3.9,2026-05-04,21:48:21,"Strada Toamnei 53, Sector 2, Bucureşti","Strada Petru Rareș 15, Bucharest 011101"
MzI1LTI0OTI2NDEzNDctMzI1MzQyMDIwMA,finished,in_app,20.7,8.3,16.5,30.0,0.6,1.2,2026-05-04,21:30:13,"Șoseaua Industriilor 2v, București 030352","Strada Sergent Năstase Pamfil 40, Bucureşti"
MzI1LTI0OTI2MjcyMTYtMzI1MzM5NzgwOQ,finished,cash,15.7,6.5,13.6,28.7,0.8,2.3,2026-05-04,21:12:20,"Bulevardul Pache Protopopescu 22, Bucureşti 021413","Strada Industriilor 1, București"
MzI1LTI0OTI2MDIzNDUtMzI1MzM2MDI2Mg,finished,cash,17.4,4.2,12.5,20.3,1.3,4.8,2026-05-04,20:42:44,"Entrance JW Marriott Grand Hotel, JW Marriott Bucharest Grand Hotel","Hotel CH Bucharest, Bulevardul Mircea Vodă 21, Centrul Civic, Bucureşti"
MzI1LTI0OTI1ODcxODYtMzI1MzMzNjEyNQ,finished,in_app,25.4,5.5,13.5,24.2,0.3,1.4,2026-05-04,20:23:48,"Strada Ion Brezoianu 18, Bucureşti 010136","Bl. P83, Strada Conțești 6, 13 Septembrie, Bucureşti"
MzI1LTI0OTI1NzYwMDUtMzI1MzMxODc4Ng,finished,cash,14.0,2.6,8.3,18.9,1.3,3.7,2026-05-04,20:10:50,"Strada Știrbei Vodă 103, Bucureşti 010121","Strada Nicolae Tonitza, Centrul Vechi"
MzI1LTI0OTI1NjIyNTctMzI1MzI5ODA2NQ,finished,in_app,17.4,4.5,7.9,34.5,1.2,2.7,2026-05-04,19:55:38,"Strada Știrbei Vodă 162, Bucureşti 010121","Magic Padel, Strada Așului, București, România"
MzI1LTI0OTI1NDc3MjUtMzI1MzI3NTkwOA,finished,cash,13.2,3.5,8.7,23.8,1.5,4.7,2026-05-04,19:39:30,"Calea Dorobanților 239, Bucureşti 010567","Bulevardul Dinicu Golescu 19, scara g, Bucharest, Romania"
MzI1LTI0OTI1MzcwNTUtMzI1MzI1OTQ2Ng,finished,in_app,13.1,2.6,8.6,18.1,1.2,3.1,2026-05-04,19:28:25,"Strada Maior Ștefan Sănătescu 31, Bucureşti","Aleea Alexandru 11, Dorobanți, Bucureşti"
MzI1LTI0OTI1MTc1NDktMzI1MzIyNzQ5Ng,finished,in_app,14.9,3.6,14.9,14.4,1.6,5.6,2026-05-04,19:07:56,"Strada Banul Antonache 49, Bucureşti 011663","Strada Vasile Gherghel 87, Bucharest, Romania"
MzI1LTI0OTI1MDU3MTUtMzI1MzIwODU4NQ,finished,in_app,12.8,1.3,5.6,14.3,1.2,2.4,2026-05-04,18:56:29,"Strada Locotenent Aviator Șerban Petrescu 34, Bucureşti","Strada Washington 48, Dorobanți, Bucureşti"
MzI1LTI0OTI0ODc4MTAtMzI1MzE3OTM4Ng,finished,cash,15.6,3.6,13.2,16.4,1.9,3.0,2026-05-04,18:39:13,"Calea Griviței 204A, Bucureşti 010755","Visiodent, Strada Andrei Mureșanu, Bucharest, Romania"
MzI1LTI0OTE5NTM4MzQtMzI1MjMxODc3NQ,finished,in_app,22.4,9.4,23.4,24.0,1.2,2.5,2026-05-04,10:44:48,"Strada Urziceni 11, Bucureşti 040967","Liceul Eugen Lovinescu, Drumul Taberei, Bucureşti"
MzI1LTI0OTE5MTk5MzktMzI1MjI2ODI3OQ,finished,in_app,12.8,3.4,9.4,21.8,1.7,3.6,2026-05-04,10:13:13,"Strada Pereni 26, Bucureşti 052337","Dedeman, Strada Acțiunii, Sector 4, Bucureşti"
MzI1LTI0ODcyMjI5NTAtMzI0Mzk3MTcwMQ,finished,cash,19.9,8.0,20.3,23.6,0.7,1.9,2026-04-30,22:21:52,"Dobrun 3, Bucureşti 00","Magic Place Events Grant, Ștrandul Crângași"
MzI1LTI0ODcxNTQxNjItMzI0Mzg0Njk4OA,finished,cash,23.0,6.5,18.5,21.0,1.6,3.9,2026-04-30,21:36:32,"Strada Paris 7, Bucureşti 011813","Strada Mărgeanului 26, Bucharest 051048"
MzI1LTI0ODcxMzQ5MjAtMzI0MzgxMjkwNw,finished,cash,13.9,3.0,11.0,16.1,0.3,2.0,2026-04-30,21:24:14,"Bulevardul Expoziției 30, București 012244","KFC Dorobanți, Calea Dorobanți, București, România"
MzI1LTI0ODcxMDYyMTYtMzI0Mzc2MTM0MA,finished,cash,20.4,3.6,10.0,21.7,2.0,6.1,2026-04-30,21:07:32,"Strada Doctor Iacob Felix 74, Bucureşti","Strada Parcului 38b, Bucharest, Romania"
MzI1LTI0ODcwODk1MzgtMzI0MzczMDkxMg,finished,in_app,16.1,2.8,6.0,28.0,1.9,3.9,2026-04-30,20:57:57,"Intrare camin A1, Complexul Studențesc Grozăvești","Strada Radu Popescu 7, Grivița, Bucureşti"
MzI1LTI0ODcwMjkzNjMtMzI0MzYyNzkwNA,finished,cash,33.2,10.7,27.2,23.6,1.8,7.3,2026-04-30,20:22:37,"Strada Prisaca Dornei 2, Bucureşti",Str. Domnita Ancuta 9
MzI1LTI0ODY5OTY5NzMtMzI0MzU3MDk3Nw,finished,cash,13.8,3.7,17.1,13.0,0.0,0.1,2026-04-30,20:03:53,"Bulevardul Chișinău 8, Bucureşti 022153","Strada Vlăhița 1, Bucureşti 032271"
MzI1LTI0ODY5NTcwMDQtMzI0MzQ5NTk1Mw,finished,in_app,20.6,5.6,22.9,14.8,0.2,0.6,2026-04-30,19:39:38,"Strada Constantin Mille 17, Bucureşti 010141","Bulevardul Chișinău 8, Bucharest 022153"
MzI1LTI0ODY5MjY2MzYtMzI0MzQzODMyMQ,finished,in_app,17.2,4.5,12.8,21.4,1.5,6.0,2026-04-30,19:20:47,"Strada Progresului 25, Bucureşti","Alt Shift, Strada Constantin Mille 4, Sector 1, Bucureşti"
MzI1LTI0ODY4OTc1MTEtMzI0MzM4MDY3MA,finished,in_app,16.8,3.7,11.6,19.1,1.1,4.0,2026-04-30,19:03:27,"Bulevardul Iuliu Maniu 15H, Bucureşti 061103","Str. Lt. Col. Constantin Marinescu 3, Bucureşti 050795"
MzI1LTI0ODY4NTQ4MDItMzI0MzI5NjM4Nw,finished,in_app,20.9,6.1,17.2,21.4,1.2,7.0,2026-04-30,18:38:01,"Intrarea Portocalelor 1B, Bucureşti 060101","Bulevardul Iuliu Maniu 53a, București, România"
MzI1LTI0ODY4NDAzMTctMzI0MzI2Nzk4MQ,finished,cash,16.6,1.6,6.2,15.4,1.5,2.1,2026-04-30,18:29:29,"Splaiul Independenței 319N, Bucureşti","Starbucks Entrance, Orhideea Commercial Center"
MzI1LTI0ODY4MTIwMzgtMzI0MzIxMTc0NA,finished,in_app,25.9,2.3,8.2,16.6,0.9,4.8,2026-04-30,18:12:23,"Strada General Petre Popovăț 11, Bucureşti","Cămin U4, Bucureşti"
MzI1LTI0ODYxODgwMDQtMzI0MjA2ODQ1MA,finished,cash,21.1,6.1,21.8,16.8,1.3,4.4,2026-04-30,11:19:01,"Șoseaua Fabrica de Glucoză 6-8, Bucureşti 020332","Gara de Nord, Gara de Nord, Bucureşti"
MzI1LTI0ODYxNTk2ODQtMzI0MjAyNTc2MA,finished,in_app,19.9,6.6,21.7,18.2,1.4,4.9,2026-04-30,10:55:37,"Șoseaua Mihai Bravu 134, Bucureşti 021336","JTI, Corp 1a+b, Sector 2, Bucureşti"
MzI1LTI0ODU2NzU2MzEtMzI0MTIwODkyOA,finished,in_app,29.7,8.4,21.9,23.2,1.2,3.3,2026-04-29,22:56:20,"Strada Elev Ștefan Ștefănescu 5, Bucureşti","Drumul Gura Crivățului 22, Titanul Nou, Bucureşti"
MzI1LTI0ODU2NjI3NjUtMzI0MTE4Mjk1MA,finished,in_app,13.1,4.7,11.1,25.6,1.0,0.9,2026-04-29,22:38:58,"Bulevardul Dimitrie Cantemir 21, Bucureşti 040236","Strada Doicești 6, Bucharest, Romania"
MzI1LTI0ODU2Mzc0NTctMzI0MTEzOTc3Nw,finished,in_app,16.7,7.1,14.2,30.2,0.0,0.6,2026-04-29,22:11:02,"Intrare Paul, Park Lake Mall","Strada Huedin 7, Bucureşti 040912"
MzI1LTI0ODU2MTQzNzUtMzI0MTEwMTM1Nw,finished,cash,24.6,9.1,21.1,25.7,1.9,4.8,2026-04-29,21:48:00,"AFI Park 2, Afi Palace Cotroceni","Intrare Paul, Park Lake Mall"
MzI1LTI0ODU2MDMyNDctMzI0MTA4NDUwMg,finished,in_app,12.8,1.7,5.1,20.5,1.4,3.0,2026-04-29,21:36:43,"Strada Săndulești 1, Bucureşti 061781","Str. Sibiu 2, Bucureşti 061539"
MzI1LTI0ODU1NzI1MTktMzI0MTAzNDIxMg,finished,in_app,26.9,12.6,29.6,25.6,0.6,3.7,2026-04-29,21:05:18,"Strada Cristea Mateescu 1, Bucureşti 023664","Aleea Lunca Siretului 10, Drumul Taberei, Bucureşti"
MzI1LTI0ODU1NDQ0NTEtMzI0MDk5MDE5Mw,finished,cash,16.7,4.7,18.1,15.6,1.4,3.4,2026-04-29,20:37:29,"Calea Floreasca 145, Bucureşti 014456","Strada Răscoala 1907 6, Bucureşti"
MzI1LTI0ODU1MDE1OTgtMzI0MDkyMDA2NQ,finished,in_app,20.6,6.2,18.3,20.3,0.6,1.6,2026-04-29,19:56:15,"Bulevardul Libertății 14, Bucureşti 050706","Str. Rossini Gioacchino, Comp. 3, Bucureşti 020236"
MzI1LTI0ODU0ODQzNDQtMzI0MDg5NDMxMw,finished,business,20.9,4.4,14.7,18.0,0.6,0.9,2026-04-29,19:40:14,"Strada Pictor Theodor Aman 42, Bucureşti 010779","Părculeț Piața Regina Maria, Piața Regina Maria, București"
MzI1LTI0ODU0NTE0OTYtMzI0MDg0NDM3Nw,finished,in_app,23.3,7.3,24.8,17.7,0.0,0.2,2026-04-29,19:11:13,"Main Entrance, Mega Mall","Calea Victoriei 208, Sector 1, Bucureşti"
MzI1LTI0ODU0MzA3NzQtMzI0MDgxMzYxMw,finished,in_app,21.4,5.0,17.8,16.7,0.8,2.4,2026-04-29,18:54:22,"Strada Anastasie Panu 8, Bucureşti","Main Entrance, Mega Mall"
MzI1LTI0ODUzODcwNDUtMzI0MDc0NDY5Mw,finished,in_app,35.3,8.3,32.3,15.5,0.6,1.9,2026-04-29,18:18:36,"Strada Tabla Buții 70, Bucureşti","Armony Hair Studio, Bulevardul Unirii, București, România"
MzI1LTI0ODQzNTA2NDctMzIzOTEyMDk3MQ,finished,in_app,20.9,4.6,9.3,29.8,1.9,4.0,2026-04-28,22:05:01,"Strada Sfântul Constantin 2, Bucureşti 010218","Calea Giulesti 24, Bucureşti 060276"
MzI1LTI0ODQzNDU5ODMtMzIzOTExMzY0Ng,finished,in_app,14.0,1.9,4.8,23.4,0.2,0.4,2026-04-28,22:00:33,"Strada Economu Cezărescu 61a, Bucureşti","Universitatea Națională de Educație Fizică și Sport, Strada Constantin Noica 140, Sector 6, Bucureşti"
MzI1LTI0ODQzMjk0NDItMzIzOTA4ODM0Mg,finished,in_app,22.4,6.1,14.2,25.6,1.8,4.3,2026-04-28,21:42:41,"Strada Dionisie Lupu 42, Bucureşti 020022","Strada Drajna 3A, Bucharest 060764"
MzI1LTI0ODQyOTQ1MDMtMzIzOTAzNTY2Nw,finished,in_app,26.2,7.4,21.2,20.8,0.4,0.9,2026-04-28,21:05:23,"Intrare Far, Afi Palace Cotroceni","Șoseaua Viilor 92, Bucureşti"
MzI1LTI0ODQyNzY3NzctMzIzOTAwOTAyMw,finished,in_app,17.2,5.0,9.9,30.5,1.2,2.5,2026-04-28,20:46:08,"Calea Grivitei 212, Bucureşti 010758","Galaxy Entrance, Afi Palace Cotroceni Mall"
MzI1LTI0ODQyNTEwOTYtMzIzODk3MDIyNw,finished,in_app,21.5,7.8,20.4,23.0,0.1,1.7,2026-04-28,20:18:39,"Strada Matei Voievod 114, Bucureşti 021457","Strada Turda 117-119, Bucharest 011322"
MzI1LTI0ODQyMzE2NDYtMzIzODkzOTkxMg,finished,cash,21.8,6.9,18.2,22.6,0.6,2.5,2026-04-28,19:59:31,"Strada Telița 14, Bucureşti 051886","Strada Matei Voievod 103, București, România"
MzI1LTI0ODQyMDM0ODYtMzIzODg5NjIzNQ,finished,cash,32.7,10.8,18.3,35.4,1.8,5.7,2026-04-28,19:32:15,"Strada Curcubeului 7G, Bragadiru 077025","Strada Malcoci 1, Bucureşti 051921"
MzI1LTI0ODQxNjA4ODItMzIzODgyOTA1OQ,finished,cash,34.1,11.2,30.5,22.1,0.0,0.4,2026-04-28,18:53:33,"Far Entrance, Afi Palace Cotroceni Mall","Strada Salciei 80, Bragadiru, Romania"
MzI1LTI0ODQxMzEyNTQtMzIzODc4MDk3OQ,finished,in_app,26.2,6.2,20.9,17.8,1.2,4.1,2026-04-28,18:28:03,"Bulevardul Constructorilor 16A, Bucureşti 060503","Intrare Far, Afi Palace Cotroceni"
MzI1LTI0ODQxMjQ2NDUtMzIzODc2OTg4Mg,finished,cash,17.9,1.2,3.6,19.9,1.4,3.3,2026-04-28,18:22:03,"Strada Scăeni 18, Bucureşti 060211","Strada Fraților 85, Bucharest, Romania"
MzI1LTI0ODMyNDQ5NjUtMzIzNzM3Nzk4OA,finished,in_app,22.5,9.2,18.9,29.3,1.7,1.3,2026-04-28,01:00:13,"Main entrance, Northern Railway Station","Șoseaua Olteniței 240, Bucureşti 041331"
MzI1LTI0ODMyMTY0MTEtMzIzNzMyMzY5Mg,finished,cash,19.9,8.6,18.9,27.3,0.0,0.2,2026-04-28,00:03:15,"Strada Verigei 6, Bucureşti","Strada Eterului 29, Vitan, Bucureşti"
MzI1LTI0ODMyMDQzNDgtMzIzNzMwMDI4NA,finished,in_app,24.5,10.2,16.8,36.4,1.2,0.7,2026-04-27,23:42:43,"Barrier Regie, Complexul Studențesc Regie","Str. Verigei 6, Bucureşti 050322"
MzI1LTI0ODMxOTg3MTEtMzIzNzI5MDA1Mw,finished,in_app,14.0,4.1,7.3,33.1,0.5,2.7,2026-04-27,23:33:24,"Strada Serg. Constantin Moise 5D, Bucureşti 061421","U1, Regie, Bucureşti"
MzI1LTI0ODMxOTM3MTYtMzIzNzI4MTU5NQ,finished,in_app,12.8,5.0,8.3,35.8,1.2,2.5,2026-04-27,23:25:46,"Calea Giulești 121, Bucureşti","Plaza Residence, Strada Serg. Alexandru Cutieru 25, Bucureşti"
MzI1LTI0ODMxMzE4NDctMzIzNzE3MjQ2OQ,finished,cash,13.8,4.9,9.1,32.4,1.5,3.2,2026-04-27,22:02:50,"Bulevardul Doina Cornea 4, Bucureşti 061349","Calea Crângași 58, Crângași, Bucureşti"
MzI1LTI0ODMxMjM1NDUtMzIzNzE1ODkyNA,finished,in_app,12.8,3.3,10.7,18.5,1.1,2.8,2026-04-27,21:53:11,"Bulevardul Schitu Măgureanu 45, Bucureşti 010184","Bus station, Faculty of Electronics, Telecommunications and Information Technology"
MzI1LTI0ODMxMDYwNTQtMzIzNzEzMTE0Mw,finished,cash,14.0,2.8,7.0,23.7,0.8,3.1,2026-04-27,21:30:34,"Strada George Georgescu 35, Bucureşti 040131","Aleea Trestiana 4, Bucureşti"
MzI1LTI0ODMwOTI3OTUtMzIzNzEwOTg5OQ,finished,in_app,14.0,2.4,7.5,19.1,1.2,4.3,2026-04-27,21:14:28,"Entrance H&M, Carrefour Vulcan",Str. Gherghina 9
MzI1LTI0ODMwODU1OTgtMzIzNzA5NzQ4NQ,finished,in_app,12.8,2.2,5.3,24.3,0.4,2.4,2026-04-27,21:06:01,"Strada Soldat Coman Ion 18, Bucharest 051073","Strada Ileana Cosânzeana 9, Bucharest 051786"
MzI1LTI0ODMwNjg0NTItMzIzNzA2OTkxNQ,finished,cash,18.8,6.7,17.1,23.4,0.8,2.5,2026-04-27,20:46:29,"Bulevardul Iuliu Maniu 67, Bucureşti 061086","Strada Bârnova 5, Bucureşti 051161"
MzI1LTI0ODMwMjMwNjMtMzIzNjk5ODc2MA,finished,in_app,18.6,5.4,14.5,22.6,0.4,0.2,2026-04-27,19:56:32,"Strada Locotenent Aviator Gheorghe Caranda 9, Bucureşti","Aleea Dealul Măcinului 35, Drumul Taberei, Bucureşti"
MzI1LTI0ODMwMDk4NTctMzIzNjk3ODg3OQ,finished,in_app,12.8,2.1,6.7,19.3,1.0,4.6,2026-04-27,19:42:20,"Strada Locotenent Colonel Constantin Marinescu 8, Bucureşti","Drumul Taberei 25, Bucureşti 061355"
MzI1LTI0ODI5ODY4MTYtMzIzNjk0NzE0Mg,finished,cash,14.7,2.9,10.3,16.8,1.2,2.9,2026-04-27,19:21:34,"Strada Brașov 25, Bucureşti 061444","Strada Antiaeriană 6a, București, România"
MzI1LTI0ODI4OTgwNzAtMzIzNjgwMzUyMg,finished,in_app,39.4,9.0,37.6,14.3,1.2,2.3,2026-04-27,17:55:57,"Șoseaua Orhideelor 15D, Bucureşti 060071","Strada Dantelei 81D, Bucharest"
MzI1LTI0ODE5ODk2NzktMzIzNTI2NzI4NA,finished,in_app,27.1,9.7,17.2,33.9,1.0,2.7,2026-04-26,23:34:25,"Intrarea Târgu Frumos 9, Bucureşti 040723","Intrarea Viforului 5, Militari, Bucureşti"
MzI1LTI0ODE5NTc5MzYtMzIzNTIwNjk4Mw,finished,business,63.1,14.0,25.1,33.4,1.1,5.1,2026-04-26,22:56:54,Calea Floreasca 246B,"Strada Tudor Gociu 24B, Sector 4, Bucureşti"
MzI1LTI0ODE5NDk4NDItMzIzNTE4NzYxNA,finished,in_app,43.7,7.0,12.1,35.0,0.8,2.3,2026-04-26,22:45:48,"Strada Vatra Luminoasă 87, Bucureşti 021913","Courtyard by Marriott Bucharest, Bulevardul Dimitrie Pompeiu 2A, Sector 2, Bucureşti"
MzI1LTI0ODE5MjkyNTItMzIzNTE0NzkyNA,finished,in_app,25.7,4.5,9.6,28.0,0.8,2.2,2026-04-26,22:23:23,"Calea Floreasca 60, Bucureşti 014462","Strada Pâncota 104, Bucharest, Romania"
MzI1LTI0ODE5MDg4NTgtMzIzNTEwOTQxNQ,finished,in_app,31.5,8.0,17.8,27.1,1.1,2.4,2026-04-26,22:02:55,"Șoseaua Morarilor 4M, Bucureşti 022452","Calea Dorobanților 111-131, Bucureşti"
MzI1LTI0ODE4OTU5OTQtMzIzNTA4NjUyNQ,finished,in_app,12.8,1.8,5.4,20.2,1.0,2.0,2026-04-26,21:50:28,"Strada Sergent Dumitru Pene 1A, Bucureşti","B-dul. 1 Decembrie 1918 19, Bucureşti 032452"
MzI1LTI0ODE4ODM1MTYtMzIzNTA2NDMxNg,finished,in_app,17.9,3.6,7.5,28.8,1.0,4.1,2026-04-26,21:37:43,"Drumul Murgului 30C, Bucureşti","Strada Ghiță Șerban Soldat 14, Bucureşti"
MzI1LTI0ODE4NTM4ODgtMzIzNTAxMTI0NA,finished,cash,29.8,9.8,26.9,21.8,1.1,2.4,2026-04-26,21:08:32,"Strada Venus 4, Bucureşti 051459","Aleea Școlarilor 10, Dristor, Bucureşti"
MzI1LTI0ODE4MDQzMDktMzIzNDkyODA0Mw,finished,cash,60.9,16.3,27.0,36.1,1.5,4.7,2026-04-26,20:20:00,"Drumul Taberei 30, Bucureşti 061387","Strada Zăvoiului 83, Cornetu, România"
MzI1LTI0ODA5NjU2OTYtMzIzMzQ0NzYwMg,finished,in_app,36.1,6.7,13.6,29.6,0.9,2.0,2026-04-26,03:51:12,"Calea Floreasca 21, Bucureşti 014453","Bulevardul Bucureștii Noi 50A, Bucureşti 012363"
MzI1LTI0ODA5NjEwNTUtMzIzMzQzNzQyNQ,finished,in_app,18.4,2.6,5.1,30.7,1.5,1.2,2026-04-26,03:46:35,"Bulevardul Nicolae Bălcescu 4, Bucureşti","Str. Fierari 2, Bucharest 020546"
MzI1LTI0ODA5MzY3MTUtMzIzMzM3OTY3Mw,finished,cash,15.9,6.6,8.1,49.1,0.7,0.7,2026-04-26,03:22:42,"Șoseaua Olteniței 210, Bucureşti 040055","Drumul Bercenarului 2-4, București 077120"
MzI1LTI0ODA5MTIzOTgtMzIzMzMyNDUyNg,finished,business,48.1,8.7,14.8,35.4,0.3,2.0,2026-04-26,03:01:12,"Strada Alexandru Beldiman 3, Bucureşti","Str. Anton Bacalbasa 28, Bucureşti"
MzI1LTI0ODA5MDEyMjAtMzIzMzI5OTQ0OQ,finished,in_app,14.0,3.3,7.9,24.8,0.0,0.1,2026-04-26,02:51:51,"Strada Doctor Constantin Istrati 1, Bucureşti 040542","Strada Ion Ghica 4, Bucureşti 030044"
MzI1LTI0ODA2OTQ3MTMtMzIzMjg2ODg2Nw,finished,in_app,47.4,11.3,27.6,24.6,0.6,1.4,2026-04-26,00:38:29,"Schitu Magureanu Exit 1, Cismigiu Park","Strada General Nicolae Haralambie 30, Bucureşti"
MzI1LTI0ODA2MzE1ODYtMzIzMjc0NzcxOA,finished,in_app,21.0,6.6,16.9,23.3,1.2,2.0,2026-04-26,00:05:50,"Bulevardul Chișinău 4, Bucureşti 022152","Strada Ioan Zalomit 3, Sectorul 1, Bucureşti"
MzI1LTI0ODA1NzI2MjUtMzIzMjYzODQ2OA,finished,cash,34.2,7.6,18.0,25.3,0.4,7.9,2026-04-25,23:32:39,"Strada Ion Câmpineanu 29, Bucureşti 010135",Strada Cernăuți 46
MzI1LTI0ODA1NTc3NDMtMzIzMjYxMTQ1OQ,finished,in_app,16.6,3.3,6.8,29.5,0.8,1.8,2026-04-25,23:23:49,"Strada Ștefan Octavian Iosif 4B, Bucureşti 030983","Boutique du Pain, Sector 1, Bucureşti"
MzI1LTI0ODA1MTU5MzUtMzIzMjUzNDk2NQ,finished,in_app,24.9,4.9,13.1,22.5,0.9,2.8,2026-04-25,22:58:45,"Calea Moșilor 160, Bucureşti 020883","Strada Locotenent Nicolae Pascu 2, Bucureşti 032074"
MzI1LTI0ODA0OTIyOTEtMzIzMjQ5MzIxMA,finished,in_app,12.8,3.4,9.5,21.6,0.4,2.4,2026-04-25,22:43:58,"Calea Șerban Vodă 58, Bucureşti 040212","Mega Image, Strada Mihai Eminescu 185, Sectorul 2, Bucureşti"
MzI1LTI0ODA0NTMxODItMzIzMjQyNzcwMA,finished,in_app,25.9,10.1,20.4,29.8,0.7,1.2,2026-04-25,22:18:16,"Drumul Gura Caliței 24, Bucureşti","Bulevardul Dimitrie Cantemir 20, Bucureşti 040245"
MzI1LTI0ODA0Mjg4NTMtMzIzMjM4NjY3Ng,finished,in_app,19.9,5.2,9.5,32.5,1.3,5.3,2026-04-25,22:03:00,"Calea Dudești 198, Bucureşti","Drumul Gura Crivățului 32H, Bucureşti"
MzI1LTI0ODAzODI0MjYtMzIzMjMwNjUzNg,finished,in_app,14.5,3.9,9.5,24.7,1.1,1.9,2026-04-25,21:32:25,"Strada Burniței 60L, Bucureşti 032342","Starbucks Entrance, Park Lake Mall"
MzI1LTI0ODAzNTAyNzUtMzIzMjI0ODk3NA,finished,in_app,26.5,7.2,15.2,28.4,1.7,4.2,2026-04-25,21:11:17,"Aleea Ciceu 5, Bucureşti 041785","Strada Prevederii 15, Bucureşti 032295"
MzI1LTI0ODAyOTMyMjQtMzIzMjE0ODQ1Mg,finished,cash,28.7,10.2,25.3,24.1,1.6,5.8,2026-04-25,20:34:51,"Calea Moșilor 251, Obor, Bucureşti","Intrarea Berceni 3A, Bucureşti"
MzI1LTI0ODAyNTkzMjAtMzIzMjA4Nzg2NQ,finished,in_app,25.2,7.6,20.1,22.8,0.5,1.9,2026-04-25,20:12:25,"Bulevardul Constructorilor 28, Bucureşti 060506","Boogie Bar, Strada Popa Petre 36, Sectorul 2, Bucureşti"
MzI1LTI0Nzg5NDQ3NzUtMzIyOTgyNjk4MQ,finished,cash,23.2,6.1,13.7,26.9,2.8,5.1,2026-04-24,23:45:42,"Oregon Park, Șoseaua Pipera 44-46, Oregon Park, Șoseaua Pipera 44-46","Royal Canin, Gara de Nord, Bucureşti"
MzI1LTI0Nzg5MTQzNTEtMzIyOTc3NzE5OA,finished,cash,24.3,2.4,7.9,18.3,3.5,6.8,2026-04-24,23:24:10,Șoseaua București Nord 10B,"Belvedere Residences, Șoseaua Fabrica de Glucoză 6-8, Sector 2, Bucureşti"
MzI1LTI0Nzg4NjgyNTQtMzIyOTcwNTc3OQ,finished,in_app,35.9,11.4,22.6,30.3,1.6,4.6,2026-04-24,22:52:05,"Strada Episcopiei 1-3, Bucureşti 010292","Drumul Negru 30C, Voluntari"
MzI1LTI0Nzg4MzUwNDEtMzIyOTY1Mzc2Mw,finished,business,18.2,5.6,18.6,18.1,0.7,3.6,2026-04-24,22:26:46,"Strada Agricultori 117, Bucureşti","Str. Grigore Alexandrescu 1, Bucureşti"
MzI1LTI0Nzg4MTg1MjItMzIyOTYyODMwNw,finished,business,15.4,1.9,5.9,19.0,1.2,4.0,2026-04-24,22:14:15,"Strada Dimitrie Racoviță 8, Bucureşti 023993","Strada Delea Veche 26, Bucureşti 024102"
MzI1LTI0Nzg4MTE0MzEtMzIyOTYxNzEyMw,finished,in_app,12.8,2.6,10.6,14.9,0.2,0.6,2026-04-24,22:08:59,"Strada Ion Brezoianu 3-5, Bucureşti 050021","Hotel Duke Armeneasca - Ex Tempo, Strada Armand Călinescu, Sector 2, Bucureşti"
MzI1LTI0Nzg3OTY0NzYtMzIyOTU5Mzg4Mw,finished,in_app,12.8,1.5,5.3,16.9,0.5,2.2,2026-04-24,21:58:32,"Calea Călărașilor 38, Bucureşti 030624","Control Club, Sector 1, Bucureşti"
MzI1LTI0Nzg3NzU4NjUtMzIyOTU2MjMxNw,finished,in_app,12.8,3.7,13.5,16.2,0.5,3.3,2026-04-24,21:43:11,"Strada Silfidelor 4, Bucureşti 050063","Anca Poterașu Gallery, Strada Popa Soare 26, Bucureşti"
MzI1LTI0Nzg3NDQ3OTgtMzIyOTUxMjYyNg,finished,cash,12.8,3.4,11.5,17.9,0.6,2.4,2026-04-24,21:19:56,"Bulevardul Dinicu Golescu 31, București","ZEUS Essence Bucharest Central, Strada Ion Brezoianu, Bucharest, Romania"
MzI1LTI0Nzg3Mzc4OTgtMzIyOTUwMTI2NQ,finished,cash,12.8,1.9,5.6,20.8,0.9,2.0,2026-04-24,21:14:58,"Mihail Kogălniceanu Entrance , Bucharest National Opera House","Institutul Medico-Militar, Strada Institutul Medico-Militar 3-5, Gara de Nord, Bucureşti"
MzI1LTI0Nzg3MDYwMzYtMzIyOTQ0NzkxMA,finished,in_app,15.0,2.8,15.0,11.2,1.5,5.0,2026-04-24,20:52:41,"Strada Frumoasă 27, Bucureşti","DeSoi Cismigiu, Bulevardul Regina Elisabeta, Bucharest, Romania"
MzI1LTI0Nzg2NTM0MTctMzIyOTM2ODMyMA,finished,in_app,42.1,16.3,30.7,31.8,1.0,0.4,2026-04-24,20:18:52,"Departures (same pickup point for Arrivals), Bucharest Henri Coanda Airport (OTP)","Strada Popa Tatu 31, Sector 1, Bucureşti"
MzI1LTI0Nzg1OTkyMTctMzIyOTI5MDQ1MA,finished,cash,20.4,4.6,5.6,48.8,2.8,2.8,2026-04-24,19:44:51,"Șoseaua București-Ploiești 101, București","Str. Zborului 22, Otopeni"
MzI1LTI0Nzg1NDI2ODYtMzIyOTIwMjU4Mg,finished,in_app,46.0,11.4,28.8,23.7,0.6,3.3,2026-04-24,19:08:06,"Rome Square / Lipscani Street, Old Town","Entrance, Bucharest Baneasa Airport (BBU)"
MzI1LTI0Nzg1MTY4NTYtMzIyOTE1OTQwMQ,finished,business,14.8,3.5,13.4,15.6,0.6,0.6,2026-04-24,18:50:34,"Strada Sfinții Voievozi 33, Bucureşti 010964","Papila, Strada Sfinților 6, Sectorul 2, Bucureşti"
MzI1LTI0Nzg0ODEzNjQtMzIyOTEwMjE2NA,finished,in_app,20.9,4.7,17.6,16.0,1.0,2.8,2026-04-24,18:27:54,"Strada Mihail Sebastian 29, Bucureşti","Strada Sfinții Voievozi 48-50, Bucureşti 010967"
MzI1LTI0Nzg0NTExNTgtMzIyOTA1MzQ4Mw,finished,in_app,21.2,6.4,17.0,22.7,0.6,1.3,2026-04-24,18:08:02,"Strada Ceahlăul 8, Bucureşti 060337","Strada Popovici Nicolae 3, Rahova, Bucureşti"
MzI1LTI0Nzc0NTc2NjItMzIyNzQxOTcwOQ,finished,cash,12.8,3.9,8.2,28.6,0.0,0.4,2026-04-24,00:37:04,"Aleea Călinești 2, Bucureşti 040972","Șoseaua Olteniței 26, Bucureşti 041314"
MzI1LTI0Nzc0NDIzMjUtMzIyNzM5MTMxNQ,finished,in_app,22.4,10.8,17.8,36.4,1.3,3.0,2026-04-24,00:15:55,"Bulevardul Theodor Pallady 27, Bucureşti 033310","Strada Tătulești 19, Giurgiului, Bucureşti"
MzI1LTI0Nzc0MjE3NTEtMzIyNzM1MzQzNg,finished,in_app,33.8,4.6,19.1,14.4,3.1,5.4,2026-04-23,23:50:35,"Bulevardul Chișinău 2, Bucureşti 022152","Aleea Buhusi 5, Bucureşti 032571"
MzI1LTI0Nzc0MDk3MTctMzIyNzMzMDE3OQ,finished,in_app,12.8,3.9,7.2,32.0,1.0,2.8,2026-04-23,23:36:02,"Aleea Lipănești 2, Bucureşti 032507","Strada Soldat Neagu Andrei 57, Bucureşti"
MzI1LTI0Nzc0MDA4OTAtMzIyNzMxNDM0Nw,finished,in_app,29.3,4.6,8.9,31.1,0.4,1.3,2026-04-23,23:25:56,"Șoseaua Pantelimon 244-246, București","Bulevardul Theodor Pallady 18, Bucureşti 032263"
MzI1LTI0NzczNDEzNzYtMzIyNzIxMTQwNw,finished,in_app,17.9,3.6,10.1,21.6,2.0,6.5,2026-04-23,22:23:09,"Bulevardul Carol I 26, Bucureşti 020922","Șoseaua Pantelimon 233, Bucureşti 021603"
MzI1LTI0NzczMDY2NzMtMzIyNzE1MzA2NQ,finished,in_app,28.7,11.0,24.1,27.5,0.4,0.7,2026-04-23,21:48:44,"Șoseaua Fabrica de Glucoză 8, București 020332","Strada Luceafărului 2, Bucureşti"
MzI1LTI0NzcyOTc3NDQtMzIyNzEzODk3Ng,finished,in_app,14.0,4.7,10.1,27.7,0.5,1.4,2026-04-23,21:39:35,"Șoseaua Ștefan cel Mare 236, Bucureşti 020164","Șoseaua Fabrica de Glucoză 9B, Bucureşti 020339"
MzI1LTI0NzcyNzYwNDctMzIyNzEwNTQzMg,finished,in_app,21.1,8.4,17.7,28.4,1.4,4.2,2026-04-23,21:17:35,"Drumul Gura Făgetului 55, Bucureşti","Calea Moșilor 251, Obor, Bucureşti"
MzI1LTI0NzcyNjExODItMzIyNzA4MjMwOQ,finished,cash,17.9,7.0,13.8,30.2,0.3,0.7,2026-04-23,21:03:23,"Șoseaua Olteniței 248, Bucureşti 041333","Strada Poștașului 15, Bucureşti"
MzI1LTI0NzcyMzA1NzItMzIyNzAzNTkxNQ,finished,in_app,38.4,10.4,26.3,23.9,1.4,3.2,2026-04-23,20:33:42,"Strada Făinari 2-4, Bucureşti 021223","Sos. Oltenitei 129, Bucharest 041306"
MzI1LTI0NzcyMDcxNDctMzIyNjk5OTcyMg,finished,cash,12.8,3.3,11.2,17.8,0.6,3.6,2026-04-23,20:11:59,"Strada Avrig 10, Bucureşti 021575","Maior Coravu , National Arena"
MzI1LTI0NzcxNzQ0NjUtMzIyNjk0ODI1Mw,finished,cash,17.5,2.3,10.1,13.9,1.6,3.2,2026-04-23,19:43:23,"Strada Tugomir Voievod 59, Colentina, Bucureşti","Strada Tugomir Voievod 61, Colentina, Bucureşti"
MzI1LTI0NzcxNjMyMzktMzIyNjkzMDA0Mg,finished,in_app,12.8,1.0,2.6,23.7,1.0,3.0,2026-04-23,19:33:58,"Strada Măgura Vulturului 65, Bucureşti","Șoseaua Iancului 132, Bucureşti"
MzI1LTI0NzcxMjAwMDItMzIyNjg2MTEyMA,finished,in_app,26.1,6.7,27.2,14.9,0.3,1.2,2026-04-23,18:58:57,"Strada Sfinții Voievozi 31, Bucureşti 010964","Intrare Parcare, Mega Mall"
MzI1LTI0NzcxMDc4NjktMzIyNjg0MjAxNA,finished,in_app,19.9,4.1,10.3,23.8,0.5,3.1,2026-04-23,18:48:56,"Strada Sergent Ștefan Crișan 31, Bucureşti 060312","Strada Mihail Moxa 13, Bucureşti"
MzI1LTI0NzYwNzk1MjUtMzIyNTIxMjI5MQ,finished,in_app,15.3,2.4,5.0,28.6,2.6,7.2,2026-04-22,23:32:27,"Calea Griviței 166, Bucureşti","Belvedere Nou, Strada Chibzuinței, București, România"
MzI1LTI0NzYwNDkzOTMtMzIyNTE1Nzg5MQ,finished,business,32.7,13.9,27.4,30.4,1.1,3.0,2026-04-22,22:57:21,Bulevardul 1 Decembrie 1918 33A,"Strada Sevastopol 20, Sectorul 1, Bucureşti"
MzI1LTI0NzYwMjU4NTctMzIyNTExNzE1Mg,finished,in_app,37.5,9.5,20.4,27.9,2.5,4.8,2026-04-22,22:31:05,"Strada Ion Ghica 11, Bucureşti 030045","Strada Jean Alexandru Steriadi 22, Titan - Balta Albă, Bucureşti"
MzI1LTI0NzYwMDg1NzUtMzIyNTA4MzgyMA,finished,in_app,14.0,3.1,8.7,21.7,1.5,2.6,2026-04-22,22:11:11,"Intrarea Sabiței 34, Bucureşti","Aleea Jieneasca 7, Bucureşti"
MzI1LTI0NzU5ODk4NzctMzIyNTA1MTQzMw,finished,cash,12.8,4.8,8.2,34.8,0.3,1.4,2026-04-22,21:52:53,"Bd. Theodor Pallady 51N, București","Strada Liviu Rebreanu 12, Bucureşti 031786"
MzI1LTI0NzU5NjEwMDgtMzIyNTAwNTE2OQ,finished,cash,34.5,12.6,22.3,33.8,0.8,3.6,2026-04-22,21:21:39,"Strada Ion Câmpineanu 11, Bucureşti 010031","KFC Pallady Drive-Thru, Bulevardul Theodor Pallady, București, România"
MzI1LTI0NzU5MzgyNzItMzIyNDk2OTE2Mg,finished,in_app,21.7,7.3,21.9,19.9,0.3,2.6,2026-04-22,20:59:04,"Bulevardul Camil Ressu 26, Bucureşti 031753","Strada Ion Brezoianu 22, Bucureşti 010136"
MzI1LTI0NzU4OTY2MzQtMzIyNDkwMzkwNw,finished,in_app,30.5,9.1,20.6,26.5,1.2,5.8,2026-04-22,20:16:10,"Aleea Stupilor 9, Bucureşti 041696","Bloc B1B, Strada Cozla 3, București 032732"
MzI1LTI0NzU4NjQ0ODMtMzIyNDg1NTI5Ng,finished,cash,26.7,8.5,20.3,25.1,0.2,1.8,2026-04-22,19:46:00,"Strada Matei Millo 15, Bucureşti 010144","Bulevardul Constantin Brâncoveanu 101, Berceni, Bucureşti"
MzI1LTI0NzU4MzY2MTctMzIyNDgxMzE0OQ,finished,cash,15.0,4.4,14.9,17.8,2.0,7.9,2026-04-22,19:21:03,"Strada Vișana 4, Bucureşti 040394","Control Club, Strada Constantin Mille, București, România"
MzI1LTI0NzU4MjYyNzYtMzIyNDc5ODE3Ng,finished,in_app,15.4,2.4,5.5,26.8,1.0,2.2,2026-04-22,19:12:10,"Strada Chiciurei 47, Bucureşti","Strada Nerva Traian 33, Bucureşti"
MzI1LTI0NzU3OTU1MjYtMzIyNDc1MjgzMw,finished,in_app,27.1,5.7,20.1,16.9,1.8,7.7,2026-04-22,18:45:07,"Benihana, Hotel Sheraton Bucuresti","Aleea Păcală 41-43, Vitan, Bucureşti"
MzI1LTI0NzU3NzIwMjItMzIyNDcxNjkxOA,finished,in_app,22.4,5.5,16.5,20.1,0.5,1.6,2026-04-22,18:25:31,"Strada Nicolae Oncescu 13, Bucureşti","Nishibo, Strada D. I. Mendeleev, Bucharest, Romania"
MzI1LTI0NzQ3MTU1MDAtMzIyMzA1Njk2Mw,finished,in_app,32.3,11.7,27.2,25.8,1.5,6.9,2026-04-21,21:30:36,"Strada Bărăției 33, Bucureşti 030167","Strada Lavandei 2, Militari, Bucureşti"
MzI1LTI0NzQ2NzIwMTEtMzIyMjk4OTQyMg,finished,in_app,36.9,10.7,26.1,24.7,1.5,4.0,2026-04-21,20:42:46,"Sera Eden, Strada C. A. Rosetti 37, Sector 2, Bucureşti","Hils Brauner, Strada Victor Brauner 40O, Titanul Nou, Bucureşti"
MzI1LTI0NzQ2NTgzMTctMzIyMjk2ODEzNQ,finished,in_app,13.7,4.7,14.7,19.4,0.6,1.6,2026-04-21,20:27:51,"Strada Odobești 2B, Bucureşti","Strada Bărăției 33, Centrul Istoric, Bucureşti"
MzI1LTI0NzQ2MzQ2MjktMzIyMjkzMTA2NA,finished,cash,12.8,3.1,7.0,26.9,1.2,3.1,2026-04-21,20:03:29,"Aleea Perișoru 5A, Bucureşti","Stay Fit Gym Pallady, Bulevardul Theodor Pallady, București, România"
MzI1LTI0NzQ2MTY1OTUtMzIyMjkwNDEwOA,finished,in_app,18.5,8.1,15.2,32.0,1.0,1.9,2026-04-21,19:45:08,"Strada Zizin 7, Bucureşti","Aleea Mizil 40, Bucureşti 032347"
MzI1LTI0NzQ2MDQyNDctMzIyMjg4NTcyMw,finished,in_app,15.4,2.8,7.5,22.2,0.8,3.1,2026-04-21,19:33:21,"Calea Șerban Vodă 213-217, Bucureşti","Impetus Dance Studio, Strada Foișorului, Bucharest, Romania"
MzI1LTI0NzQ1NjU5NzQtMzIyMjgyODMzNA,finished,cash,39.2,9.7,24.8,23.5,0.3,1.0,2026-04-21,18:58:22,"Intrare Dinicu Golescu, Gara de Nord","Str. Alexandru Anghel 5, Bucureşti 050373"
MzI1LTI0NzQ1NDI2NDMtMzIyMjc5MzU0MQ,finished,in_app,28.2,5.5,18.1,18.2,1.1,1.0,2026-04-21,18:38:10,"Șoseaua Chitilei 103, Bucureşti","Gara de Nord, Gara de Nord, Bucureşti"
MzI1LTI0NzQ0NDc2OTktMzIyMjY0ODg0NA,finished,cash,15.8,2.9,6.9,25.1,1.2,4.0,2026-04-21,17:17:51,"Șoseaua Chitilei 18, București, România","Str. Fratii Golescu 1, Bucureşti"
MzI1LTI0NzQzNzI3OTAtMzIyMjUzMjM3Mg,finished,in_app,38.0,8.4,43.4,11.7,1.6,7.1,2026-04-21,16:17:34,"Strada Brazilia 3, Bucureşti 011781","Strada Limanului 39, Bucureşti"
MzI1LTI0NzQyNDQ4OTEtMzIyMjMzNzE1Mg,finished,in_app,20.0,7.0,20.7,20.3,0.8,3.4,2026-04-21,14:37:53,"Strada Șura Mare 1, Bucureşti 041341","Calea Moșilor 215, Bucureşti"
MzI1LTI0NzM1NTgxNjktMzIyMTI0MTQ0OA,finished,cash,44.5,11.9,17.6,40.4,5.3,8.1,2026-04-20,23:24:44,"Intrare principala, Zona Comercială Băneasa","Str. Ceptura 49, Bucureşti"
MzI1LTI0NzM1MzAwMDItMzIyMTE4NDk3NQ,finished,in_app,17.9,7.3,11.5,37.9,1.6,1.9,2026-04-20,22:48:19,"Strada Liviu Rebreanu 7, Bucureşti 031772","Strada Magnoliei 33, Bucureşti 022791"
MzI1LTI0NzM1MDc4MTUtMzIyMTE0NDEzOA,finished,in_app,28.7,7.9,17.3,27.2,1.3,3.0,2026-04-20,22:19:33,"Bulevardul Regina Elisabeta 4-12, Bucureşti 030018","Aleea Fuiorului 3, Bucureşti 032173"
MzI1LTI0NzM0OTIwNjQtMzIyMTExNTg3MA,finished,in_app,17.1,4.8,14.6,19.7,1.1,6.1,2026-04-20,22:02:00,"Strada Doamna Ghica 3-5, București 022822","Calea Victoriei 112, Bucureşti"
MzI1LTI0NzM0NzU5NTEtMzIyMTA4ODkyNw,finished,cash,18.4,7.8,16.0,29.5,1.2,4.4,2026-04-20,21:43:15,"Bulevardul 1 Decembrie 1918 33A, Bucureşti 032455","Strada Ion Berindei 3, Tei, Bucureşti"
MzI1LTI0NzM0NjMxMjgtMzIyMTA2NzU3OQ,finished,in_app,12.8,4.1,8.7,28.2,1.3,4.3,2026-04-20,21:28:06,"Aleea Marius Emanoil Buteică 25-27, Bucureşti","Strada Mizil 4, Bucharest 032345"
MzI1LTI0NzM0NTYyNDktMzIyMTA1NTQwOQ,finished,cash,12.8,4.4,6.3,41.5,0.5,1.6,2026-04-20,21:20:03,"Bulevardul Constantin Brâncoveanu 14, Bucureşti 041449","Strada Călușarilor 1, Bucureşti"
MzI1LTI0NzM0MjYyNjEtMzIyMTAwNjEyNA,finished,in_app,31.9,10.2,19.5,31.3,1.4,2.8,2026-04-20,20:49:08,"Intrare Starbucks, Centrul Comercial Orhideea","Strada Sergent Nițu Vasile 60, Bucureşti"
MzI1LTI0NzM0MDQ4ODYtMzIyMDk3MTM1NA,finished,in_app,32.2,9.0,16.2,33.3,0.4,2.4,2026-04-20,20:26:09,"Strada Apolodor 3A, Bucureşti","Main Entrance IDM Club, Club IDM, Splaiul Independenței 319"
MzI1LTI0NzMzOTU2MTktMzIyMDk1NzU0Mw,finished,cash,15.3,4.3,9.3,27.7,1.6,4.5,2026-04-20,20:16:50,"Strada General Candiano Popescu 1, Bucureşti 040581","Strada Sfinții Apostoli 44, Centrul Civic, Bucureşti"
MzI1LTI0NzMzNzM0MjEtMzIyMDkyMjAzNw,finished,in_app,22.8,8.2,15.8,31.2,0.0,0.1,2026-04-20,19:55:07,"Calea Griviței 359, Bucureşti 010718","Str. Serg. Turturica 116, Bucureşti 052199"
MzI1LTI0NzMzNDIxMzMtMzIyMDg3Mzk4Ng,finished,in_app,20.7,4.6,17.4,16.0,0.9,2.2,2026-04-20,19:25:03,"Strada Maior Ștefan Sănătescu 43A, Bucureşti","Strada Bârlogeni 79, Bucureşti"
MzI1LTI0NzMzMjQ3ODktMzIyMDg0NzQ3MA,finished,in_app,12.8,4.0,12.9,18.5,0.3,2.9,2026-04-20,19:09:04,"Calea Dorobanților 99 A, Bucureşti 010561","Strada Mareșal Aviator Mircea Zorileanu 57, Bucureşti"
MzI1LTI0NzMzMDk4NjYtMzIyMDgyNDc1OQ,finished,in_app,15.4,2.3,5.1,27.7,1.4,6.7,2026-04-20,18:56:12,"Calea Victoriei 208, Bucureşti","Clinica Color Mind, Strada Ciprian Porumbescu, Bucharest, Romania"
MzI1LTI0NzMyOTg2NzItMzIyMDgwNjUwNQ,finished,in_app,18.4,3.4,9.3,22.0,0.8,1.6,2026-04-20,18:46:04,"Strada Chibzuinței 8, Bucureşti","Strada Mihail Moxa 11, Bucureşti 010961"
MzI1LTI0NzIyODE1NDItMzIxOTA4NTI1OQ,finished,business,51.9,11.1,17.3,38.5,5.3,8.7,2026-04-20,00:01:39,Aleea Pescăruș 1,"Komitat West, Strada Preciziei, București, România"
MzI1LTI0NzIyNjc0MjEtMzIxOTA1MjQ4Ng,finished,in_app,39.9,10.8,18.8,34.4,0.5,1.9,2026-04-19,23:40:08,"Strada Eforiei 10, Bucureşti 050037","Strada Francisc Munteanu 17, Bucharest, România"
MzI1LTI0NzIyNTQ3OTYtMzIxOTAyNTM4NA,finished,in_app,18.6,5.9,15.0,23.6,0.9,3.7,2026-04-19,23:23:48,"Strada Furculești 14, Bucureşti","Hilton Garden Inn, Old Town"
MzI1LTI0NzIyMzU0MzktMzIxODk4NjA3Mg,finished,in_app,44.7,6.7,18.6,21.6,1.4,2.0,2026-04-19,23:01:02,"Șoseaua Nicolae Titulescu 1, Bucureşti 011131","Strada Soldat Modoran Ene 5, Bucharest"
MzI1LTI0NzIyMTcxMjgtMzIxODk1MDYzNg,finished,in_app,12.8,4.1,6.4,39.0,0.6,2.5,2026-04-19,22:40:04,"Strada Serg. Alexandru Cutieru 25A, Bucureşti 061422","Strada Valea Cascadelor 11D, Militari, Bucureşti"
MzI1LTI0NzIxOTk2NjQtMzIxODkxODI0Nw,finished,cash,17.9,4.0,9.1,26.0,1.3,3.4,2026-04-19,22:20:51,"Carrefour, Strada Economu Cezărescu, București, România","Bloc P14, Aleea Dumbrăvița, București, România"
MzI1LTI0NzIxODg5OTgtMzIxODg5ODY3OA,finished,in_app,20.6,4.9,12.5,23.7,0.8,2.0,2026-04-19,22:10:05,"BRD Entrance, Orhideea Commercial Center","Splaiul Independenței 313B, Bucureşti 060042"
MzI1LTI0NzIxNzE1MzAtMzIxODg2Njc0Nw,finished,cash,15.4,4.6,13.7,20.3,0.4,2.5,2026-04-19,21:52:36,"Strada Serg. Ion Marcu 5, Bucureşti 061425","Onix Residence, Splaiul Independenței 202, Grozăvești, Bucureşti"
MzI1LTI0NzIxNjQ3NjUtMzIxODg1NDc0Ng,finished,in_app,12.8,1.2,3.4,20.7,0.0,0.1,2026-04-19,21:45:37,"Intrare Far, Afi Palace Cotroceni","Strada Serg. Constantin Moise 5B, Bucureşti 061421"
MzI1LTI0NzIxNTAyNjQtMzIxODgyOTA0MA,finished,in_app,27.9,3.3,8.9,22.1,1.9,1.9,2026-04-19,21:30:50,"Main entrance, Northern Railway Station","Intrarea Răzoare 5, Bucharest, Romania"
MzI1LTI0NzIxMzEzNTQtMzIxODc5NTgwOA,finished,cash,15.1,4.0,9.0,26.6,4.3,5.4,2026-04-19,21:12:30,"Calea Giulești 396, București","Strada Zboina Neagră 1, Crângași, Bucureşti"
MzI1LTI0NzIwNzk3MjAtMzIxODcwNzI3Mg,finished,in_app,55.4,18.6,32.2,34.6,2.0,6.6,2026-04-19,20:23:34,"Aleea Cislău 3, Bucureşti","Sameday HUB Central, Șoseaua de Centură, Rudeni, România"
MzI1LTI0NzIwMzgwMzEtMzIxODYzNzkzNQ,finished,in_app,45.5,16.3,37.2,26.3,2.0,6.0,2026-04-19,19:43:10,Strada Opalului 16-18,"Strada Delfinului 7, Pantelimon, Bucureşti"
MzI1LTI0NzEwNjYxNjctMzIxNjg0MjE5NQ,finished,in_app,16.8,2.5,5.8,25.3,1.3,3.6,2026-04-19,01:49:03,"Bulevardul Mihail Kogălniceanu 5, Bucureşti 050101","Orhideea Towers, Splaiul Independenței 15A, Bucureşti"
MzI1LTI0NzEwMDkyODUtMzIxNjcyMzA2Ng,finished,cash,16.3,5.7,11.5,29.9,0.9,1.9,2026-04-19,01:15:13,"Bulevardul Tineretului 8-10, Bucureşti","Str. Toporasi 1-7, Bucureşti"
MzI1LTI0NzA5ODk5MTQtMzIxNjY4NDcxMw,finished,in_app,14.9,4.4,9.3,28.2,0.8,1.4,2026-04-19,01:04:41,"Strada Releului 11-13, Bucureşti 032091","Club Guesthouse, Splaiul Unirii 160, Bucureşti"
MzI1LTI0NzA5NjkxNzItMzIxNjY0Njk2Mw,finished,in_app,17.8,4.1,7.5,32.5,0.8,2.1,2026-04-19,00:53:50,"Ion Minulescu Street 67-93 , Flaros","Aleea Suraia 8, Bucureşti 032056"
MzI1LTI0NzA5NDYxOTktMzIxNjYwMjI0NQ,finished,in_app,15.3,3.5,9.3,22.8,0.0,0.3,2026-04-19,00:41:12,"Rome Square / Lipscani Street, Old Town","Strada Foișorului 20A, Bucureşti"
MzI1LTI0NzA5MzQwNTEtMzIxNjU3ODk1Ng,finished,in_app,21.7,2.0,6.4,18.5,0.9,1.3,2026-04-19,00:34:16,"Strada Olimpului 26, Bucureşti 040198","Rome Square / Lipscani Street, Old Town"
MzI1LTI0NzA4ODIzMDUtMzIxNjQ4MjgwMQ,finished,in_app,38.3,7.3,15.6,28.0,1.1,4.7,2026-04-19,00:04:36,"Strada Spătarului 4, Bucureşti 020774","Șoseaua Olteniței 248, Bucureşti 041333"
MzI1LTI0NzA4NDcyMTQtMzIxNjQyMzk4OA,finished,cash,15.3,3.1,11.4,16.3,0.0,0.3,2026-04-18,23:44:52,"Manuc's Inn, Old Town","Calea Călărașilor 90, Centrul Civic, Bucureşti"
MzI1LTI0NzA4MjMzNjctMzIxNjM3ODkzNw,finished,in_app,16.4,5.4,15.6,20.7,0.5,2.9,2026-04-18,23:29:11,"Str. Gheorghe Titeica 48, Bucureşti 020302","Manuc's Inn, Old Town"
MzI1LTI0NzA3OTExMjktMzIxNjMyMjI4Nw,finished,cash,28.6,10.4,21.1,29.6,1.2,0.9,2026-04-18,23:09:21,"Șoseaua Olteniței 125, Bucureşti 041307","Strada Zambilelor 3, Bucureşti 023781"
MzI1LTI0NzA3NDQ2MDQtMzIxNjI0MjkzOA,finished,in_app,51.9,8.1,20.9,23.3,0.4,1.9,2026-04-18,22:40:51,"Strada Ion Câmpineanu 28, Bucureşti","Str. Tulnici 8, Bucureşti 041973"
MzI1LTI0NzA3MTc3NTEtMzIxNjE5ODk5MA,finished,in_app,14.5,4.3,15.0,17.3,1.3,4.5,2026-04-18,22:24:05,"Entrance Sergent Constantin Ghercu, Complexul Studențesc Regie","Noar Hall, Strada Ion Câmpineanu, Bucharest, Romania"
MzI1LTI0NzA2NzE1NTEtMzIxNjExODgxNA,finished,cash,32.4,10.2,22.3,27.5,1.0,2.3,2026-04-18,21:55:10,"Șoseaua Olteniței 133, Bucureşti 041308","Strada Drajna 6, București, România"
MzI1LTI0NzA2NDI4MjYtMzIxNjA2OTQ4MQ,finished,cash,20.9,7.5,12.0,37.3,0.7,2.6,2026-04-18,21:36:49,"Bulevardul Theodor Pallady 51G, Bucureşti 011142","Strada Sergent Ion Iriceanu 2, Bucureşti"
MzI1LTI0NzA2MjcxNTUtMzIxNjA0MTQ5NA,finished,cash,14.1,3.4,7.3,27.9,1.7,3.7,2026-04-18,21:26:43,"Splaiul Unirii 9, Popești-Leordeni 077160","McDonald's, Bulevardul Theodor Pallady, București, România"
MzI1LTI0NzA2MDUzMTctMzIxNjAwMzMxMA,finished,cash,20.0,7.7,13.2,35.1,0.7,1.7,2026-04-18,21:13:13,"Șoseaua Olteniței 218, Bucureşti 041326","Strada Cicoarei 18, Popești-Leordeni, România"
MzI1LTI0NzA1NjAyNzAtMzIxNTkyNDAzOA,finished,in_app,18.3,5.9,11.6,30.3,0.6,3.9,2026-04-18,20:45:05,"Bulevardul Râmnicu Sărat 29, Bucureşti 031906","Strada Solstițiului 39, Popești-Leordeni"
MzI1LTI0NzA1MjA5MDYtMzIxNTg1NzIzMA,finished,in_app,20.6,6.6,21.9,18.1,1.1,2.8,2026-04-18,20:19:56,"Intrarea Știucii 10, Ostrov, Bucureşti","Aleea Lăcrămioarei 9, Bucureşti"
MzI1LTI0NzA1MDQwNTItMzIxNTgyOTA4NA,finished,in_app,12.8,2.0,8.8,13.5,0.6,1.1,2026-04-18,20:09:28,"Gara de Est, Bucuresti, Gara de Est, Bucuresti","Bulevardul Chișinău 2, Bucureşti 022152"
MzI1LTI0NzA0NjQxNTMtMzIxNTc1OTkxNQ,finished,in_app,14.3,4.0,8.9,26.9,1.6,3.6,2026-04-18,19:44:36,"Cofetăria Paradis, Șoseaua Pantelimon, București, România","Strada Stolnicu Vasile 21, Bucureşti"
MzI1LTI0NzA0MjI0MzYtMzIxNTY4OTk5OQ,finished,cash,12.8,0.3,5.9,2.8,0.7,1.6,2026-04-18,19:19:35,"Șoseaua Colentina 2, Bucureşti 021172","Downtown fitness, Bucur Obor"
MzI1LTI0NzAzNTc2MzktMzIxNTU3OTY4NA,finished,in_app,25.7,9.7,26.9,21.5,0.0,0.5,2026-04-18,18:40:21,"Far Entrance, Afi Palace Cotroceni Mall","Maior Coravu , National Arena"
MzI1LTI0NzAzNDE2MzItMzIxNTU1MjgyNg,finished,in_app,22.6,4.7,7.9,35.8,1.8,3.8,2026-04-18,18:30:34,"Strada Pușcașului 23, Bucureşti 012161","Intrare Far, Afi Palace Cotroceni"
MzI1LTI0Njg2NDg3MjAtMzIxMjY3MjM0OA,finished,cash,13.7,3.1,11.3,16.3,0.9,2.3,2026-04-17,17:46:12,"Calea 13 Septembrie 211, Bucureşti 050722","Bulevardul Timișoara 14A, Bucureşti 061329"
MzI1LTI0Njg2NDA4ODItMzIxMjY1ODk5Ng,finished,in_app,12.8,1.4,4.8,16.9,0.5,1.7,2026-04-17,17:40:53,"Strada Vicina 2, Bucureşti 051927","Strada Dumbrava Nouă 31, Bucureşti 051146"
MzI1LTI0Njg1OTg2NDItMzIxMjU4NTE0NQ,finished,cash,25.1,6.9,23.8,17.3,0.8,1.4,2026-04-17,17:11:49,"Calea Plevnei 236, Bucureşti 060016","Str. Amurgului 14, Bucureşti 051984"
MzI1LTI0Njg1NzUyNzItMzIxMjU0NDgzMg,finished,in_app,13.0,2.7,9.4,17.5,0.6,2.4,2026-04-17,16:55:55,"Strada Buzești 61, Bucureşti 011013","Swiss Clinics, Aleea Tibles 45, Regie, Bucureşti"
MzI1LTI0Njg1NDgzODktMzIxMjQ5NzYzNw,finished,in_app,12.8,2.9,14.2,12.4,0.4,3.9,2026-04-17,16:36:59,"Calea Floreasca 131, Bucureşti 014456","Strada Frumoasă 36, Bucureşti"
MzI1LTI0Njg1MTA5ODItMzIxMjQzMjc2OA,finished,in_app,39.4,8.3,25.3,19.7,0.1,0.6,2026-04-17,16:10:53,"Entrance, Bucharest Baneasa Airport (BBU)","Intrarea Tudor Ștefan 43, Sector 1, Bucharest, Rumunia"
MzI1LTI0Njg0MDA4MzctMzIxMjI0NzY3MQ,finished,cash,53.8,15.5,50.1,18.6,0.7,2.9,2026-04-17,14:54:14,"Strada Pereni 27, Bucureşti 052337","Intrare, Aeroportul Bucuresti Baneasa (BBU)"
MzI1LTI0NjgzNzUxMDgtMzIxMjIwNjM5NA,finished,cash,14.9,2.6,13.3,11.7,0.2,1.7,2026-04-17,14:36:29,"Strada Buzoieni 2, Bucureşti 051194","Aleea Livezilor 2, Bucureşti 052434"
MzI1LTI0NjgzNDk1MTEtMzIxMjE2NTc4Nw,finished,cash,15.1,3.7,13.1,16.9,0.9,2.3,2026-04-17,14:18:10,"Strada Iacob Andrei 31, Bucureşti 052573","Strada Soldat Modoran Ene 7, Bucureşti"
MzI1LTI0NjgzMzA0NTMtMzIxMjEzNjg1OQ,finished,cash,13.3,3.3,9.9,20.1,0.4,1.6,2026-04-17,14:04:25,"Strada Fabrica de Chibrituri 7-19, Bucureşti","Vadul Nou, Ferentari, Bucureşti"
MzI1LTI0NjgyOTMwMzAtMzIxMjA3ODE5MA,finished,in_app,17.8,4.5,19.4,13.9,0.4,1.6,2026-04-17,13:37:36,"Intrare Dinicu Golescu, Gara de Nord","Fabrica de Ciocolată, Șoseaua Viilor, București, România"
MzI1LTI0NjgyNzg3NzMtMzIxMjA1NjIyMg,finished,in_app,12.8,0.9,3.8,14.2,0.3,0.9,2026-04-17,13:27:14,"Strada Olănești 3, Bucureşti","Calea Giulesti 23, Bucureşti 060252"
MzI1LTI0Njc1MzQ1NDAtMzIxMDgyMDQ2NQ,finished,cash,12.8,3.8,9.9,23.3,1.0,2.8,2026-04-16,21:45:32,"Strada Acvilei 42, 077042","Metrou Gorjului, Militari, Bucureşti"
MzI1LTI0Njc1MTE1NjItMzIxMDc4Mzk3OA,finished,in_app,24.3,8.8,17.6,30.1,0.6,1.8,2026-04-16,21:22:29,"Calea Plevnei, Sectorul 6, București","Auchan, Bulevardul Iuliu Maniu 546-560, Militari"
MzI1LTI0Njc1MDA3ODctMzIxMDc2NDIzMQ,finished,in_app,14.0,5.0,10.9,27.4,0.3,1.3,2026-04-16,21:11:08,"Aleea Moinești 22, Bucureşti 061239","Entrance Sergent Constantin Ghercu, Complexul Studențesc Regie"
MzI1LTI0Njc0ODg4MzUtMzIxMDc0NDM5Ng,finished,cash,12.8,3.2,8.5,22.3,0.4,1.2,2026-04-16,21:00:12,"Strada Brașov 23A, Bucureşti 061444","Str. Crainicului 3, Bucureşti 062156"
MzI1LTI0NjczNTg2NDUtMzIxMDU0NDc4NA,finished,cash,17.0,6.5,17.0,23.0,0.8,1.6,2026-04-16,19:04:19,"Șoseaua Orhideelor 31, Bucureşti 010953","Strada Bozieni 9, Bucureşti 061615"
MzI1LTI0NjczNDUwMTEtMzIxMDUyNDAyMA,finished,in_app,13.4,2.3,9.6,14.2,1.3,1.1,2026-04-16,18:53:06,"Bulevardul Dacia 41, Bucureşti 010404","Gara de Nord, Gara de Nord, Bucureşti"
MzI1LTI0NjczMDM2NzEtMzIxMDQ2MDc3NQ,finished,in_app,24.9,5.9,20.3,17.6,0.4,1.8,2026-04-16,18:20:28,"Bulevardul Timișoara 43, Bucureşti 061314","Strada Ion Câmpineanu 12, Bucureşti 010036"
MzI1LTI0NjcyODY5NjMtMzIxMDQzNDg2NA,finished,in_app,14.2,2.2,7.3,18.6,0.8,1.9,2026-04-16,18:07:23,"Strada Pravăț 8, Bucureşti 061563","Intrarea Strada Lujerului, Cora Lujerului"
MzI1LTI0NjcyNTI5NTgtMzIxMDM4MzAyNQ,finished,in_app,19.6,5.3,19.0,16.6,0.7,3.5,2026-04-16,17:40:46,"Strada Căpitan Ionescu 12, București 077042","Strada Sibiu 17, Bucureşti 061535"
MzI1LTI0NjcyMzcyMDMtMzIxMDM1NzI4OA,finished,cash,12.8,1.8,5.2,21.3,1.1,4.1,2026-04-16,17:28:34,"Strada Mărgelelor 11B, Bucureşti","Bulevardul Alexandru Ioan Cuza 27, Roşu 077040"
MzI1LTI0NjcxNDY2MDEtMzIxMDIwNzI2MA,finished,in_app,47.0,14.9,56.0,16.0,0.4,1.6,2026-04-16,16:20:37,"Strada Tineretului 17, 077042","Strada Tineretului 17, 077042"
MzI1LTI0NjcxMjk4MjktMzIxMDE4MDk0Mg,finished,in_app,23.6,2.4,7.2,19.9,1.5,3.8,2026-04-16,16:07:42,"Strada Preciziei 3g, București",Strada Rezervelor 64B
MzI1LTI0NjcxMTkxNzctMzIxMDE2MzA4Mw,finished,cash,12.8,1.1,4.0,16.5,0.7,2.5,2026-04-16,16:00:06,"Strada Apusului 50, Bucureşti 062288","Intrarea principala , Autogara Militari "
MzI1LTI0NjcwNjU2MzgtMzIxMDA3MjM4NQ,finished,cash,32.5,10.2,28.2,21.7,1.3,2.3,2026-04-16,15:21:32,"Strada Doctor Leonte Anastasievici 4, București 061344",Strada Acvilei 42
MzI1LTI0NjcwNDUxMjctMzIxMDAzODM2OA,finished,cash,13.1,2.7,8.6,19.0,0.8,2.9,2026-04-16,15:06:02,"Bulevardul Iuliu Maniu 17, Bucureşti","Intrare vizitatori, Spitalul Universitar de Urgență București"
MzI1LTI0NjY5OTk2MDgtMzIwOTk2NDc5MQ,finished,in_app,22.4,8.2,21.3,23.2,0.9,5.9,2026-04-16,14:32:25,"Bulevardul Mărăști 19, Bucureşti",Str. Fanului 14A
MzI1LTI0NjY5ODMxNDItMzIwOTkzOTc0MQ,finished,in_app,14.8,2.3,5.8,23.5,1.9,6.5,2026-04-16,14:19:55,"Strada Maior Câmpeanu Alexandru 58, Bucureşti","Strada Maior Ștefan Sănătescu 44, Bucureşti"
MzI1LTI0NjQ5OTI4NjktMzIwNjY4MTM1Nw,finished,business,32.4,9.6,18.0,31.9,3.2,4.2,2026-04-14,23:33:35,"Parcul Regele Mihai I, Sectorul 1, București","Strada Liniei 13-15, Bucharest"
MzI1LTI0NjQ5Njk4ODQtMzIwNjYzMzkzNg,finished,in_app,27.1,10.0,15.0,39.7,2.2,6.3,2026-04-14,23:02:49,"Piața Gara Filaret 2, Bucureşti","Bulevardul Dimitrie Pompeiu 3, București, România"
MzI1LTI0NjQ5NDIxMDktMzIwNjU3ODE4OQ,finished,cash,24.8,7.0,13.3,31.8,2.3,4.8,2026-04-14,22:29:43,"Bulevardul Eroii Sanitari 49A, Bucureşti 050471","Aleea Livezilor 43, Ferentari, Bucureşti"
MzI1LTI0NjQ5MTQzMTMtMzIwNjUyNTMwOA,finished,in_app,35.2,14.9,26.1,34.4,3.4,5.3,2026-04-14,22:00:24,Strada Ceair 18,"Gara de Nord, Bucharest, Romania"
MzI1LTI0NjQ5MDU1NzktMzIwNjUwODk5Mw,finished,cash,12.8,3.3,7.0,28.7,1.3,2.3,2026-04-14,21:51:15,"Calea Bucureștilor 78, Otopeni 075100","Penny, Strada 23 August, Otopeni, România"
MzI1LTI0NjQ4ODcwNDQtMzIwNjQ3NDk2Ng,finished,in_app,20.9,9.3,14.0,40.1,0.2,0.3,2026-04-14,21:32:16,"Șoseaua București-Ploiești 40, Bucureşti 013695","Tunari Residence, Strada 1 Decembrie, Tunari, Romania"
MzI1LTI0NjQ4NTgyMTEtMzIwNjQyMzM0Mg,finished,in_app,27.1,10.2,25.0,24.5,0.2,0.5,2026-04-14,21:03:56,"Șoseaua Iancului 37, Bucureşti 021718","Entrance, Bucharest Baneasa Airport (BBU)"
MzI1LTI0NjQ4NDYwMTctMzIwNjQwMjEwMA,finished,in_app,12.8,4.0,9.2,26.1,0.2,0.8,2026-04-14,20:52:15,"Bulevardul Carol I 23, Bucureşti 030162","Strada Grigore Gabrielescu 21, Vatra Luminoasă, Bucureşti"
MzI1LTI0NjQ4Mjg2MzktMzIwNjM3Mjk0Nw,finished,in_app,12.8,2.2,6.6,20.5,0.3,0.8,2026-04-14,20:34:48,"Piața Gării de Nord 2, Bucureşti","Gregory Tour, Calea Plevnei, Bukareszt, Rumunia"
MzI1LTI0NjQ4MDQyMTItMzIwNjMzMzAzOA,finished,in_app,13.4,4.8,9.4,30.4,0.4,0.5,2026-04-14,20:10:45,"Strada Nerva Traian 2, București 030167","Calea Victoriei 152, Bucureşti 010096"
MzI1LTI0NjQ3NDU0MzItMzIwNjI0MjU3OA,finished,in_app,20.9,6.7,16.4,24.7,1.2,1.8,2026-04-14,19:16:50,"Bulevardul Ion Mihalache 60, Bucureşti 011195","Strada Nerva Traian 11, Nerva Traian, Bucureşti"
MzI1LTI0NjQ3MjU2NzQtMzIwNjIxMDgxNw,finished,cash,15.3,4.8,10.4,27.5,0.2,0.9,2026-04-14,18:59:08,"Intrarea Pinului 21, Bucureşti 060564","Murad Cafe-Restaurant, Strada Panait Istrati, București, România"
MzI1LTI0NjQ3MDQ4MTQtMzIwNjE3ODQ5MA,finished,cash,16.6,4.8,10.6,27.2,0.9,1.4,2026-04-14,18:40:35,"Calea Crângași 12, Bucureşti 060337","Drumul Podu Lacului 21, București, România"
MzI1LTI0NjM3OTkyODctMzIwNDY5OTE1MQ,finished,in_app,28.4,9.3,18.9,29.5,1.4,4.1,2026-04-14,00:08:43,"Strada Brădetului 23, Bucureşti 040695","Strada George Vâlsan 25, Bucharest"
MzI1LTI0NjM3NzMyOTQtMzIwNDY0NjM3NQ,finished,cash,38.1,9.9,19.6,30.2,1.5,2.6,2026-04-13,23:29:51,"Intrarea secundara, Gara de Nord","Strada Caporal Ion Gheorghe 5, Berceni, Bucureşti"
MzI1LTI0NjM3NjM3ODYtMzIwNDYyNTI2Nw,finished,in_app,19.4,2.7,7.1,22.5,3.2,5.4,2026-04-13,23:16:53,"Strada Brațului 12, Bucureşti 020566","Str. Iulia Hasdeu 7, Bucharest"
MzI1LTI0NjM3NDIzMDEtMzIwNDU4MDYxMQ,finished,in_app,17.2,2.7,5.8,28.1,2.0,4.5,2026-04-13,22:50:35,"Piața Alba Iulia 8, Bucureşti 031105","Bulevardul Basarabia 100, Bucureşti 022122"
MzI1LTI0NjM3MDQxMjgtMzIwNDUxMDI0MA,finished,business,44.1,16.7,28.9,34.7,2.2,5.4,2026-04-13,22:10:11,"Șoseaua Chitilei 284, Bucureşti 012407","Drumul Murgului 36, Dristor, Bucureşti"
MzI1LTI0NjM2OTMwMDctMzIwNDQ4MTE2OQ,finished,in_app,44.3,9.0,15.5,35.0,1.1,1.5,2026-04-13,21:54:52,"Bulevardul Iancu de Hunedoara 30, Bucureşti 010623","Strada Matei Corvin 6, Bucureşti"
MzI1LTI0NjM2ODU4MjQtMzIwNDQ2Njc5NQ,finished,in_app,34.4,5.6,9.8,34.0,1.1,2.4,2026-04-13,21:46:27,"Șoseaua Chitilei 57, Bucureşti","Șoseaua Nicolae Titulescu 39-49, Gara de Nord, Bucureşti"
MzI1LTI0NjM2NDM4MjQtMzIwNDM4ODk2MA,finished,cash,44.0,6.7,18.9,21.2,2.0,4.0,2026-04-13,21:01:40,"Bulevardul Libertății nr. 14, București 050706","Strada Pappia Aristotel 45, Bucureşti"
MzI1LTI0NjM2Mjc0ODctMzIwNDM2MDE0MQ,finished,in_app,35.8,5.8,12.9,27.0,1.6,6.1,2026-04-13,20:45:04,"Strada Cetățuia 8, Bucureşti 060823","Autogara Filaret, Piața Gara Filaret 1, Sectorul 4, Bucureşti"
MzI1LTI0NjM2MjI1MTAtMzIwNDM1MzA0Ng,finished,cash,16.6,1.5,3.4,26.4,0.5,1.3,2026-04-13,20:40:58,"Strada George Vâlsan 96, Bucureşti 060476","McDonald's, Șoseaua Virtuții 27B, Militari, Bucureşti"
MzI1LTI0NjM2MTc1OTItMzIwNDM0MjY1Ng,finished,in_app,14.8,0.4,2.4,11.1,1.1,3.3,2026-04-13,20:34:50,"Bulevardul Constructorilor 24A, Bucureşti 060513","Strada Vintilă Mihăilescu 20, Crângași, Bucureşti"
MzI1LTI0NTY3NDAxMjAtMzE5Mjk1MzA2Mg,finished,in_app,18.6,5.9,18.3,19.5,0.1,0.5,2026-04-08,23:22:49,"Strada Turda 121, Bucureşti 011323","Autogara Obor, Bulevardul Gării Obor 9, Obor, Bucureşti"
MzI1LTI0NTY3MjQ1MjctMzE5MjkyMjc5OA,finished,in_app,14.9,5.1,13.8,22.2,0.3,1.0,2026-04-08,23:04:44,"Strada Badea Cârțan 13, Bucureşti 020661","Strada Cluj 45, Bucureşti 011491"
MzI1LTI0NTY3MTcxMjQtMzE5MjkwODk0Ng,finished,in_app,14.0,2.9,8.3,20.8,1.4,3.0,2026-04-08,22:56:39,"Piața Unirii 1, Bucureşti 030119","Str. Vasile Lascar 161, Bucharest"
MzI1LTI0NTY2ODE0OTUtMzE5Mjg0NTI3Nw,finished,cash,13.3,5.2,10.0,31.1,1.4,6.3,2026-04-08,22:16:28,"Strada Sergent Nițu Vasile 16, Bucureşti 041543","Presto Ristorante Carol, Bulevardul Mărășești, Bucharest, Romania"
MzI1LTI0NTY2NTMxNTAtMzE5Mjc5NjIxOA,finished,in_app,22.4,7.3,17.4,25.0,0.7,3.1,2026-04-08,21:48:32,"Strada Popa Rusu 16, Bucureşti 021023","Aleea Mioara Luiza Mirea 5, Bucureşti 041531"
MzI1LTI0NTY2NDM0NTQtMzE5Mjc4MDA0Ng,finished,business,14.9,3.6,10.1,21.4,1.5,4.8,2026-04-08,21:38:51,"Șoseaua Ștefan cel Mare 15, Bucureşti 021104","Calea Moșilor 75, Bucureşti"
MzI1LTI0NTY2MzU2NjYtMzE5Mjc2NzMxNg,finished,cash,15.3,1.0,3.1,19.3,0.8,3.1,2026-04-08,21:31:36,"Strada Salcâmilor 18, Bucureşti","Exotic Vet Center, Strada Făinari 1, Sector 2, Bucureşti"
MzI1LTI0NTY2Mjc3MjYtMzE5Mjc1MzU0NQ,finished,in_app,15.3,2.9,7.5,22.9,0.7,2.4,2026-04-08,21:23:31,"Piața Unirii 1, Bucureşti 030119","Strada Mihai Eminescu 188, Sector 2, Bucureşti"
MzI1LTI0NTY1ODgxNjAtMzE5MjY4NzMyNA,finished,cash,35.4,3.7,13.1,16.9,0.9,3.2,2026-04-08,20:47:29,"Strada Crinului 14, București 077120","Intrarea Crinului, Jilava, România"
MzI1LTI0NTY1NzAyMjItMzE5MjY1OTIzOA,finished,cash,18.1,5.9,14.6,24.3,1.1,4.6,2026-04-08,20:30:54,"Strada Teiuș 133, Bucureşti","Dedeman, Strada Acțiunii, București, România"
MzI1LTI0NTY1NDExNzgtMzE5MjYxMjIyMw,finished,cash,17.6,5.1,17.0,17.9,0.9,4.8,2026-04-08,20:04:21,"Aleea Sălaj 11, Bucureşti 051908","Str. Valea Timisului 150E, Bucureşti 051497"
MzI1LTI0NTY1MDQ5MDctMzE5MjU2MDQzNg,finished,in_app,32.7,12.3,26.8,27.5,1.6,3.6,2026-04-08,19:32:28,"Elos Skin & Laser Center, Piata Presei","Strada Popina 23, Bucharest, Romania"
MzI1LTI0NTY0Nzc2MDItMzE5MjUyMDUwMw,finished,in_app,23.3,7.3,17.7,24.8,0.8,1.4,2026-04-08,19:08:25,"Bulevardul Iuliu Maniu 51, Bucureşti 061077","Beraria H, Beraria H"
MzI1LTI0NTY0NjA0MTktMzE5MjQ5NjI1MQ,finished,cash,14.5,2.6,6.8,22.9,1.8,5.6,2026-04-08,18:54:10,"Strada Valea Cascadelor 26F, Bucureşti 061515","Str. Moinesti 1, Bucureşti 061231"
MzI1LTI0NTY0MjU5MzEtMzE5MjQ0NzI5Nw,finished,in_app,29.9,7.3,23.9,18.3,1.0,3.0,2026-04-08,18:25:49,"Bulevardul Constructorilor 14, Bucureşti 060511","Aleea Pasărea în Văzduh 4, Bucureşti 062142"
MzI1LTI0NTU1MjYzMjAtMzE5MTA4Nzc1Mw,finished,in_app,12.8,3.8,8.7,25.9,1.3,3.5,2026-04-08,00:48:13,"Strada Doctor Constantin Istrati 1, Bucureşti 040542","Strada Petre Ispirescu 117, Bucureşti"
MzI1LTI0NTU0NzEzNzctMzE5MDk4MTY1MQ,finished,business,44.2,11.9,21.8,32.9,4.9,9.2,2026-04-07,23:24:16,Strada Aron Cotruș 51,"Piața Rahova, Șoseaua Alexandria 3-5,  Strada Pucheni"
MzI1LTI0NTU0NTk3MzgtMzE5MDk2MDY1MQ,finished,cash,14.0,2.4,6.0,24.0,1.5,2.6,2026-04-07,23:08:13,"Strada Banul Antonache 40-44, Bucureşti 011665","Bulevardul Ion Mihalache 106, Bucureşti 011202"
MzI1LTI0NTU0NTA2OTItMzE5MDk0Mjk2Ng,finished,in_app,14.2,3.8,8.4,27.1,0.6,3.3,2026-04-07,22:57:13,"Calea Griviței 144, Bucureşti 010741","Strada Dinu Vintilă 3, Bucureşti 021101"
MzI1LTI0NTU0MzYyNzgtMzE5MDkxNDczOQ,finished,in_app,25.6,9.0,17.4,31.1,0.5,4.3,2026-04-07,22:39:09,"Drumul Osiei 70B, 062395","Gara de Nord, Gara de Nord, Bucureşti"
MzI1LTI0NTU0MDkxOTAtMzE5MDg2NDYzNg,finished,in_app,24.7,9.0,21.6,25.0,1.7,3.3,2026-04-07,22:07:46,"Strada Progresului 126, Bucureşti 050696",Strada Rezervelor 99
MzI1LTI0NTUzODY0MTgtMzE5MDgyMzMxNw,finished,cash,18.2,3.7,13.8,16.0,1.9,2.4,2026-04-07,21:44:10,"Intrare Far, Afi Palace Cotroceni","Strada Vedea 4, Bucureşti 052084"
MzI1LTI0NTUzNjUwMTItMzE5MDc5ODk0NA,finished,in_app,18.2,4.4,12.1,21.7,0.6,2.0,2026-04-07,21:29:04,"Strada Ion Câmpineanu 27, Bucureşti 010034","Str. Alexandru Iacobescu 17, Bucureşti 060755"
MzI1LTI0NTUzNTcxNjEtMzE5MDc3MzgyOA,finished,in_app,16.8,5.1,14.6,20.8,1.9,5.5,2026-04-07,21:14:10,"Drumul Taberei 18, Bucureşti 061385","Negroni Aperitivo Bar, Strada Matei Millo 5, Sector 1, Bucureşti"
MzI1LTI0NTUyNzQ5MzktMzE5MDYzNzcxNg,finished,cash,23.4,8.9,18.8,28.4,1.2,4.1,2026-04-07,19:55:41,"Strada Căderea Bastiliei 41, Bucureşti","Drumul Taberei 122, Bucureşti 061414"
MzI1LTI0NTUyNTM0NTUtMzE5MDYwNDM0Nw,finished,in_app,30.8,11.3,19.4,34.9,1.5,3.0,2026-04-07,19:35:36,"Strada Erou Iancu Nicolae 89/11, 077190","Condesa, Gina Patrichi 3, Sector 1, Bucureşti"
MzI1LTI0NTUyMDAxODQtMzE5MDUyMTIzMQ,finished,in_app,40.8,12.1,31.9,22.8,1.7,2.8,2026-04-07,18:47:59,"Intrarea Doctor Iacob Felix 16, Bucureşti","Strada Erou Iancu Nicolae 95A, Voluntari 077190"
MzI1LTI0NTUxOTQ2MzQtMzE5MDUxMjU1Mg,finished,in_app,12.8,1.5,4.3,21.1,0.4,1.5,2026-04-07,18:43:20,"Strada Știrbei Vodă 87 A, Bucureşti","Strada Buzești 27, Bucureşti 011012"
MzI1LTI0NTUxODA4MzctMzE5MDQ5MTgwNA,finished,cash,12.8,3.3,7.8,25.5,0.8,3.0,2026-04-07,18:31:17,"Calea Crângași 29, Bucureşti 060312","Strada Virgiliu 30, Bucureşti"
MzI1LTI0NTQyNzE0ODgtMzE4OTA5MDcyMA,finished,in_app,17.2,4.3,12.9,20.1,2.5,4.5,2026-04-06,23:49:11,"Strada 11 Iunie 57, Bucureşti 040171","Splaiul Independenței 202D, Bucureşti 060022"
MzI1LTI0NTQyNDUyNzEtMzE4OTAzNjk0NA,finished,business,38.0,12.5,18.6,40.5,2.8,5.1,2026-04-06,23:12:27,"Ramada Parc, Ramada Plaza","Strada Tătulești 7, Bucharest, Romania"
MzI1LTI0NTQyMzMwMzktMzE4OTAxMTczMw,finished,in_app,41.2,9.4,15.2,37.1,0.8,4.4,2026-04-06,22:57:14,"Strada Academiei 25, Bucureşti 010012","Str. Crinului 5-15, Bucureşti 012582"
MzI1LTI0NTQyMjAwNjktMzE4ODk4NDc3NA,finished,in_app,12.8,4.3,6.8,38.2,1.8,4.0,2026-04-06,22:41:26,"Strada Emil Racoviță 3-5, Bucureşti 041762","Strada Nerva Traian 13-15, Nerva Traian, Bucureşti"
MzI1LTI0NTQxOTg2MTEtMzE4ODk0MDcyMg,finished,business,31.4,6.8,13.0,31.6,1.6,6.3,2026-04-06,22:17:27,"Strada Vaselor 8, Bucureşti","Strada Cărăruia 40, Bucureşti"
MzI1LTI0NTQxODc2ODQtMzE4ODkyMDIxNQ,finished,cash,15.3,5.3,12.4,25.6,0.3,0.6,2026-04-06,22:06:39,"Strada Nerva Traian 1, Bucureşti","Str. Mihai Eminescu 77 A, Bucureşti 020072"
MzI1LTI0NTQxNTkyMTMtMzE4ODg1OTUxNw,finished,in_app,33.8,5.0,18.2,16.5,1.3,5.5,2026-04-06,21:35:50,"Bulevardul Dinicu Golescu 31, Bucureşti 010866","Bulevardul Octavian Goga 12, Bucureşti"
MzI1LTI0NTQxMzMxODEtMzE4ODgwODU5OQ,finished,cash,28.1,9.0,18.2,29.6,3.2,9.8,2026-04-06,21:09:37,"Intrare 2, Zona Comercială Băneasa","Intrarea Ștefan Furtună 7, Sectorul 1, Bucureşti"
MzI1LTI0NTQwOTg0MTQtMzE4ODc0MDE2MQ,finished,cash,21.8,7.3,16.1,27.4,1.7,4.1,2026-04-06,20:35:35,"Piața Alexandru Lahovari 5, Bucureşti 010464","Cămin Snspa, Strada Biharia, București, România"
MzI1LTI0NTQwNjEyMzMtMzE4ODY3NjUxOA,finished,in_app,54.2,17.4,31.2,33.4,1.1,3.0,2026-04-06,19:59:53,"Arrivals, Bucharest Henri Coanda Airport (OTP)","Hotel Berthelot, Sector 1, Bucureşti"
MzI1LTI0NTQwMTg5MzMtMzE4ODYwODAwNQ,finished,cash,32.6,12.4,25.3,29.3,1.1,1.3,2026-04-06,19:17:05,"Piața Constituției 5, București 040104","Intrare principala, Zona Comercială Băneasa"
MzI1LTI0NTQwMTA5ODUtMzE4ODU5NTMwMQ,finished,in_app,12.8,2.3,4.6,29.5,0.7,1.4,2026-04-06,19:09:19,"Calea Rahovei 157A, Bucureşti 050892","Hotel Parliament, Strada Izvor 106, Sectorul 5, Bucureşti"
MzI1LTI0NTM5OTkwOTMtMzE4ODU3Njg2Ng,finished,in_app,12.8,3.0,9.5,19.1,0.4,0.8,2026-04-06,18:57:40,"Strada Cuza Vodă 58, Bucureşti 040285","Strada Sabinelor 42A, Bucureşti"
MzI1LTI0NTM5NzAwMzctMzE4ODUzMzA4MA,finished,in_app,29.9,7.4,23.9,18.6,1.5,3.4,2026-04-06,18:28:59,"Splaiul Independentei 332B, Bucureşti 060314","Biserica Ortodoxă „Bucur Ciobanul”, Strada Radu Vodă 33, Bucureşti"
MzI1LTI0NTM5NjI2ODktMzE4ODUyMTkyMQ,finished,cash,14.0,0.6,2.9,11.9,0.5,3.0,2026-04-06,18:21:30,"Șoseaua Virtuții 148, Bucureşti 060787","Bulevardul Constructorilor 20, Crângași, Bucureşti"
MzI1LTI0NTM5NTAyNzktMzE4ODUwMzc0MA,finished,cash,15.3,2.7,6.4,25.0,2.7,6.2,2026-04-06,18:09:25,"Strada Dudului 15, Bucureşti","Strada Nucșoara 6, Crângași, Bucureşti"
MzI1LTI0NTMxNzk5MDEtMzE4NzI0OTU1Mw,finished,cash,18.8,7.0,11.7,35.9,1.6,3.3,2026-04-06,00:36:50,"Șoseaua Ștefan cel Mare 236, Bucureşti 020164","Calea Crângași 19, Bucureşti"
MzI1LTI0NTMxNjY5MDAtMzE4NzIyMTI3Nw,finished,cash,18.6,6.5,9.3,41.6,1.9,4.5,2026-04-06,00:22:12,"Strada Ion Minulescu 3, Bucureşti 031215","Strada Tunari 58, Bucureşti 020528"
MzI1LTI0NTMxNTM5NTAtMzE4NzE5NDU3Ng,finished,in_app,16.4,2.8,5.0,33.3,1.7,3.8,2026-04-06,00:09:26,"Strada Moților 20, Bucureşti","Delta City, Strada Povestei 10, Bucharest"
MzI1LTI0NTMxNDA5OTItMzE4NzE2NjgwNA,finished,cash,21.0,4.4,14.3,18.4,1.2,1.6,2026-04-05,23:56:53,"Calea Șerban Vodă 124, Bucureşti 040213","Strada Vântului 25, Vitan, Bucureşti"
MzI1LTI0NTMxMzMwODEtMzE4NzE0OTE1OQ,finished,in_app,22.4,2.6,7.0,22.2,0.4,0.8,2026-04-05,23:48:51,"Strada Stelea Spătarul 11, Bucureşti 030211","Strada Frigului 18, Sectorul 4, Bucureşti"
MzI1LTI0NTMxMjAwMTQtMzE4NzEyMzc2OQ,finished,cash,16.8,2.7,8.1,19.8,1.1,2.5,2026-04-05,23:36:32,"Aleea Bran 2, Bucureşti 040444","Strada Baia de Fier 6, Centrul Istoric, Bucureşti"
MzI1LTI0NTMxMDkyMzgtMzE4NzEwMjE4OA,finished,business,12.8,1.9,3.4,34.3,1.1,1.5,2026-04-05,23:26:37,Bulevardul Alexandru Obregia 19L,"Șoseaua Berceni 35, Berceni, Bucureşti"
MzI1LTI0NTMwODA5MDUtMzE4NzA1MDI4MA,finished,in_app,28.1,7.7,14.1,32.9,0.5,3.4,2026-04-05,23:02:38,"Strada Garoafei 36, Bucureşti 051236","Drumul Jilavei 64-66, București, România"
MzI1LTI0NTMwNDY1OTAtMzE4Njk5Nzg3Ng,finished,cash,46.6,6.4,28.7,13.4,0.8,0.1,2026-04-05,22:38:07,"Calea Giulești 39, Bucureşti 060276","Șoseaua Alexandria 20, Bucureşti 051534"
MzI1LTI0NTI2ODc2NDQtMzE4NjM1OTI4Mw,finished,in_app,20.2,6.4,11.4,33.4,1.1,2.5,2026-04-05,17:27:43,"Bulevardul Ion Mihalache 343, Bucureşti 010721","21 Residence Politehnica, Bulevardul Iuliu Maniu 15H, Militari, Bucureşti"
MzI1LTI0NTI2NDA5MDYtMzE4NjI4Mzk5MQ,finished,cash,21.1,6.0,11.3,31.6,4.1,4.6,2026-04-05,16:42:54,"DJ602 78, Buftea 070000","Mânăstirea, România"
MzI1LTI0NTI2MjkyMDctMzE4NjI2MzQ0OA,finished,cash,12.8,3.0,5.0,36.5,2.0,2.8,2026-04-05,16:30:11,"Aleea Constructorului 1, Buftea 070000","Strada Oltului 3, Buftea 070000"
MzI1LTI0NTI1NzY0MTMtMzE4NjE3NjQ3NQ,finished,cash,63.2,26.2,45.8,34.3,0.2,2.5,2026-04-05,15:36:56,"Șoseaua Sălaj 139, Bucureşti 051895","Aleea Câmpului 6, Buftea 070000"
MzI1LTI0NTI1NzIxNzEtMzE4NjE2OTY3Ng,finished,cash,14.0,1.5,2.9,30.8,0.3,1.6,2026-04-05,15:32:39,"Calea Rahovei 305, Bucureşti 050901","Șoseaua Sălaj 208, Rahova, Bucureşti"
MzI1LTI0NTI1NTQ4ODMtMzE4NjE0MTY0OA,finished,in_app,17.9,5.8,15.0,23.1,1.4,2.9,2026-04-05,15:14:33,"Intrarea Principala, Spitalul Militar Central","Strada Pictor Dan Mihail 4, Bucureşti"
MzI1LTI0NTE5MTI5ODQtMzE4NTAwMDc5Nw,finished,in_app,13.4,3.2,10.2,18.7,1.4,2.1,2026-04-05,00:16:17,"Strada Lizeanu 20, Bucureşti 021112","Zadar Bar, Strada Mircea Vulcănescu, Bucharest, Romania"
MzI1LTI0NTE4NDI0MjgtMzE4NDg5NTM1MA,finished,in_app,47.0,17.6,23.5,44.9,1.6,3.0,2026-04-04,23:13:45,"Str. Ferme F 29, Otopeni","Strada Ioan Slavici 3, Bucureşti"
MzI1LTI0NTE4MDc4MTktMzE4NDg0MjEzNg,finished,in_app,30.8,11.8,17.9,39.5,0.0,0.3,2026-04-04,22:42:55,"Piața Unirii 1, Bucureşti 030119","Strada Jandarmeriei 13D, Bucureşti"
MzI1LTI0NTE3NzgxODgtMzE4NDc5ODk1Mw,finished,in_app,39.7,10.6,20.8,30.7,0.5,1.2,2026-04-04,22:16:06,"Strada Biruinței 49, Popeşti Leordeni 077160","Piața Unirii 1, Bucureşti 030119"
MzI1LTI0NTE3NjA2NDktMzE4NDc3MzMyMA,finished,cash,14.6,4.1,7.7,32.4,0.8,1.7,2026-04-04,22:00:56,"Bd. Alexandru Obregia 39, București","Strada Biruinței 172, Popești-Leordeni"
MzI1LTI0NTE3MzQ5NTYtMzE4NDczNTgxNg,finished,cash,20.7,7.4,17.6,25.2,0.1,0.4,2026-04-04,21:38:16,"Strada Gheorghe Iorga 8, Bucureşti 051817","Strada Emil Racoviță 22A, Bucureşti 041761"
MzI1LTI0NTE2NjI2NDktMzE4NDYyNzcxOA,finished,in_app,33.0,10.0,23.5,25.7,1.3,2.5,2026-04-04,20:35:52,"Strada Amurgului 56A, Popești-Leordeni","Str. Av. Dumitru Penes 13, Bucureşti 052011"
MzI1LTI0NTE2MzY1MDctMzE4NDU4OTQyMw,finished,in_app,24.5,8.4,19.8,25.5,0.0,0.2,2026-04-04,20:12:29,"Intrare Paul, Park Lake Mall",Strada Biruinței 87
MzI1LTI0NTE2Mjg5NzEtMzE4NDU3ODk4Mw,finished,in_app,12.8,1.7,6.2,16.8,0.6,2.2,2026-04-04,20:05:57,"Calea Dudești 186, Bucureşti","Paul Entrance, Park Lake Mall"
MzI1LTI0NTE2MDM1MjktMzE4NDU0MzExNQ,finished,in_app,15.3,4.7,10.1,27.9,0.5,1.4,2026-04-04,19:43:33,"Strada Vasile Lascăr 188B, Bucureşti 020512","Strada Baba Novac 8, Bucureşti"
MzI1LTI0NTE1ODQzNTYtMzE4NDUxNjg3Mw,finished,in_app,24.0,6.3,12.9,29.3,0.7,1.5,2026-04-04,19:26:41,"Bulevardul Constructorilor 24, Bucureşti 060513","Bulevardul Dacia 99, Sectorul 2, Bucureşti"
MzI1LTI0NTAwMzExNTMtMzE4MjE4NzIwMQ,finished,cash,34.0,8.3,40.5,12.3,0.5,3.6,2026-04-03,15:35:38,"Strada Clucerului 55, Bucureşti","Splaiul Unirii 162, Bucureşti 040041"
MzI1LTI0NDk5OTY5MTQtMzE4MjEzNzgzNA,finished,in_app,20.2,5.5,30.2,11.0,0.4,1.8,2026-04-03,15:07:36,"Strada Ion Brezoianu 6, Sector 5, Bucureşti","Arco di Trionfo, Sector 1, Bucureşti"
MzI1LTI0NDk5NDg0MTMtMzE4MjA2NTI5MA,finished,in_app,28.1,8.6,35.5,14.6,0.4,1.5,2026-04-03,14:28:32,"Bulevardul 1 Decembrie 1918 12-14, Bucureşti 032462","Pâine Goală, Strada Ion Brezoianu 10, Sector 5, Bucureşti"
MzI1LTI0NDk4OTkyMDQtMzE4MTk5MzM0Mw,finished,in_app,32.6,5.9,26.3,13.4,1.0,3.7,2026-04-03,13:48:53,"Strada Ion Maiorescu 38, Bucureşti 021245","Bl. M32A, Aleea Barajul Bicaz 11C, București 032792"
MzI1LTI0NDk4MjkxNTUtMzE4MTg5MDkwNQ,finished,cash,42.1,11.1,37.8,17.5,1.5,4.7,2026-04-03,12:48:02,"Strada Fanionului 51, Bucureștii Noi, Bucureşti","Strada Făinari 1, Bucureşti 021221"
MzI1LTI0NDk3OTYxOTgtMzE4MTg0MjM3Nw,finished,in_app,27.4,7.6,21.1,21.5,0.3,1.7,2026-04-03,12:19:21,"Calea Griviței 140, Bucureşti 010741","Strada Natației 54-52, Sectorul 1, Bucureşti"
MzI1LTI0NDk3NTM0MjAtMzE4MTc4MTAxMg,finished,in_app,26.6,11.7,30.3,23.2,1.2,4.3,2026-04-03,11:41:49,"Aleea Tomești 10, Bucureşti","Bulevardul Gheorghe Duca 8, Bucureşti 011074"
MzI1LTI0NDk3MTM4MzMtMzE4MTcyNDc2MA,finished,cash,32.0,12.4,35.8,20.8,1.4,3.1,2026-04-03,11:04:24,"Strada Valea Cascadelor 4, Bucureşti 061093","Statie autobuz, Spitalul Clinic de Urgență ""Bagdasar-Arsenie"
MzI1LTI0NDkxNTU5NjItMzE4MDgwNDA2Mg,finished,in_app,14.9,2.0,5.8,20.1,1.0,1.9,2026-04-02,22:03:13,"Strada Ion Campineanu 24, Bucureşti 010082","Str. Plantelor 26, Bucureşti 023974"
MzI1LTI0NDkxMzUwMTYtMzE4MDc3MDE5Mw,finished,in_app,17.6,6.7,16.3,24.6,1.2,2.7,2026-04-02,21:44:22,"Strada Țincani 3, Bucureşti 061594","Apollo111, Strada Actor Ion Brezoianu 23-25, Sector 1, Bucureşti"
MzI1LTI0NDkxMTI2NzEtMzE4MDczNDI0NQ,finished,in_app,14.2,5.8,14.7,23.7,0.3,1.5,2026-04-02,21:23:54,"Calea Ferentari 62, Bucureşti 051864","Drumul Taberei 93A, Bucharest"
MzI1LTI0NDkwODc2MTEtMzE4MDY5MzEzNw,finished,in_app,13.1,4.6,16.3,17.1,1.0,3.0,2026-04-02,21:03:05,"Far Entrance, Afi Palace Cotroceni Mall","Filiala Vasile Alecsandri - Biblioteca Metropolitană Bucureşti, Calea Ferentari, Bucharest, Romania"
MzI1LTI0NDkwNTg3MjktMzE4MDY0NjY0Mw,finished,in_app,20.2,4.2,14.4,17.5,0.7,0.1,2026-04-02,20:38:21,"Strada Lipscani 17, Bucureşti","Strada Bârcă 1, Bucureşti"
MzI1LTI0NDkwMzc4NTEtMzE4MDYxNDEzMQ,finished,in_app,18.1,5.8,15.5,22.3,0.3,1.8,2026-04-02,20:20:30,"Bulevardul Timișoara 29, Bucureşti 061308","Interbelic Cocktail Bar, Calea Victoriei 17, Bucureşti"
MzI1LTI0NDg5NTU2MTgtMzE4MDQ5Mjc1NQ,finished,in_app,26.2,7.8,22.8,20.7,0.1,1.4,2026-04-02,19:14:45,"Strada Cuza Vodă 127, Bucureşti 040283","Plaza Residence Faza 4, Bulevardul Timișoara, Bucharest, Romania"
MzI1LTI0NDg5NDI3NjEtMzE4MDQ3MzQ0NA,finished,cash,17.6,3.4,11.3,17.9,1.8,3.6,2026-04-02,19:05:00,"Strada Stoian Militaru 71, Bucureşti 040713","Discovery Arena Tineretului, Strada Elena Cuza 42, Sectorul 4, Bucureşti"
MzI1LTI0NDg5MDg1MTYtMzE4MDQyNDU5OA,finished,cash,30.2,9.2,22.9,23.9,0.2,0.8,2026-04-02,18:39:01,"Strada Albotești 6, Bucureşti","Spitalul Clinic de Urgență pentru Copii ""Maria Sklodowska Curie"", Bulevardul Constantin Brancoveanu 20, Berceni, Bucureşti"
MzI1LTI0NDg4MzA2ODQtMzE4MDMxMzg4Ng,finished,cash,46.3,10.5,54.2,11.6,0.6,3.9,2026-04-02,17:41:01,"Bulevardul Ion Mihalache 11, Bucureşti 011171","Drumul Luptatorilor Antifascisti 41, Bucureşti 051572"
MzI1LTI0NDg4MDg3MjUtMzE4MDI4MTgyNA,finished,in_app,14.2,1.3,12.2,6.3,1.3,4.5,2026-04-02,17:24:38,"Strada Praga 3, Dorobanți, Bucureşti","Humana Second Hand, Șoseaua Nicolae Titulescu 61-71, Gara de Nord, Bucureşti"
MzI1LTI0NDg3OTAzNzYtMzE4MDI1NDk1MA,finished,cash,16.7,1.9,6.8,17.0,1.5,4.1,2026-04-02,17:10:37,"Strada Emanoil Porumbaru 13, Bucureşti 011421","COCO glam bar, Strada Braziliei 11A, Dorobanți, Bucureşti"
MzI1LTI0NDg3NTczNTUtMzE4MDIwNTc3OQ,finished,cash,35.3,7.5,22.7,19.7,0.7,3.9,2026-04-02,16:45:59,"Bulevardul Iuliu Maniu 57, Bucureşti 061081","Str. Emanoil Porumbaru 58, Bucureşti 011427"
MzI1LTI0NDg3MzcwNDgtMzE4MDE3NjE4Mw,finished,cash,15.3,2.3,8.9,15.5,1.1,2.9,2026-04-02,16:31:06,"Strada Fabricii 46G, Militari, Bucureşti","Metrou Lujerului, iesirea A, Bulevardul Iuliu Maniu, București, România"
MzI1LTI0NDg3MDcxNzItMzE4MDEzMzU1Nw,finished,cash,20.0,3.5,20.9,10.1,0.7,3.1,2026-04-02,16:08:53,"Bulevardul Constructorilor 31, Crângași, Bucureşti","Sos. Virtutii 8, Bucharest 060785"
MzI1LTI0NDc4MzI5NTAtMzE3ODc2NTY2MQ,finished,cash,14.0,4.5,6.0,44.9,0.5,6.3,2026-04-01,22:54:52,"Bulevardul Iancu de Hunedoara 37, Bucureşti 011734","Calea Crângași 12, Crângași, Bucureşti"
MzI1LTI0NDc4MjcyMzktMzE3ODc1NDg0Ng,finished,in_app,16.9,6.3,12.1,31.3,0.4,1.0,2026-04-01,22:47:32,"Galaxy Entrance, Afi Palace Cotroceni Mall","Spitalul Clinic de Urgență București, Calea Floreasca, Bucharest, Romania"
MzI1LTI0NDc4MDE3MTktMzE3ODcxMDc5OA,finished,in_app,12.8,1.5,4.5,20.1,0.4,2.5,2026-04-01,22:19:15,"Strada Serg. Alexandru Cutieru 25A, Bucureşti 061422","Str. Sandulesti 1, Bucureşti 061784"
MzI1LTI0NDc3NjIyODUtMzE3ODY0NTI3MA,finished,cash,17.1,6.0,13.8,25.8,1.7,6.4,2026-04-01,21:39:48,"Strada Știrbei Vodă 18-16, Bucureşti","Bulevardul Timișoara 16B Bl. C3, Bucureşti 061329"
MzI1LTI0NDc3NDAzNjYtMzE3ODYwOTg0Ng,finished,in_app,13.3,4.4,10.6,25.1,1.7,6.0,2026-04-01,21:17:18,"Strada Barbu Văcărescu 155, Bucureşti 020275","B-dul. Dinicu Golescu 7, Bucureşti 010861"
MzI1LTI0NDc3MjYwNzMtMzE3ODU4NjUwMw,finished,cash,14.0,3.6,10.2,21.0,1.6,3.6,2026-04-01,21:03:53,"Strada Jean Louis Calderon 17, Bucureşti 020031","Strada Vidin 7, Bucureşti"
MzI1LTI0NDc3MDYwMzUtMzE3ODU1Mzg0OQ,finished,in_app,16.4,4.1,10.9,22.3,0.9,2.1,2026-04-01,20:45:05,"Strada Toamnei 108, Bucureşti 020715","Hasha Tattoo - Tatuaje & Piercing Sector 4, Bucuresti, Bulevardul Mărășești, Bucharest, Romania"
MzI1LTI0NDc2ODYxNDAtMzE3ODUxOTM3OA,finished,in_app,22.1,7.5,19.9,22.8,0.4,1.1,2026-04-01,20:26:04,"Str. Muntii Gurghiului 38, Bucharest 060316","El Torito - Restaurant Mexican & Mâncare Mexicană, Strada Iancu Căpitanu, Bucharest, Romania"
MzI1LTI0NDc2NDMyNTQtMzE3ODQ1NDMzMg,finished,in_app,31.2,10.4,31.3,20.0,0.1,0.8,2026-04-01,19:48:56,Strada Tineretului 81A,"Strada Rușețu 10, Giulești, Bucureşti"
MzI1LTI0NDc2MjIxMTUtMzE3ODQyMTAyNA,finished,in_app,15.1,3.7,15.8,14.1,1.1,4.8,2026-04-01,19:29:11,"Bulevardul Iuliu Maniu 99, Bucureşti 061093","Strada Tineretului 79g, Chiajna, Romania"
MzI1LTI0NDc1OTU0OTMtMzE3ODM4MjA1NA,finished,in_app,12.8,3.1,12.5,14.9,0.2,0.5,2026-04-01,19:06:20,"Intrare Lujerului, Mall Plaza Romania","Intrare Strada Oboga, Autogara Militari "
MzI1LTI0NDc1ODQ1MDAtMzE3ODM2NjE0MQ,finished,business,12.8,2.7,9.6,16.7,0.2,0.7,2026-04-01,18:57:09,"Strada Dobreni 1, Bucureşti 062214","Intrare Parcare Nord, Mall Plaza Romania"
MzI1LTI0NDc1MTY2MjgtMzE3ODI2NzA0Nw,finished,in_app,42.6,7.7,45.0,10.3,0.2,0.9,2026-04-01,18:01:39,"Strada Costache Negri 1-5, Bucureşti 050552","Aleea Lacul Morii 127-129, București 060841"
MzI1LTI0NDc0OTI1MjctMzE3ODIzMDYzOA,finished,in_app,33.0,7.9,19.8,24.0,0.7,2.6,2026-04-01,17:41:49,"Drumul Valea Doftanei 133C, Bucureşti 061981","Fântâna Costache Negri - 1899, Cotroceni, Bucureşti"
MzI1LTI0NDc0NzMxNTMtMzE3ODIwMTczMw,finished,cash,12.8,1.2,7.5,9.8,0.4,2.1,2026-04-01,17:26:43,"Drumul Taberei 96, Bucureşti 061408","Prelungirea Ghencea 86, Bucureşti 061715"
MzI1LTI0NDc0NjE2OTktMzE3ODE4Mzk3NA,finished,cash,12.8,1.8,5.6,19.6,0.0,0.3,2026-04-01,17:17:14,"Aleea Dealul Măcinului 18, Bucureşti","Strada Segarcea 1, Bucureşti 062067"
MzI1LTI0NDc0NDczMTgtMzE3ODE2MTc3MA,finished,in_app,15.2,3.9,12.1,19.3,0.4,1.9,2026-04-01,17:06:07,"Bulevardul Timișoara 4A, Bucureşti 061344","Aleea Dealul Macinului 1B, Bucharest 062043"
MzI1LTI0NDc0MTc4NzktMzE3ODExNjQ1NA,finished,cash,19.4,4.8,20.8,13.8,0.3,0.8,2026-04-01,16:43:14,"Strada Ceahlăul 20, Bucureşti","Intrare Far, Afi Palace Cotroceni"
MzI1LTI0NDY1MTM2OTItMzE3NjYzMzY2OQ,finished,in_app,12.8,3.5,5.3,40.1,0.2,0.2,2026-03-31,23:39:56,"Șoseaua Virtuții 10, Bucureşti","Complex Regie, Sector 6, Bucureşti"
MzI1LTI0NDY0OTgwMjMtMzE3NjYwNTMzNg,finished,business,29.2,7.9,13.4,35.2,4.3,7.8,2026-03-31,23:16:20,"Strada Dionisie Lupu 72, Bucureşti 010458","Strada Roșia Montană 1, Bucureşti 060951"
MzI1LTI0NDYzNDc1MjctMzE3NjMyNDc1OA,finished,in_app,12.8,2.8,8.3,20.5,0.7,2.0,2026-03-31,20:38:53,"Strada Toamnei 11, Bucureşti 020701","LaDoiPași EXTRA Avrig, Strada Avrig, Bucharest, Romania"
MzI1LTI0NDYzMjkwNTEtMzE3NjI5NDYyNQ,finished,in_app,22.8,2.8,10.3,16.6,0.7,1.8,2026-03-31,20:21:33,"Calea Șerban Vodă 54, Bucureşti 040212","Bulevardul Regina Elisabeta 16, Bucureşti 030019"
MzI1LTI0NDYzMjE1NTEtMzE3NjI4MjAwNw,finished,cash,12.8,2.7,5.0,32.0,0.4,2.6,2026-03-31,20:14:27,"Strada Năsăud 17, Bucureşti","Garibaldi Trattoria & Pub, Strada Olimpului, Centrul Civic, Bucureşti"
MzI1LTI0NDYzMDM4NTgtMzE3NjI1NTIwNA,finished,in_app,14.0,2.3,7.5,18.1,1.6,3.9,2026-03-31,19:58:36,"Strada General Atanasie Demosthene 39, Bucureşti","Vulcan Value Centre, Strada Progresului 102-108, Rahova, Bucureşti"
MzI1LTI0NDYyODA2MzItMzE3NjIyMTQwOQ,finished,cash,17.0,4.5,13.1,20.8,1.1,3.4,2026-03-31,19:37:22,"Strada Sfânta Vineri 5, Centrul Istoric, Bucureşti","Strada Sergent Ion Nuțu 44, Bucureşti 050762"
MzI1LTI0NDYyNjE1NDUtMzE3NjE5MzYyNg,finished,in_app,17.6,5.0,13.4,22.4,0.4,3.0,2026-03-31,19:19:35,"Strada Păunașul Codrilor 28, Bucureşti 052171","AristoDent - Îngrijire dentară de top pentru toată familia, Strada Remus, București, România"
MzI1LTI0NDYyMjY2NzEtMzE3NjE0MzI3Mg,finished,cash,30.1,9.0,26.8,20.1,1.0,2.7,2026-03-31,18:48:47,"Strada Pascal Cristian, Inginer 8, Bucureşti 060221","Strada Peciu Nou 5, Bucureşti 052385"
MzI1LTI0NDUwMDE3MTQtMzE3NDI3ODQ0Mw,finished,in_app,15.5,4.0,13.0,18.6,0.6,3.6,2026-03-30,19:05:03,"Bulevardul Dacia 41, Bucureşti 010404","Str. Chibzuintei 5, Bucureşti 060216"
MzI1LTI0NDQ5Njg4NDEtMzE3NDIzMjA3MQ,finished,in_app,28.0,7.1,25.0,16.9,1.2,4.2,2026-03-30,18:34:49,"Aleea Fizicienilor 11, Bucureşti 032111","Str. Polona 25, Sector 1, Bucureşti"
MzI1LTI0NDQ5NTEwNDgtMzE3NDIwNzQ3NA,finished,in_app,20.3,2.0,5.3,23.1,0.6,3.3,2026-03-30,18:18:46,"Aleea Codrii Neamțului 6, Bucureşti 032437","Metrou Nicolae Grigorescu, Titan - Balta Albă, Bucureşti"
MzI1LTI0NDQ5MjMwMTMtMzE3NDE2NzI5Nw,finished,business,26.6,4.7,21.7,13.0,0.5,1.4,2026-03-30,17:54:18,"Calea Vitan 28, Bucureşti 031296","Strada Cozla 10, Bucureşti 032735"
MzI1LTI0NDQ4OTM2NzAtMzE3NDEyNTQ1MQ,finished,in_app,21.7,3.4,15.1,13.6,1.4,9.9,2026-03-30,17:28:49,"Strada Mecet 53, Sectorul 2, Bucureşti","Strada Foișorului 10, Vitan, Bucureşti"
MzI1LTI0NDQ3OTk0MDUtMzE3Mzk4NjcxMA,finished,in_app,102.5,33.3,66.4,30.1,1.1,3.0,2026-03-30,16:10:12,"Arrivals, Bucharest Henri Coanda Airport (OTP)","Strada Turturelelor 11B, Centrul Civic, Bucureşti"
MzI1LTI0NDQ3NTAwOTEtMzE3MzkxMjE4MA,finished,in_app,43.9,14.1,23.4,36.2,0.9,1.7,2026-03-30,15:31:51,"Strada Hrisovului 12, Bucureşti","Departures, Bucharest Henri Coanda Airport (OTP)"
MzI1LTI0NDQ3MjczMzYtMzE3Mzg3ODcwOQ,finished,in_app,23.2,5.2,13.8,22.6,0.5,1.5,2026-03-30,15:13:44,"Bulevardul Ion Mihalache 128 B-D-E-F, Bucureşti 011203","Strada Băiculești 7, Bucureşti"
MzI1LTI0NDQ2Nzg2ODctMzE3MzgxMDMwNA,finished,in_app,22.4,6.9,30.3,13.6,1.4,5.0,2026-03-30,14:35:10,"Strada Ion Maiorescu 33, Bucureşti 021244","Dent Estet 4 Kids, Domenii, Bucureşti"
MzI1LTI0NDM5ODc1NTMtMzE3MjcyMjYzMQ,finished,in_app,18.1,1.8,5.2,20.7,2.9,6.9,2026-03-29,23:21:28,"Bulevardul Aviatorilor 21, Bucureşti 011853","Șoseaua Ștefan cel Mare 1A, Bucureşti 011736"
MzI1LTI0NDM5NjcyOTctMzE3MjY4NjQ3NQ,finished,in_app,27.0,9.0,21.9,24.7,2.0,3.9,2026-03-29,22:54:39,"Strada Doctor Constantin Istrati 1, Bucureşti 040542","Strada Trotușului 9, Grivița, Bucureşti"
MzI1LTI0NDM5Mjc1ODYtMzE3MjYyMDQ4Ng,finished,in_app,24.4,7.6,20.8,22.0,0.5,1.5,2026-03-29,22:06:45,"Aleea Poarta Albă 1-3, Bucureşti 061162","Strada Munții Carpați 86A, Rahova, Bucureşti"
MzI1LTI0NDM5MDM4NTQtMzE3MjU4MjQwOQ,finished,in_app,29.9,13.1,23.7,33.2,0.6,2.5,2026-03-29,21:41:22,"Aleea Școlarilor 12, Dristor, Bucureşti","Strada Cupolei 4-8, Bucharest, Romania"
MzI1LTI0NDM4ODQ2MTEtMzE3MjU1MjcwMw,finished,in_app,23.9,8.4,16.9,29.7,0.4,0.8,2026-03-29,21:20:34,"Strada Clucerului 7, Bucureşti 011361","Strada Complexului 8, Bucureşti 031702"
MzI1LTI0NDM4NzUwMjAtMzE3MjUzODA0NA,finished,in_app,12.8,2.9,7.8,21.9,0.4,0.9,2026-03-29,21:10:39,"Secondary entrance, Northern Railway Station","Strada Radu Boiangiu 19, Bucureşti"
MzI1LTI0NDM4NTU3ODItMzE3MjUwODU0NA,finished,in_app,16.2,2.5,6.4,23.9,1.4,1.7,2026-03-29,20:51:27,"Main entrance, Northern Railway Station","Soseaua Panduri,  Military Academy, Bucharest"
MzI1LTI0NDM4MzE1MjgtMzE3MjQ3MTY5Mg,finished,in_app,18.2,6.3,16.5,22.8,0.4,2.4,2026-03-29,20:26:48,"Bucharest National Theatre TNB, Universitatii Square","Calea Griviței 232, Bucharest"
MzI1LTI0NDM4MTMwNjItMzE3MjQ0NDk0OQ,finished,in_app,17.6,6.5,16.1,24.3,0.3,1.5,2026-03-29,20:08:15,"Aleea Barajul Lotru 6, Bucureşti 032748","Piața C. A. Rosetti 3, Bucureşti 020971"
MzI1LTI0NDM3NjEwNzYtMzE3MjM3MDg4Mg,finished,in_app,52.4,23.5,41.7,33.9,1.0,2.7,2026-03-29,19:15:48,Strada Sergent Ilie Petre 86,"Strada Liviu Rebreanu 15, Bucureşti 031775"
MzI1LTI0NDM3MTAyODMtMzE3MjMwMDg3MA,finished,in_app,42.2,15.6,39.2,23.9,0.5,1.9,2026-03-29,18:26:35,"GRAL Medical, Strada Traian Popovici, București, România","Strada Sergent Ilie Petre 48, 077041"
MzI1LTI0NDM2NzQ1NjYtMzE3MjI0Nzg4NA,finished,in_app,20.3,6.6,22.0,18.1,0.9,0.9,2026-03-29,17:50:32,"Dinicu Golescu entrance, Northern Railway Station","Strada Vulcan Județu 31-35, Bucureşti"
MzI1LTI0NDM2MzY0MDgtMzE3MjE5Mzg0OA,finished,in_app,13.5,2.6,12.4,12.4,0.2,1.0,2026-03-29,17:12:05,"Intrare Dinicu Golescu, Gara de Nord","Strada George Ranetti 5-7, București, România"
MzI1LTI0NDM2MjE4MzAtMzE3MjE3MzAxMg,finished,in_app,12.8,3.0,7.3,24.8,0.6,0.9,2026-03-29,16:57:11,"Calea Giulesti 22, Bucharest","Bulevardul Dinicu Golescu 35, Bucureşti 010866"
MzI1LTI0NDM2MDg4NzgtMzE3MjE1Mzk5OA,finished,in_app,12.8,1.8,3.8,28.8,0.5,3.2,2026-03-29,16:44:18,"Calea Crangasi, Sectorul 6, București","Intrarea Godeni 15, Bucureşti"
MzI1LTI0NDI3OTE2NjYtMzE3MDY4ODkyNA,finished,in_app,26.6,10.3,16.6,37.3,0.3,1.2,2026-03-29,00:47:39,"Șoseaua Nordului 1, Bucureşti 114192","Strada Albiței 1R, Bucharest, Romania"
MzI1LTI0NDI3NzI0OTQtMzE3MDY1NDY1NA,finished,in_app,21.7,7.7,9.7,47.6,0.6,4.8,2026-03-29,00:34:25,"Strada Mircea Eliade 10, 077191","Restaurant It Cucina, Șoseaua Nordului, București, România"
MzI1LTI0NDI3MTM3NzQtMzE3MDU1ODU5Mw,finished,in_app,39.1,14.4,29.4,29.4,0.2,8.4,2026-03-28,23:56:59,"Piața Unirii 1, Bucureşti 030119","New Point Residence, Bulevardul Pipera 168A, Pipera"
MzI1LTI0NDI2NjgwOTctMzE3MDQ4MzAxOQ,finished,in_app,15.7,5.9,13.0,27.0,0.4,0.6,2026-03-28,23:26:27,"Șoseaua Pantelimon 76, Bucureşti 021635","Q Club, Strada Verzișori 20, Bucureşti"
MzI1LTI0NDI2MzkwMTktMzE3MDQzNzQ2MQ,finished,in_app,19.2,4.5,9.2,29.0,0.0,0.2,2026-03-28,23:07:14,"Strada Popa Petre 38, Bucureşti 020806","Sos. Pantelimon 243, Bucureşti 021608"
MzI1LTI0NDI2MjIzOTQtMzE3MDQxMTE5OQ,finished,in_app,14.5,4.8,10.8,26.5,0.9,3.9,2026-03-28,22:56:30,"Strada Viorele 57A, Bucureşti","Boogie Bar, Strada Popa Petre 36, Bucharest"
MzI1LTI0NDI1NjE0MTQtMzE3MDMxOTQzMA,finished,in_app,28.4,9.4,14.9,37.9,0.7,1.7,2026-03-28,22:13:23,"Aleea Barajul Bistriței 12, Bucureşti 032768","Bulevardul Constantin Brâncoveanu 99, Bucharest, Romania"
MzI1LTI0NDI1MzkzNTItMzE3MDI4NTk2NA,finished,in_app,19.6,7.5,13.0,34.5,0.6,1.2,2026-03-28,21:58:40,"Splaiul Unirii 168, Bucureşti 030138","Aleea Barajul Bicaz 9, Titan - Balta Albă, Bucureşti"
MzI1LTI0NDI0OTU3MTItMzE3MDIyMTY5Mg,finished,in_app,20.9,6.7,21.3,18.7,0.7,1.9,2026-03-28,21:27:28,"Strada Locotenent Aviator Marcel Andreescu 41, Bucureşti","Strada Viorele 51, Tineretului, Bucureşti"
MzI1LTI0NDI0NzgyNjEtMzE3MDE5NTUxOA,finished,in_app,12.8,1.8,6.6,16.6,0.7,3.1,2026-03-28,21:15:31,"Strada Locotenent Aviator Șerban Petrescu 6, Bucureşti","Uanderful, Calea Floreasca 240B, Floreasca, Bucureşti"
MzI1LTI0NDIzMDg5NzEtMzE2OTkzOTQxOQ,finished,in_app,56.7,22.3,34.5,38.8,0.0,0.2,2026-03-28,19:25:58,"Therme Bucharest, Therme Bucharest","Manuc's Inn, Old Town"
MzI1LTI0NDIyNTA0OTctMzE2OTg1NjE1OA,finished,in_app,53.5,21.8,33.4,39.2,0.2,3.6,2026-03-28,18:48:14,"Strada Toma Caragiu 1, Bucureşti","Therme Bucharest, Therme Bucharest"
MzI1LTI0NDIyMDg5OTUtMzE2OTc5ODUwNg,finished,in_app,18.8,6.0,19.0,18.9,0.9,2.9,2026-03-28,18:21:17,"Strada Nucșoara 9, Bucureşti 060523","Intrare Aria TNB, Aria TNB, Bulevardul Nicolae Bălcescu"
MzI1LTI0NDAzMjY1NjEtMzE2NjkxNTQ2NA,finished,in_app,12.8,2.3,8.3,16.7,0.1,0.9,2026-03-27,14:31:05,"Strada Mihail Ilie 7, Bucureşti 051157","Aleea Haiducului 3, Bucureşti"
MzI1LTI0NDAyODgzMDktMzE2Njg1OTIwOQ,finished,in_app,15.4,4.4,17.6,15.1,0.5,1.6,2026-03-27,14:02:45,"Șoseaua Cotroceni 33, Bucureşti 060112","Strada Crăișorului 7, Rahova, Bucureşti"
MzI1LTI0NDAyMzU0OTktMzE2Njc4NDUzMQ,finished,in_app,30.1,8.6,31.2,16.6,1.0,2.4,2026-03-27,13:23:31,"Șoseaua Fabrica de Glucoză 6-8, Bucureşti 020332","Eroii Sanitari Boulevard, Swimming Pool UMF Carol Davila"
MzI1LTI0NDAxODY0NTMtMzE2NjcxNTc5Nw,finished,in_app,31.5,9.7,26.8,21.6,1.1,4.6,2026-03-27,12:45:17,"Bulevardul Unirii 69, Bucureşti 030829","Mobexpert Outlet, Șoseaua Fabrica de Glucoză 21, Sectorul 2, Bucureşti"
MzI1LTI0NDAxNjQyOTItMzE2NjY4NDE4MQ,finished,in_app,26.1,3.3,16.6,11.8,0.6,1.9,2026-03-27,12:28:20,"Intrarea secundara, Catedrala Patriarhală ""Sfinții Împărați Constantin și Elena","B-dul. Decebal 9, Bucureşti 030963"
MzI1LTI0NDAxMjU0NTYtMzE2NjYzMDAyNA,finished,in_app,17.2,7.5,23.3,19.3,0.1,1.2,2026-03-27,11:56:31,"Bulevardul Mărăști 2, Bucureşti 011195","Sport Therapie, Strada Gramont, Bucharest, Romania"
MzI1LTI0NDAwOTU2MDMtMzE2NjU4ODAzOA,finished,in_app,12.8,4.5,20.7,13.1,0.5,3.0,2026-03-27,11:33:37,"Strada Dumbrava Roșie 15, Bucureşti 020462","Apollus Institute, Bulevardul Mareșal Alexandru Averescu, București, România"
MzI1LTI0NDAwNDk5NDYtMzE2NjUyNDYwOA,finished,in_app,25.8,10.3,26.7,23.3,2.0,3.6,2026-03-27,10:56:04,"Strada Toamnei 6, 077041","Piața Romană, Bucureşti"
MzI1LTI0Mzk5OTExMzktMzE2NjQ0MDEyOQ,finished,in_app,60.8,24.4,45.1,32.4,0.5,0.5,2026-03-27,10:09:07,"Sosiri, Aeroportul Henri Coandă din București (OTP)",Strada Rezervelor 54
MzI1LTI0Mzk5NDU3OTgtMzE2NjM3ODA5NA,finished,in_app,21.4,5.1,11.9,25.7,2.4,3.6,2026-03-27,09:34:01,"Șoseaua Gheorghe Ionescu Sisești 109A, Bucureşti","Intrare 2, Zona Comercială Băneasa"
MzI1LTI0Mzk5MDkwNjAtMzE2NjMyNTk5NA,finished,in_app,30.4,9.0,27.4,19.6,0.6,1.6,2026-03-27,09:04:24,"Șoseaua Mihai Bravu 33, Bucureşti 021304","Strada Constantin Dobrogeanu-Gherea 123, Bucureşti 013763"
MzI1LTI0Mzk0OTUyODYtMzE2NTU5MDUyNQ,finished,in_app,14.8,5.9,12.7,27.8,0.4,0.6,2026-03-26,23:01:51,"Bulevardul Gheorghe Șincai 11, Bucureşti 040313","Șoseaua Pantelimon 113, Bucureşti 021597"
MzI1LTI0Mzk0Nzc1MTgtMzE2NTU1ODkxMg,finished,in_app,12.8,4.2,9.5,26.6,1.0,3.0,2026-03-26,22:43:28,"Aleea Crevedia 2, Bucureşti 041031","Calea Văcărești 274, Bucureşti 040061"
MzI1LTI0Mzk0NDc5MDItMzE2NTUwNzUyNw,finished,in_app,25.6,9.2,20.2,27.4,1.9,4.5,2026-03-26,22:13:41,"Bulevardul Iuliu Maniu 7, Bucureşti 061072","Str. Dorohoi 16, Bucureşti 041685"
MzI1LTI0Mzk0MzE4MDctMzE2NTQ3NzI1Mg,finished,in_app,14.8,3.0,5.9,30.0,1.0,2.4,2026-03-26,21:59:50,"Drumul Taberei 28, Bucureşti 061386","Calea 13 Septembrie 224, Bucureşti 077160"
MzI1LTI0Mzk0MTAwODYtMzE2NTQzODkxMA,finished,in_app,20.9,5.7,11.9,28.9,1.0,4.4,2026-03-26,21:40:01,"Bulevardul Regina Elisabeta 44, Bucureşti 050018","Aleea Țincani 4, București"
MzI1LTI0MzkzOTU0MzUtMzE2NTQxMjkyNw,finished,in_app,17.9,3.6,10.3,20.8,1.5,1.8,2026-03-26,21:27:33,"Bulevardul Ion Mihalache 47, Bucureşti 011173","Strada Ion Câmpineanu 29, Bucureşti 010035"
MzI1LTI0MzkzODIzNzQtMzE2NTM4NjM3MQ,finished,in_app,22.9,2.5,7.4,19.9,0.5,1.6,2026-03-26,21:16:07,"Calea Dorobanților 130, Bucureşti","Str. Clucerului 53, Bucureşti 011364"
MzI1LTI0MzkzNjUyNTctMzE2NTM1MzYwMA,finished,in_app,25.3,4.0,10.1,23.9,1.5,4.3,2026-03-26,21:03:21,"Strada Constantin Noica 181, Bucureşti 060052","Calea Floreasca 9-11, București, România"
MzI1LTI0MzkzNDY4ODAtMzE2NTMyMTExMw,finished,in_app,14.0,3.0,8.7,20.5,1.5,3.2,2026-03-26,20:49:13,"Strada Doctor Iacob Felix 72A, Bucureşti","Splaiul Independenței 202M, București 060011"
MzI1LTI0Mzg5MzM2NjMtMzE2NDY2NjYxOQ,finished,in_app,12.8,2.0,7.6,15.7,1.3,3.2,2026-03-26,15:50:51,"Strada Alecu Russo 11, Bucureşti","Strada Roma 2, Bucureşti 011774"
MzI1LTI0Mzg5MDYzODQtMzE2NDYyNDQ4NQ,finished,in_app,13.3,1.5,10.7,8.7,1.0,6.5,2026-03-26,15:31:41,"Strada Avrig 21-31, București, România","Strada Kirilov Nicolae 1A, Sectorul 2, Bucureşti"
MzI1LTI0Mzg4ODc4ODMtMzE2NDU5NzEzMQ,finished,business,12.8,2.2,9.1,14.5,0.5,3.7,2026-03-26,15:17:59,"Șoseaua Pantelimon 243, Bucureşti 021609","Bulevardul Pache Protopopescu 119, Sector 2, Bucureşti"
MzI1LTI0Mzg4NTYzMDItMzE2NDU1MDY4NA,finished,in_app,14.9,5.1,16.2,18.9,0.4,5.7,2026-03-26,14:54:58,"Bulevardul General Gheorghe Magheru 28-30, Bucureşti 010325","Intrare Principala, Mega Mall"
MzI1LTI0Mzg4MTU5ODQtMzE2NDQ4OTA0NQ,finished,in_app,21.3,7.5,26.6,16.8,0.3,1.3,2026-03-26,14:25:05,"Intrarea Silistraru 30, Bucureşti 061427","Strada Biserica Amzei 27, Piata Amzei, Piața Amzei"
MzI1LTI0Mzg3OTU2NDQtMzE2NDQ1ODkwMQ,finished,in_app,16.4,4.6,13.4,20.5,0.9,1.6,2026-03-26,14:09:19,"Strada Preciziei 24, București 062204","Intrare Parcare Nord, Mall Plaza Romania"
MzI1LTI0Mzg3MTQ4OTEtMzE2NDM0MjkxOQ,finished,business,35.9,14.2,57.8,14.7,0.2,1.0,2026-03-26,13:06:21,"Strada Doctor Burghelea 12A, Bucureşti 024032","Bulevardul Iuliu Maniu 586-590, Bucureşti 061109"
MzI1LTI0Mzg2ODc0MTktMzE2NDMwMzU2NA,finished,in_app,12.8,3.3,17.6,11.4,0.1,0.3,2026-03-26,12:43:49,"Strada Ziduri Moși 6, București 023571","Strada Sfântul Ștefan 1, Bucarest"
MzI1LTI0Mzg2NTgxODctMzE2NDI2MTU5OQ,finished,in_app,19.2,6.4,23.8,16.0,0.5,2.0,2026-03-26,12:20:44,"Strada Niță Elinescu 50, Bucureşti","Strada Ziduri Moși 6, București"
MzI1LTI0Mzg2MzcxODYtMzE2NDIzMDQ2Nw,finished,in_app,15.7,4.7,15.1,18.8,0.2,1.1,2026-03-26,12:02:35,"Strada Turturelelor 54, Bucureşti","Strada Știrului 8A, București, Romania"
MzI1LTI0Mzg2MjMwMzUtMzE2NDIxMDExMQ,finished,in_app,12.8,3.9,15.0,15.7,0.2,0.7,2026-03-26,11:50:34,"Intercontinental Ateneu, Intercontinental Ateneu","Bulevardul Unirii 68, Bucureşti"
MzI1LTI0Mzg1NzYyNzktMzE2NDE0MDU4NQ,finished,in_app,14.8,3.4,10.9,18.9,0.3,1.1,2026-03-26,11:12:47,"Strada Nicolae Filimon 34, Bucureşti 060302","Str. Berzei 15, Bucureşti 010251"
MzI1LTI0Mzc4OTA4OTItMzE2MzAzNzA0MQ,finished,business,14.9,5.6,17.3,19.4,0.5,2.5,2026-03-25,19:35:34,"Calea Victoriei 49-53, Bucureşti","Strada Căminului 20, Bucureşti"
MzI1LTI0Mzc4NzEyNTUtMzE2MzAwODIzMA,finished,in_app,17.6,2.7,11.0,14.7,2.3,4.7,2026-03-25,19:19:07,"Strada George Barițiu 32, Bucharest","The Fool, Calea Victoriei 118, Bucureşti"
MzI1LTI0Mzc1MTIyODItMzE2MjQ5MTkzNA,finished,in_app,22.9,4.4,11.4,23.3,1.6,7.1,2026-03-25,14:36:30,"Bulevardul Unirii 5, Bucureşti 040101","Far Entrance, Afi Palace Cotroceni Mall"
MzI1LTI0Mzc0ODc3MTktMzE2MjQ1NTU5OA,finished,in_app,15.5,4.8,15.4,18.8,1.7,5.2,2026-03-25,14:16:20,"Strada Câmpia Libertății 66, Bucureşti 030377","Calea Șerban Vodă 38bis, Bucureşti 040212"
MzI1LTI0Mzc0MzMxMTQtMzE2MjM3NjIxMQ,finished,in_app,40.3,7.7,35.7,13.0,1.9,4.8,2026-03-25,13:32:20,"Bulevardul Chișinău 28, Bucureşti",Spitalul Clinic Județean de Urgență Ilfov
MzI1LTI0Mzc0MjIxNDQtMzE2MjM2MDUxMQ,finished,in_app,12.8,2.3,5.1,26.5,1.5,3.3,2026-03-25,13:23:20,"Strada Drăgușin Deleanu 1A, Bucureşti 023411","Strada Delfinului 11, Bucureşti 022353"
MzI1LTI0Mzc0MDA3MzUtMzE2MjMyOTE1MA,finished,in_app,15.4,4.4,15.6,17.1,0.5,2.5,2026-03-25,13:04:49,"Șoseaua Fabrica de Glucoză 9B, Bucureşti 020339","Kaufland Bucuresti-Colentina, Șoseaua Colentina, București, România"
MzI1LTI0MzczNjYzMjktMzE2MjI3OTg0NQ,finished,in_app,19.4,6.3,27.6,13.8,0.3,1.0,2026-03-25,12:35:29,"Calea Victoriei 60, Bucureşti 010091","Deutsche Bank Global Technology, Bulevardul Dimitrie Pompeiu 6A, Sector 2, Bucureşti"
MzI1LTI0MzczNDQwMjMtMzE2MjI0NzcwOA,finished,in_app,16.1,4.2,17.8,14.1,0.2,1.1,2026-03-25,12:16:17,"Bulevardul Iuliu Maniu 11, Bucureşti 061072","Muzeul National de Artă, Bucuresti, Muzeul National de Artă, Bucuresti"
MzI1LTI0MzcyNDI2NzctMzE2MjEwMTYxOQ,finished,in_app,46.5,17.8,34.6,30.9,1.5,4.7,2026-03-25,10:49:36,"Arrivals, Bucharest Henri Coanda Airport (OTP)","Hotel Yesterday, Strada Economu Cezărescu 8, Grozăvești, Bucureşti"
MzI1LTI0MzcxODQyMzItMzE2MjAxODkwNA,finished,in_app,45.2,21.0,42.9,29.3,0.6,2.9,2026-03-25,10:01:15,"Strada Levănțica 62, Bucureşti 031403","Plecări, Aeroportul Henri Coandă din București (OTP)"
MzI1LTI0MzcxNjI5ODUtMzE2MTk5MTAxMw,finished,in_app,18.4,4.0,13.8,17.5,1.3,2.1,2026-03-25,09:44:09,"Lina Hotel, Obor, Bucureşti","Strada Traian Popovici 87A, Bucureşti"
MzI1LTI0MzY4NTk4MjctMzE2MTUyNTczOA,finished,in_app,35.9,7.5,20.4,21.9,2.3,5.3,2026-03-24,23:57:16,"Strada Șelari 2, Bucureşti","Strada Nicolae Filipescu 30, Bucureşti"
MzI1LTI0MzY4NTA0MjgtMzE2MTUwODk0OQ,finished,in_app,15.0,5.9,16.3,21.8,1.1,0.8,2026-03-24,23:41:35,"Șoseaua Colentina 16, Bucureşti 021154",Str. Poet Panait Cerna 4
MzI1LTI0MzY4MjYwODMtMzE2MTQ2NDg3MQ,finished,business,29.9,14.8,24.4,36.3,1.6,3.3,2026-03-24,23:05:43,"Strada Sergent Constantin Apostol 8-10, Bucureşti 061135","Strada Clopotiva 2, Bucharest"
MzI1LTI0MzY2MDcwMzctMzE2MTExNzMwMQ,finished,in_app,21.3,6.7,25.0,16.1,0.7,2.5,2026-03-24,19:12:07,"Strada Brașov 9, Bucureşti 061441","Strada Orhideelor 24, Dudu, România"
MzI1LTI0MzY1ODQzOTktMzE2MTA4NDgzNA,finished,in_app,21.3,5.2,12.2,25.9,0.7,2.8,2026-03-24,18:52:19,"Calea Crângași 29, Bucureşti 060312","Aleea Campul Cu Flori 3A, Bucureşti 062022"
MzI1LTI0MzY1MzgxNjYtMzE2MTAyMTAzNw,finished,in_app,26.1,4.0,12.8,18.6,1.6,4.7,2026-03-24,18:12:57,"Șoseaua Orhideelor 15A, Bucureşti 060071","Strada Orșova 12, Bucureşti 060903"
MzI1LTI0MzU2MzQyOTktMzE1OTY5NjI3MA,finished,in_app,17.0,8.3,14.2,34.9,1.1,1.7,2026-03-23,23:25:58,"Șoseaua Mihai Bravu 510, Bucureşti","Drumul Gura Făgetului 69, Bucharest"
MzI1LTI0MzU2MTA1MDQtMzE1OTY1MDcyMw,finished,in_app,33.2,9.9,16.5,36.3,2.1,5.5,2026-03-23,22:49:56,"Strada Gina Patrichi 4, Bucureşti 051539","Aleea Tomesti 3, Bucharest 042144"
MzI1LTI0MzU1OTYwMzUtMzE1OTYyMzc5OA,finished,in_app,16.4,4.6,13.2,20.8,2.4,3.7,2026-03-23,22:29:08,"Strada Mareșal Aviator Mircea Zorileanu 89, Bucureşti","Str. G-ral. Av. Andrei Popovici 6A, Bucureşti 011723"
MzI1LTI0MzU1ODAzNTYtMzE1OTU5NDk0MA,finished,in_app,20.3,6.4,14.8,26.0,1.2,4.8,2026-03-23,22:08:13,"Strada Virgiliu 43, Bucureşti","Face Club, Romexpo Arena"
MzI1LTI0MzU1NzI4NDQtMzE1OTU4MTI3Ng,finished,in_app,12.8,4.5,9.9,27.4,1.5,3.8,2026-03-23,21:59:08,"Strada Mihaela Ruxandra Marcu 4, Bucureşti 061525","B-dul. Mihail Kogalniceanu 35, Bucureşti 050065"
MzI1LTI0MzU1NTMwODItMzE1OTU0ODIwMw,finished,in_app,17.9,9.0,24.0,22.5,0.6,1.1,2026-03-23,21:32:59,"Strada Odei 17, Bucureşti","Bulevardul Timișoara 43A, Bucureşti 061314"
MzI1LTI0MzU1MjgwMTktMzE1OTUwNzc2MQ,finished,in_app,21.3,8.2,20.9,23.4,1.3,3.5,2026-03-23,21:02:04,"Bulevardul Unirii 33, Bucureşti 030822","Strada Luică 13, Giurgiului, Bucureşti"
MzI1LTI0MzU1MTA1NDEtMzE1OTQ3OTYyNQ,finished,in_app,13.4,3.3,11.4,17.1,1.8,4.2,2026-03-23,20:41:25,"Strada Ion Câmpineanu 29, Bucureşti 010035","Strada Traian 1, Bucureşti"
MzI1LTI0MzU0OTI3MTgtMzE1OTQ1MDkwMQ,finished,business,12.8,2.1,5.1,24.4,1.9,6.1,2026-03-23,20:21:09,"Strada Mexic 1, Bucureşti 011755","InterContinental Athénée Palace Bucharest, an IHG Hotel, Strada Episcopiei 1-3, Bucharest"
MzI1LTI0MzU0NzI2NjUtMzE1OTQxOTIwOQ,finished,in_app,17.4,5.6,19.6,17.2,0.6,0.4,2026-03-23,20:00:22,"Strada Doctor Nicolae D. Staicovici 75, Bucureşti 050557","Șoseaua Ștefan cel Mare 21, Bucureşti 020125"
MzI1LTI0MzU0NjM5MDktMzE1OTQwNzI5Mg,finished,in_app,12.8,1.2,4.5,16.3,0.0,0.1,2026-03-23,19:51:17,"Strada Operetei 12, Bucureşti","Continental Forum Bucuresti, Strada Izvor 82-84, Bucharest"
MzI1LTI0MzU0NTQyMTAtMzE1OTM5MzI3MA,finished,in_app,12.8,3.8,13.8,16.7,0.3,0.1,2026-03-23,19:41:24,"Strada Năsăud 66B, Bucureşti","Strada Colonel Bordea Poenaru 2, Centrul Civic, Bucureşti"
MzI1LTI0MzU0NDAwNTAtMzE1OTM3Mzk4MA,finished,in_app,22.8,3.5,12.1,17.4,0.1,0.8,2026-03-23,19:27:51,"Strada Ion Brezoianu 3-5, Bucureşti 050021","Strada Năsăud 77, Rahova, Bucureşti"
MzI1LTI0MzU0MTA3MDMtMzE1OTMzMzU0Ng,finished,in_app,16.8,3.7,11.9,18.8,1.2,3.7,2026-03-23,18:59:59,"Calea Giulesti 21, Bucureşti 060252","Sala Palatului, Strada Ion Câmpineanu 28, Sectorul 1, Bucureşti"
MzI1LTI0MzUxMjA0NDAtMzE1ODkyOTU5MQ,finished,in_app,13.4,3.4,8.3,24.8,1.5,11.3,2026-03-23,14:46:12,"Arcul de Triumf, Sectorul 1, București","Strada Someșul Rece 33A, Bucureşti"
MzI1LTI0MzUwODMxNTItMzE1ODg3NzE2MQ,finished,in_app,21.3,6.4,27.0,14.2,1.3,5.2,2026-03-23,14:14:21,"Bulevardul Pache Protopopescu 103, Bucureşti 021409","Bulevardul Ion Mihalache 75-79, Bucureşti 011196"
MzI1LTI0MzQ0MDg0MDMtMzE1NzgyNTIzMA,finished,business,45.6,14.3,24.9,34.4,1.6,2.9,2026-03-22,22:42:02,Strada Ankara 7,"Strada Mălureni 101, 23 August, Bucureşti"
MzI1LTI0MzQzODc5NDctMzE1Nzc4OTU5Nw,finished,in_app,25.3,6.6,18.6,21.1,1.4,3.0,2026-03-22,22:16:22,"STAY by Coffee 2 Go, Strada General Henri Mathias Berthelot 48, Sector 1, Bucureşti","Strada Aviator Ștefan Protopopescu 8, Floreasca, Bucureşti"
MzI1LTI0MzQzODI4MjItMzE1Nzc4MTIzMw,finished,in_app,14.0,2.2,6.3,20.8,0.5,1.9,2026-03-22,22:10:36,"Calea Șerban Vodă 50, Bucureşti 040212","Bulevardul Schitu Măgureanu 3, Bucureşti 050025"
MzI1LTI0MzQzNzE4ODgtMzE1Nzc2MzI2Nw,finished,business,12.8,1.8,5.8,18.2,0.9,2.7,2026-03-22,21:58:39,"Strada Constantin Bosianu 27-29, Bucureşti 040505","Strada Vuetului 12, Sectorul 4, Bucureşti"
MzI1LTI0MzQzNTAwOTMtMzE1NzcyODY1Nw,finished,in_app,16.4,4.3,12.4,20.9,0.5,1.5,2026-03-22,21:33:30,"Strada Vișana 1, Bucureşti 040391","Pragmatic Play, Calea Rahovei 240, Bucureşti"
MzI1LTI0MzQzNDAwODctMzE1NzcxMjY2Mw,finished,in_app,14.0,3.7,10.3,21.6,0.4,1.1,2026-03-22,21:21:55,"Strada Dimitrie D. Gerota 8, Bucureşti","Strada Tohani 1, Tineretului, Bucureşti"
MzI1LTI0MzQzMzEzMDUtMzE1NzY5OTI4Mg,finished,in_app,14.0,1.9,6.3,17.8,0.9,4.3,2026-03-22,21:12:32,"Green Hours jazz-cafe, Calea Victoriei 120, Sector 1, Bucureşti","Strada Speranței 8, Bucureşti 020993"
MzI1LTI0MzQzMTM0ODEtMzE1NzY3MTQzOA,finished,in_app,17.9,6.4,17.3,22.2,0.8,2.4,2026-03-22,20:53:54,"Bulevardul Tineretului 55, Bucureşti 040352","Strada Occidentului 45, Sectorul 1, Bucureşti"
MzI1LTI0MzQyOTcxMzgtMzE1NzY0NTkxNw,finished,in_app,15.0,5.1,12.2,25.3,1.7,3.2,2026-03-22,20:36:51,"Strada Bucovina 6, Bucureşti 030392","Strada Constantin Rădulescu Motru 22, Bucureşti 040366"
MzI1LTI0MzQyODI2ODYtMzE1NzYyMzg0Ng,finished,in_app,12.8,1.9,4.8,23.5,1.4,4.3,2026-03-22,20:21:59,"Strada Liviu Rebreanu 4, Bucureşti 031773","Aleea Ion Agârbiceanu 3-7, Bucureşti"
MzI1LTI0MzQyMTUzNTgtMzE1NzUyMjg4MA,finished,in_app,17.7,7.0,24.7,17.0,0.8,0.9,2026-03-22,19:16:50,"Intrare Dinicu Golescu, Gara de Nord","Str. Dristorului 3, Bucureşti 031531"
MzI1LTI0MzQxNzA4MzctMzE1NzQ1Njk0OA,finished,in_app,19.6,5.1,13.4,22.9,0.3,1.4,2026-03-22,18:34:06,"Strada Leordeni 38, București 077025","Strada Dorneasca 2, Bucureşti 051761"
MzI1LTI0MzQxNDQ4NDQtMzE1NzQyMDE4OQ,finished,in_app,17.5,6.4,14.5,26.4,1.1,3.2,2026-03-22,18:09:30,"Șoseaua Antiaeriană 1bis, Bucureşti","Strada Celofibrei 17, Bragadiru 077025"
MzI1LTI0MzQxMjM0MjktMzE1NzM4ODYyOA,finished,in_app,21.7,8.2,17.4,28.2,0.8,3.0,2026-03-22,17:48:43,"Strada Locotenent Saidac Gheorghe 4, Bucureşti 060522","Bloc M131, Strada Soldat Ilie Mihail, București, România"
MzI1LTI0MzMxOTI2MDUtMzE1NTgxNTIzNQ,finished,in_app,22.8,7.0,15.3,27.4,0.9,1.1,2026-03-22,00:11:40,"Calea Plevnei 56, Bucureşti 010234","Str. Fantanica 10, Bucureşti 021804"
MzI1LTI0MzMxNzI5ODQtMzE1NTc4MzUxOA,finished,in_app,13.7,3.7,8.6,26.1,0.8,1.5,2026-03-21,23:59:44,"Strada Locotenent Saidac Gheorghe 5A, Bucureşti 060342","Calea Plevnei 114, București"
MzI1LTI0MzMxNjM2ODEtMzE1NTc2NzkyOA,finished,business,12.8,3.3,5.4,36.9,0.6,1.1,2026-03-21,23:53:51,Strada Clucerului 16,Strada Vintilă Mihăilescu 1
MzI1LTI0MzMxNDM1OTAtMzE1NTczNjE3NA,finished,in_app,19.0,5.6,10.0,33.7,1.0,2.3,2026-03-21,23:40:44,"Strada Nerva Traian 3A, Bucureşti 031041","Strada Barbu Delavrancea 2A, Bucureşti"
MzI1LTI0MzMxMjgxNjUtMzE1NTcxMTMzMA,finished,in_app,12.8,1.9,5.3,21.5,0.3,1.9,2026-03-21,23:30:25,"Aleea Banul Udrea 10, Bucureşti","Strada Viorele 26, Tineretului, Bucureşti"
MzI1LTI0MzMwODgzOTAtMzE1NTY0OTkzOA,finished,in_app,17.1,5.9,12.1,29.4,1.3,5.6,2026-03-21,23:05:26,"Strada Jean Louis Calderon 49, Bucureşti 030167","Calea Vitan 121, Bucureşti 031284"
MzI1LTI0MzMwNDA3ODktMzE1NTU3MjQxNQ,finished,in_app,39.5,15.4,27.8,33.1,2.4,3.9,2026-03-21,22:32:43,"Strada Iederei 52-60, Bragadiru 077025","Piața Pache Protopopescu 1, Bucharest 021401"
MzI1LTI0MzMwMjAxOTUtMzE1NTUzOTE2MA,finished,business,22.9,7.1,12.2,34.8,1.9,4.8,2026-03-21,22:18:21,Strada Brașov 25,Strada Năzuinței 10
MzI1LTI0MzI5OTAyODEtMzE1NTQ5MjgxNg,finished,in_app,13.8,3.3,13.9,14.3,0.9,5.3,2026-03-21,21:58:45,"Strada Serg. Alexandru Cutieru 25B, Bucureşti 061422","Drumul Taberei 100, Bucureşti 061411"
MzI1LTI0MzI5NzA0ODctMzE1NTQ2MTg5NA,finished,in_app,14.9,5.9,10.6,33.5,0.2,1.0,2026-03-21,21:45:05,"Strada Turda 118, Bucureşti 011336","Aleea Dumbrăvița 1, Drumul Taberei, Bucureşti"
MzI1LTI0MzI5NTA4ODUtMzE1NTQzMjAyMA,finished,in_app,13.9,4.9,12.8,22.8,0.1,1.1,2026-03-21,21:31:23,"Calea Victoriei 38-40, Bucureşti 010082","Strada Turda 131, Bucureşti 011326"
MzI1LTI0MzI5MTU2NTctMzE1NTM3Nzc1OQ,finished,in_app,16.6,5.8,16.4,21.1,0.1,0.3,2026-03-21,21:07:20,"Bulevardul Camil Ressu 7, Bucureşti 031732","Negroni Aperitivo Bar, Strada Matei Millo 5, Sector 1, Bucureşti"
MzI1LTI0MzI4ODU4ODUtMzE1NTMzMTE2Nw,finished,in_app,20.3,8.0,15.4,31.3,0.2,1.4,2026-03-21,20:48:12,"Strada Tătulești 15, Bucureşti 040834","Strada Tomis 2, Dristor, Bucureşti"
MzI1LTI0MzI4MDk0MDgtMzE1NTIwODk2MA,finished,in_app,31.6,11.4,25.5,26.9,1.3,2.3,2026-03-21,20:01:09,"Intrarea Păuliș 6, Bucureşti 060981","OMV, Șoseaua Giurgiului, Bucharest, Romania"
MzI1LTI0MzI3ODMyNDUtMzE1NTE2NTExOA,finished,in_app,12.8,1.9,3.5,32.3,1.0,2.6,2026-03-21,19:44:40,"Bulevardul 1 Decembrie 1918 13, Roşu 077040","Strada Rezervelor 4F, Dudu 077040"
MzI1LTI0MzI3NTUyNDAtMzE1NTEyMTM2OQ,finished,in_app,12.8,5.2,11.8,26.5,0.5,2.2,2026-03-21,19:28:04,"Bulevardul Timișoara 14A, Bucureşti 061329","Strada Stupca 22-32, Bucureşti"
MzI1LTI0MzI3NDIwOTUtMzE1NTEwMTk1Mw,finished,in_app,12.8,1.1,3.6,18.8,0.0,0.1,2026-03-21,19:20:03,"Far Entrance, Afi Palace Cotroceni Mall","Bulevardul Timișoara 16B, Bucharest, Romania"
MzI1LTI0MzI3MTMwNTAtMzE1NTA1OTY0MA,finished,in_app,14.9,5.0,14.9,20.1,0.6,1.3,2026-03-21,19:01:39,"Strada Poiana Narciselor 1, Bucureşti","Intrare Far, Afi Palace Cotroceni"
MzI1LTI0MzI2MzgxODAtMzE1NDk1MDc4NQ,finished,in_app,23.5,8.6,19.5,26.4,0.4,2.7,2026-03-21,18:13:46,"Strada Sfântul Gheorghe 16, Popești-Leordeni 077160","Hanul lui Manuc, Centrul Vechi"
MzI1LTI0MzI2MDExNzEtMzE1NDg5ODk0OQ,finished,in_app,16.0,5.6,12.7,26.6,0.5,0.8,2026-03-21,17:48:06,"Strada Drumețului 53, Bucureşti","Strada Solstițiului 2H, Popeşti Leordeni"
MzI1LTI0MzEyMDAwOTQtMzE1MjY2MzIyNg,finished,in_app,14.0,2.4,4.7,30.5,0.3,1.8,2026-03-20,19:47:01,"Bulevardul Timișoara 29, Bucureşti 061308","Strada Fabricii 7, Bucureşti"
MzI1LTI0MzExNzk3ODMtMzE1MjYzMjA3OA,finished,in_app,12.8,1.2,3.5,20.2,1.2,4.3,2026-03-20,19:34:55,"Far Entrance, Afi Palace Cotroceni Mall","Bulevardul Timișoara 16B Bl. C3, Bucureşti 061329"
MzI1LTI0MzExMzQ0MjctMzE1MjU2NTM1NQ,finished,in_app,32.7,8.0,24.3,19.7,0.9,2.0,2026-03-20,19:07:13,"Strada Comandor Eugen Botez 15, Bucureşti","Bloc Z8, Strada Sibiu 15, București, România"
MzI1LTI0MzEwODk3NjAtMzE1MjUwMjE2Nw,finished,in_app,16.6,5.0,18.4,16.2,0.3,1.8,2026-03-20,18:40:10,"Strada Matei Millo 10, Bucureşti 010145","Bulevardul Lacul Tei 109, Bucharest 020377"
MzI1LTI0MzEwNDU3NjYtMzE1MjQzODU2MA,finished,in_app,22.8,5.5,23.0,14.3,0.6,1.7,2026-03-20,18:12:11,"Strada Șerban Gheorghe 53, Bucureşti","Teatrul Mic, Strada Constantin Mille, Sector 1, Bucureşti"
MzI1LTI0MzA5OTMxMzItMzE1MjM2NjY1MQ,finished,in_app,23.5,6.9,27.1,15.2,0.2,1.3,2026-03-20,17:36:57,"Strada Băiculești 29, Bucureşti 013193","OXYA by Bamboo, Tei, Bucureşti"
MzI1LTI0MzA5NjQ3NzktMzE1MjMyNzk2OA,finished,in_app,21.3,6.3,17.6,21.4,0.5,1.9,2026-03-20,17:17:17,"Embryos Fertilization and Gynecology Clinic, Strada Gheorghe Polizu 58-60, Gara de Nord, Bucureşti","Aleea Băiculești 23, Pajura, Bucureşti"
MzI1LTI0MzA4NTExMTctMzE1MjE2MjcyOQ,finished,in_app,69.5,17.5,45.1,23.3,1.5,3.1,2026-03-20,15:59:10,"Arrivals, Bucharest Henri Coanda Airport (OTP)","Main entrance, Northern Railway Station"
MzI1LTI0MzA3NzE5MjItMzE1MjA0NDI2NQ,finished,in_app,43.4,14.5,49.4,17.6,0.6,5.1,2026-03-20,15:03:47,"Pullman Hotel, Romexpo Arena","Departures, Bucharest Henri Coanda Airport (OTP)"
MzI1LTI0MzA3MzA4ODMtMzE1MTk4MzE5OQ,finished,in_app,25.2,7.3,28.9,15.2,1.0,3.6,2026-03-20,14:35:07,"Strada Vasile Lascăr 10, Sector 2, Bucureşti","Entrance, Romexpo Arena"
MzI1LTI0MzA2NzgyMDQtMzE1MTkwNjQ4Nw,finished,business,26.9,7.5,36.1,12.5,1.7,1.1,2026-03-20,13:57:20,"Entrance, Romexpo Arena","PERL, Bulevardul Regina Elisabeta, Bucharest, Romania"
MzI1LTI0MzA1OTA5ODUtMzE1MTc4NzEyNQ,finished,business,55.8,16.5,55.0,18.0,1.7,6.3,2026-03-20,12:52:15,"Strada Avicola 35, Pantelimon, Romania","SNSPA, Bulevardul Expoziției 30A, Sector 1, Bucureşti"
MzI1LTI0MzA1NTg0MzMtMzE1MTc0MTc4OA,finished,in_app,30.7,9.0,25.0,21.5,0.2,1.5,2026-03-20,12:27:51,"Institutul Oncologic, Fundeni, Bucureşti","Șos. Viilor 106a, Pantelimon 077145"
MzI1LTI0MzA1MjIwODItMzE1MTY5MDYwOA,finished,in_app,32.4,9.0,25.6,21.1,0.6,3.5,2026-03-20,11:58:45,"Strada Gara de Nord 2, Bucureşti 010856","Spitalul Fundeni, Fundeni, Bucureşti"
MzI1LTI0MzA1MTA0NzgtMzE1MTY3MzkyOA,finished,in_app,12.8,2.4,6.7,21.2,1.1,2.6,2026-03-20,11:49:42,"Strada 9 Mai 25, Bucureşti","Gara de Nord, Gara de Nord, Bucharest"
MzI1LTI0Mjk4MjcyNDItMzE1MDU3OTk5MA,finished,in_app,16.7,6.9,19.0,21.7,0.5,1.4,2026-03-19,20:59:19,"Strada Pătlaginei 15, Bucureşti","Șoseaua Pantelimon 350, Bucureşti"
MzI1LTI0Mjk3OTg4MTUtMzE1MDUzNTU0NA,finished,in_app,18.6,5.7,13.4,25.7,1.8,1.9,2026-03-19,20:32:43,"Bulevardul Gheorghe Șincai 16, Bucureşti","Sos. Oltenitei 396, Bucureşti"
MzI1LTI0Mjk3NTIyNzItMzE1MDQ2MTY4NQ,finished,in_app,17.4,7.3,14.7,29.8,0.6,1.9,2026-03-19,19:52:40,"Calea Vitan Entrance, Bucharest Mall","Str. Lamotesti 8, Bucharest 041027"
MzI1LTI0Mjk3MzIzMzgtMzE1MDQzMTAyMQ,finished,in_app,14.6,4.8,13.9,20.8,0.7,1.7,2026-03-19,19:36:55,"Strada Nehoiași 28, Bucureşti","Strada Vlaicu Vodă 25, Bucureşti"
MzI1LTI0Mjk3MDE2ODEtMzE1MDM4NTM5Ng,finished,in_app,18.1,6.4,17.7,21.8,0.9,3.1,2026-03-19,19:12:51,"Str. Tudor Arghezi 14, Bucureşti","Strada Verigei 6, Bucureşti"
MzI1LTI0Mjk2NzY1MDgtMzE1MDM0OTM0MA,finished,in_app,13.7,3.5,8.7,24.0,0.4,3.1,2026-03-19,18:53:48,"Aleea Teiul Doamnei 91, Bucureşti","Strada Silvestru 3, Sector 2, Bucureşti"
MzI1LTI0Mjk2NDc2MzAtMzE1MDMwNjA2OA,finished,in_app,16.9,4.3,22.7,11.3,0.1,0.4,2026-03-19,18:31:55,"Strada Piața Amzei 7-9, Bucureşti 010342","Bulevardul Lacul Tei 120, Bucureşti 020395"
MzI1LTI0Mjk2MDQ2NjMtMzE1MDI0NTkzOQ,finished,in_app,26.4,6.8,21.7,18.9,1.1,6.2,2026-03-19,17:59:02,"Strada Dealul Țugulea 22C, Bucureşti","Calea Victoriei 134, Bucureşti 010094"
MzI1LTI0Mjk1NzAxMDEtMzE1MDE5ODQzMg,finished,in_app,27.2,5.5,19.3,17.1,0.7,7.5,2026-03-19,17:32:39,"Șoseaua Orhideelor 15A, Bucureşti 060071","Farmacia Ana Maria, Bulevardul Iuliu Maniu 152, Bucureşti"
MzI1LTI0Mjk0ODc2MzUtMzE1MDA4MjI2Nw,finished,in_app,46.0,14.9,57.2,15.6,0.9,3.9,2026-03-19,16:29:39,"Intrarea Cireșului 7, Fundeni, București","Encore Club, Splaiul Independenței 311, Grozăvești, Bucureşti"
MzI1LTI0Mjk0NDk5MTQtMzE1MDAyODIxMA,finished,in_app,18.7,5.2,12.1,25.7,1.0,8.7,2026-03-19,16:01:00,"Șoseaua Colentina 16, Bucureşti 021177","Strada Piersicului 14, Bükreş, Dobroesti, Romanya"
MzI1LTI0Mjk0MjcwOTMtMzE0OTk5Mzg1Ng,finished,business,14.2,3.0,13.0,13.9,0.7,1.7,2026-03-19,15:44:18,"Scenario, Floreasca One Tower","Strada Halmeu 2, Bucureşti 021118"
MzI1LTI0MjkzOTcwMDMtMzE0OTk1MTM0Ng,finished,in_app,16.2,3.2,10.7,17.7,1.5,8.0,2026-03-19,15:22:41,"Strada Chiristigiilor 8, Bucureşti 021563","Strada Wolfgang Amadeus Mozart 7, Bucureşti"
MzI1LTI0MjkzMzk2OTYtMzE0OTg2NzI5Nw,finished,in_app,32.0,9.8,32.0,18.4,0.4,2.2,2026-03-19,14:38:20,"Strada Vintilă Mihăilescu 6, Bucureşti 060396","Strada Răscoala 1907 6, Colentina, Bucureşti"
MzI1LTI0MjczNDc0NDItMzE0Njg3MzcyNQ,finished,in_app,20.4,6.0,12.4,29.0,1.9,3.5,2026-03-17,23:56:04,"Manuc's Inn, Old Town","Șoseaua Mihai Bravu 75-83, Bucharest 021311"
MzI1LTI0MjczMjE0OTUtMzE0NjgyNDY2Mw,finished,business,62.5,15.1,23.6,38.3,2.5,7.3,2026-03-17,23:17:02,Aleea Pescăruș 1,"Strada Tudor Gociu 24b, Bucharest, Romania"
MzI1LTI0MjczMDMzMDUtMzE0Njc5MTc5MA,finished,in_app,16.6,5.8,11.5,30.0,1.6,4.1,2026-03-17,22:54:51,"Strada Ion Câmpineanu 21, Bucureşti 010033","Strada Alexandru Constantinescu 1, Bucureşti"
MzI1LTI0MjcyOTU2NzAtMzE0Njc3ODE2OQ,finished,in_app,25.3,2.9,7.2,23.9,1.6,5.6,2026-03-17,22:45:19,"Calea Vitan 23D, Bucureşti 031281","Strada Nicolae Tonitza, Centrul Vechi"
MzI1LTI0MjcyNDkwNDItMzE0NjY5NjIzMA,finished,business,23.8,10.3,21.0,29.6,0.1,2.4,2026-03-17,21:51:41,"Radisson Blu, Hotel Radisson Blu","Strada Soldat Grigore Iancu 92, Bucureşti"
MzI1LTI0MjcyNDA2OTItMzE0NjY4MjQzMw,finished,in_app,19.0,3.1,10.4,17.8,0.9,2.1,2026-03-17,21:42:14,"Bloc 4, Strada Pastorului 2","Calea Victoriei 128a, București, România"
MzI1LTI0MjcyMjc4MTktMzE0NjY2MjM3Ng,finished,in_app,14.0,3.8,11.6,19.8,1.2,4.3,2026-03-17,21:28:13,"Strada Edgar Quinet 5, Bucureşti 010017","Strada Maica Domnului 39A, Bucureşti 023722"
MzI1LTI0MjcxOTkzNzAtMzE0NjYxNDk0NQ,finished,in_app,17.3,6.4,14.2,26.9,0.7,4.2,2026-03-17,20:58:41,"Strada Rezervelor 24, Roșu 077042","Statia de autobuz, Facultatea de Electronică, Telecomunicații și Tehnologia Informației"
MzI1LTI0MjcxNTAzNTAtMzE0NjUzNzEyMQ,finished,in_app,23.7,8.5,19.8,25.8,0.3,1.1,2026-03-17,20:10:36,"Strada Ceahlăul 19, Bucureşti 060374",Strada Tineretului 24 Bl 6
MzI1LTI0MjY3NDc4ODYtMzE0NTkxMzk4OA,finished,in_app,18.1,4.2,10.5,24.2,0.9,1.1,2026-03-17,14:52:47,"Bulevardul Iuliu Maniu 11, Bucureşti","Str. Ceahlaul 16, Bucureşti 060379"
MzI1LTI0MjY3MDc5MTktMzE0NTg1ODYwNg,finished,in_app,25.0,8.0,29.1,16.4,1.1,2.1,2026-03-17,14:20:27,"Strada Gheorghe Matac 33-35, Bucureşti 020341","Tennisland, Strada Fruntaș Anghel Mihai, Bucharest, Romania"
MzI1LTI0MjY2ODI4NjQtMzE0NTgyMzk3Nw,finished,in_app,13.7,3.5,12.1,17.6,1.2,5.9,2026-03-17,13:59:24,"Bulevardul Ferdinand I 98-100, Bucureşti 021394","Centrokinetic 102, Strada Barbu Văcărescu, Bucharest, Romania"
MzI1LTI0MjY2NjQ4ODItMzE0NTc5OTc5OQ,finished,in_app,13.7,2.7,11.4,14.4,0.1,0.9,2026-03-17,13:45:05,"Strada Oteșani 73, Bucureşti 023566","Strada Traian 234, Sectorul 2, Bucureşti"
MzI1LTI0MjY2NDk0NDItMzE0NTc3ODI4OQ,finished,in_app,12.8,2.6,6.3,25.1,0.7,1.7,2026-03-17,13:32:36,"Șoseaua Mihai Bravu 95-105, Bucureşti 021312","Strada Alexandru cel Bun 12, Bucureşti 023682"
MzI1LTI0MjY2MTEzMTEtMzE0NTcyNjg4Mw,finished,in_app,19.8,6.7,23.9,16.9,0.3,3.7,2026-03-17,12:59:35,"Șoseaua Olteniței 81, Bucureşti","Strada Avrig 63, Pantelimon, Bucureşti"
MzI1LTI0MjY1OTg5MjYtMzE0NTcxMDAxMw,finished,in_app,15.8,3.8,8.9,25.4,0.5,1.8,2026-03-17,12:48:49,"Drumul Jilavei 62, Bucureşti","Strada Sergent Nițu Vasile 14, Bucureşti"
MzI1LTI0MjY1ODM5ODktMzE0NTY4ODE5Ng,finished,in_app,16.9,6.2,15.4,24.2,0.6,1.9,2026-03-17,12:35:56,"Strada Stoian Militaru 84, Bucureşti 040718","Bulevardul Metalurgiei 61C, Bucureşti 042162"
MzI1LTI0MjY1NTAxOTAtMzE0NTY0MDg4NQ,finished,in_app,29.4,9.3,24.8,22.5,1.1,3.7,2026-03-17,12:06:24,"Strada Elev Ștefan Ștefănescu 30, Bucureşti","Bloc K, Șoseaua Giurgiului, Bucharest, Romania"
MzI1LTI0MjYwNTc4MjctMzE0NDkwMDAyNg,finished,in_app,12.8,1.8,5.8,18.3,0.6,1.0,2026-03-16,22:58:30,"Strada Teiul Doamnei 11, Bucureşti 023572","Str. Ferestrei 14, Bucureşti 023846"
MzI1LTI0MjYwNTIyODgtMzE0NDg4OTc2OQ,finished,in_app,14.0,2.0,5.2,23.5,1.1,2.8,2026-03-16,22:50:50,"Strada Elev Ștefănescu Ștefan 63, Bucureşti","Sos. Colentina 31, Bucureşti 021157"
MzI1LTI0MjYwNDExNTYtMzE0NDg2ODAyMw,finished,business,12.8,4.4,11.5,22.9,0.4,1.7,2026-03-16,22:34:23,"București Mall, Intrare Calea Vitan",Strada Slt. Dima Cristescu 9
MzI1LTI0MjYwMzI4MTYtMzE0NDg1Mjk5OA,finished,in_app,14.0,4.3,9.5,27.2,2.0,3.5,2026-03-16,22:22:28,"Șoseaua Olteniței 71, Bucureşti","Strada Brânduşelor 3A, București, România"
MzI1LTI0MjYwMTgwMzYtMzE0NDgyNjE4NA,finished,in_app,12.8,3.8,6.2,37.4,1.8,3.6,2026-03-16,22:04:02,"Strada Ion Scorțaru 1, Popești-Leordeni","hotspot Wi-Fi Digi, Metrou Apărătorii Patriei, Apărătorii Patriei, Bucureşti"
MzI1LTI0MjU5OTM3MzEtMzE0NDc4NDY1OA,finished,in_app,23.8,11.1,23.4,28.6,0.2,2.7,2026-03-16,21:32:09,"Strada Năsăud 77, București 052034","Strada Biruinței 25, Popești-Leordeni 077160"
MzI1LTI0MjU5ODI1MTgtMzE0NDc2NTc4Ng,finished,in_app,12.8,4.1,8.9,27.6,0.9,4.5,2026-03-16,21:17:43,"Entry 2, RO: Stadionul Steaua Bulevardul Ghencea","Cămin D. Moțoc, Strada Spătarul Preda 13A, Rahova, Bucureşti"
MzI1LTI0MjU4OTIxMDQtMzE0NDYxNTkwMQ,finished,in_app,18.0,5.5,12.8,25.7,0.7,5.6,2026-03-16,19:43:25,"Baias Şi Asociaţii, B.N.P.A., Calea Plevnei, București, România","Intrarea principala, Auchan Drumul Taberei"
MzI1LTI0MjU4NzkxOTUtMzE0NDU5NDkwMQ,finished,in_app,14.0,2.6,9.3,16.9,0.6,1.1,2026-03-16,19:31:47,"Strada Viișoarei 2, Bucureşti 010637","Strada Făgăraș 19, Sector 1, Bucureşti"
MzI1LTI0MjU4NTkzNDAtMzE0NDU2Mjk4NQ,finished,in_app,20.5,7.1,18.3,23.3,1.3,1.6,2026-03-16,19:14:36,"Strada Veteranilor 27, Bucureşti 060921","KFC Romană, Bulevardul General Gheorghe Magheru 28-30, Sector 1, Bucureşti"
MzI1LTI0MjU4MzEzNDgtMzE0NDUxNjk4Nw,finished,in_app,22.5,6.3,17.2,22.0,0.7,2.8,2026-03-16,18:49:45,"Strada General Constantin Budișteanu 28bis, Bucureşti 010775","Strada Dealul Țugulea 54, Militari, Bucureşti"
MzI1LTI0MjU4MTI3MzctMzE0NDQ4NjM1OA,finished,in_app,16.5,4.0,11.9,20.1,1.1,1.1,2026-03-16,18:33:11,"Strada Progresului 25, Bucureşti","Bar Ton, Strada Ion Campineanu 24, Sector 1, Bucureşti"
MzI1LTI0MjU3ODI2MDQtMzE0NDQzODM4OQ,finished,in_app,23.2,6.5,19.4,19.9,0.1,0.6,2026-03-16,18:06:51,"Bulevardul Ion Mihalache 339, Bucureşti","Zeedo, Strada Căpitan Ion Gârbea 26, 13 Septembrie, Bucureşti"
MzI1LTI0MjU3NzMxMTgtMzE0NDQyMzc2MQ,finished,in_app,19.2,4.2,9.8,25.8,0.8,3.1,2026-03-16,17:58:58,"Bulevardul Constructorilor 20, Bucureşti 060512","Bulevardul Ion Mihalache 331, Bucureşti"
MzI1LTI0MjU3MzExMTYtMzE0NDM1OTE4NA,finished,in_app,26.6,7.8,29.9,15.6,0.5,1.9,2026-03-16,17:21:50,"Strada Pecetei 9, Bucureşti","Str. Granitului 12, Bucureşti 060598"
MzI1LTI0MjU1OTg5MzMtMzE0NDE1ODQyNg,finished,in_app,24.1,7.3,26.4,16.7,1.1,3.7,2026-03-16,15:34:39,"Eliade Tower, Bulevardul Mircea Eliade nr. 18, București 012015","Strada Telega 6, Pajura, Bucureşti"
MzI1LTI0MjU1NzE5NTEtMzE0NDEyMDA5NA,finished,in_app,14.9,3.3,12.5,15.9,0.6,1.7,2026-03-16,15:12:46,"Parcul Obor, Strada Chiristigiilor 2, București","Lidl, Strada Barbu Văcărescu, Bucharest, Romania"
MzI1LTI0MjQ4NDEzNjEtMzE0Mjk5NTAyNg,finished,in_app,28.9,10.0,16.6,36.0,0.8,1.7,2026-03-15,23:25:48,"Intrare Principala, Mega Mall","Strada Amurgului 8, Popești-Leordeni, România"
MzI1LTI0MjQ4MjYwMjctMzE0Mjk2Njc1Mg,finished,business,16.6,4.4,7.8,33.9,1.6,5.5,2026-03-15,23:04:00,Șoseaua Pantelimon 244-246,Strada Drumul Gării 9B
MzI1LTI0MjQ4MTcyOTEtMzE0Mjk1MTM4Mw,finished,in_app,17.0,4.9,10.7,27.7,0.7,1.2,2026-03-15,22:52:37,"Bulevardul Decebal 9, Bucureşti 030963","Strada Delfinului 15, Pantelimon, Bucureşti"
MzI1LTI0MjQ3OTI1NTAtMzE0MjkwODkyNw,finished,in_app,28.3,8.0,15.6,30.8,0.6,3.9,2026-03-15,22:21:08,"Strada Maior Ion Coravu 57, Bucureşti","Strada Radului 22, Bucharest 041396"
MzI1LTI0MjQ3NjEzNTQtMzE0Mjg1NzAwMg,finished,in_app,12.8,4.2,7.6,33.0,1.6,3.6,2026-03-15,21:45:16,"Drumul Fermei 18, Popeşti Leordeni","Profi, Drumul Jilavei, București, România"
MzI1LTI0MjQ3MjUxMDEtMzE0MjgwMDE3MA,finished,in_app,18.8,7.4,15.8,28.3,0.7,1.8,2026-03-15,21:04:54,"Strada Jean Alexandru Steriadi 46, Bucureşti 032504","Strada Orgu Tănase 15, Apărătorii Patriei, Bucureşti"
MzI1LTI0MjQ2OTE0ODMtMzE0Mjc0NTk4MA,finished,in_app,43.5,8.8,24.4,21.6,1.7,5.0,2026-03-15,20:30:22,"Strada Dionisie Lupu 88, Bucureşti 010459","Aleea Ciucea 2, Bucharest"
MzI1LTI0MjQ2NzkwMzctMzE0MjcyNTEyMA,finished,in_app,12.9,4.4,11.1,23.6,0.5,2.3,2026-03-15,20:18:05,"Strada Constantin Rădulescu Motru 4, Bucureşti 040361","Lente Arcului, Strada Arcului 8, Sectorul 2, Bucureşti"
MzI1LTI0MjQ2NjcwMTQtMzE0MjcwNTQxMg,finished,in_app,12.8,2.2,6.8,19.4,1.0,3.2,2026-03-15,20:06:50,"Calea Vitan Entrance, Bucharest Mall","Strada Constantin Rădulescu Motru 10, Bucureşti"
MzI1LTI0MjQ2MzYyMDgtMzE0MjY1NjI5Mw,finished,in_app,16.1,2.9,11.7,15.1,1.4,3.4,2026-03-15,19:39:56,"Strada Satelitului 14, Bucureşti","Puerto Cafe, Bulevardul Burebista, București, România"
MzI1LTI0MjQ2MTczNTYtMzE0MjYyNDgxOQ,finished,in_app,14.3,3.4,11.4,17.8,1.8,5.2,2026-03-15,19:24:01,"Calea Văcărești 184, Bucureşti 040056","Strada Lugojana 12, București"
MzI1LTI0MjQ1ODg4NjQtMzE0MjU3OTQxOA,finished,in_app,28.5,9.2,22.5,24.5,1.0,1.9,2026-03-15,19:01:23,"Calea Giulești 111, Bucureşti 060258","Strada Foișorului 13, Vitan, Bucureşti"
MzI1LTI0MjM0NzY0MjItMzE0MDY4MDQ5Mw,finished,in_app,37.2,6.5,15.6,24.9,0.7,0.2,2026-03-14,23:06:53,"Calea Giulești 37, București 012244","Strada Panait Cerna 10, Bucureşti 041455"
MzI1LTI0MjM0MjA4ODYtMzE0MDU5MzExNA,finished,in_app,30.0,11.3,21.3,31.9,1.5,2.9,2026-03-14,22:28:52,"Bulevardul Metalurgiei 61C, Bucureşti 042162","Strada Brașov 25L, Bucharest"
MzI1LTI0MjMzODIzNjctMzE0MDUzNjkxNw,finished,in_app,30.5,10.0,19.4,30.9,0.9,2.7,2026-03-14,22:03:38,"Strada Biserica Amzei 27, Piata Amzei, Piața Amzei","Drumul Binelui 35-39, Bucureşti"
MzI1LTI0MjMzNDIyNDEtMzE0MDQ3MzIzMQ,finished,in_app,38.7,12.2,27.7,26.5,1.4,2.5,2026-03-14,21:34:52,Strada Mugurelui 42,"Piata Amzei, Piața Amzei"
MzI1LTI0MjMyNjY4NjctMzE0MDM1NjcxNg,finished,business,73.0,31.5,37.9,49.9,1.5,6.1,2026-03-14,20:44:48,"Arrivals, Bucharest Henri Coanda Airport (OTP)","Strada Safirului 73j, Bragadiru 077025"
MzI1LTI0MjMxNDI4MjYtMzE0MDE1MzM5Nw,finished,in_app,46.3,19.1,30.2,38.0,0.2,0.4,2026-03-14,19:29:32,"Strada Sfinții Apostoli 56, Bucureşti","Departures, Bucharest Henri Coanda Airport (OTP)"
MzI1LTI0MjMxMTgwMzMtMzE0MDExMTg5Nw,finished,in_app,12.8,2.7,7.7,21.5,0.9,0.7,2026-03-14,19:14:40,"Strada Sirenelor 41, Bucureşti 050855","Izvor, Splaiul Independenței, București"
MzI1LTI0MjMwNDI0NzAtMzEzOTk4ODcwOA,finished,in_app,33.1,10.7,30.4,21.1,0.7,2.3,2026-03-14,18:29:59,"Strada Neajlovului 2, Sectorul 1, Bucureşti","Palatul Bragadiru, Calea Rahovei 147-153, Centrul Civic, Bucureşti"
MzI1LTI0MjMwMTM2NjItMzEzOTk0NDgzNw,finished,in_app,20.5,7.8,18.4,25.5,1.8,4.2,2026-03-14,18:11:01,"Strada Volumului 3, Giulești, Bucureşti","Intrarea Neatârnării 2, Bucureşti"
MzI1LTI0MjE5MjIxNDItMzEzODIwNjkxOA,finished,in_app,15.2,6.5,14.4,26.8,0.8,2.0,2026-03-13,23:44:33,"Exit Bridge, Park Carol I","Șoseaua Iancului 21, Bucharest 021715"
MzI1LTI0MjE4NjU5OTMtMzEzODExODc2Mg,finished,in_app,27.1,10.3,24.4,25.4,1.2,3.2,2026-03-13,23:03:31,"Strada Maica Domnului 54, Bucureşti 023725","Str. Pasarea 10, Bucureşti 052407"
MzI1LTI0MjE4NDkwNDktMzEzODA5MzA0Nw,finished,in_app,19.0,2.7,6.4,25.1,1.0,3.7,2026-03-13,22:51:12,"Bulevardul Dacia 139, Bucureşti 020056",Str. Arh. Petre Antonescu 22
MzI1LTI0MjE4Mzg2MTQtMzEzODA3NzE5Ng,finished,in_app,14.0,1.3,5.4,13.8,1.5,3.0,2026-03-13,22:43:26,"Strada Tunari 83, Bucureşti 020526","Garlic Pub, Strada Mihai Eminescu, București, România"
MzI1LTI0MjE4Mjg4NjEtMzEzODA2MTg1Mw,finished,in_app,21.7,3.0,6.9,25.8,0.6,1.8,2026-03-13,22:35:57,"Calea Griviței 54, Bucureşti","Str. Vasile Lascar 204, Bucureşti 020513"
MzI1LTI0MjE4MDYyMjMtMzEzODAyNzY0NA,finished,business,14.6,6.4,15.6,24.7,0.5,1.9,2026-03-13,22:19:05,Strada Brașov 25,Strada Mircea Vulcănescu 12
MzI1LTI0MjE3NjEwNzMtMzEzNzk1OTM3OA,finished,in_app,36.5,11.7,29.7,23.7,0.6,1.8,2026-03-13,21:46:18,"Intrare Principala, Mega Mall","Moghioros Park Residence, Strada Brașov 25L, București, România"
MzI1LTI0MjE3Mzk3MjEtMzEzNzkyNjk1OQ,finished,in_app,12.8,1.7,5.5,18.7,0.2,1.1,2026-03-13,21:30:15,"Strada Lucrețiu Pătrășcanu 13, Bucureşti 030505","Șoseaua Dobroești 28, Pantelimon, Bucureşti"
MzI1LTI0MjE3MDAzNDAtMzEzNzg2NjEzMw,finished,in_app,22.6,8.9,16.8,31.8,1.6,3.5,2026-03-13,21:02:40,"Strada Releului 11-13, Bucureşti 032091","Str. Gologanului 35, Bucureşti 033031"
MzI1LTI0MjE2MjE0NTEtMzEzNzczOTAwNQ,finished,in_app,14.1,4.0,9.9,24.2,0.5,2.6,2026-03-13,20:10:24,"Strada Armașul Marcu 9, Bucureşti","Strada Colonel Iosif Albu 88, Titan - Balta Albă, Bucureşti"
MzI1LTI0MjE1NzUwOTQtMzEzNzY2MjI3NA,finished,in_app,18.7,5.1,11.4,26.9,1.1,5.7,2026-03-13,19:42:06,"Șoseaua Pantelimon 256, Bucureşti 021648","Strada Livezilor 54, Pantelimon 077145"
MzI1LTI0MjE1NDA2NjgtMzEzNzYwNjY1OA,finished,in_app,12.8,2.1,9.0,13.9,1.3,3.7,2026-03-13,19:21:16,"Bulevardul Basarabia 250, Bucureşti 030352","B-dul. Basarabia 55, Pantelimon, Bucureşti"
MzI1LTI0MjE0NjkyNzQtMzEzNzQ5NzU1Mw,finished,in_app,55.9,11.9,39.5,18.1,1.1,2.6,2026-03-13,18:37:26,"Calea Giulești 43, Bucureşti","Aleea Barajul Uzului 9, Titan - Balta Albă, Bucureşti"
MzI1LTI0MjExNTY1NzEtMzEzNzAxNzY5OA,finished,in_app,31.1,8.8,32.8,16.1,1.4,4.2,2026-03-13,15:00:01,"Main Entrance, Veranda Mall","Intrarea Godeni 15, Bucarest, Rumanía"
MzI1LTI0MjExMjAyMDUtMzEzNjk2MzMxMQ,finished,in_app,22.2,5.6,18.1,18.6,1.5,4.0,2026-03-13,14:33:40,"Strada Postăvarul 7, Bucureşti","Autogara Obor, Bulevardul Gării Obor 9, Bucureşti"
MzI1LTI0MjExMDMzOTktMzEzNjk0MDY4Nw,finished,in_app,14.0,1.7,6.7,15.3,2.0,7.7,2026-03-13,14:22:19,"Strada Fizicienilor 23, București 077160","Strada Lotrioara 20, Bucureşti 032172"
MzI1LTI0MjEwODE4OTUtMzEzNjkwODI2MQ,finished,in_app,15.3,3.8,13.5,17.0,0.9,2.8,2026-03-13,14:05:32,"Strada Lotrioara 20, Bucureşti","La Cocoș, Brico Depot, Soseaua Vitan-Barzesti"
MzI1LTI0MjEwMjA5MzgtMzEzNjgyMzUzOQ,finished,in_app,34.5,10.1,41.0,14.8,0.2,0.2,2026-03-13,13:20:06,"Secondary entrance, Northern Railway Station","Aleea Rotundă 4, Bucharest 032705"
MzI1LTI0MjA5OTA1MTMtMzEzNjc4MjExNQ,finished,in_app,23.7,4.9,25.1,11.6,0.9,3.7,2026-03-13,12:56:16,"Strada Inginerilor Tei 11, Bucureşti","Piața Gării de Nord 3, Bucureşti"
MzI1LTI0MjA5NDU2OTktMzEzNjcxOTk2OQ,finished,in_app,21.8,4.5,17.3,15.7,1.4,3.8,2026-03-13,12:21:08,"Strada Dristorului 3, Bucureşti 031531","Intrarea Pârgarilor 6, Bucureşti 021109"
MzI1LTI0MjA5MjU4MDItMzEzNjY5NzI0NQ,finished,in_app,12.8,1.4,5.2,15.7,0.6,4.1,2026-03-13,12:06:54,"Șoseaua Mihai Bravu 305, Bucureşti 030307","Strada Baba Novac 13, Sector 3, Bucureşti"
MzI1LTI0MTk4NTk5MTQtMzEzNTAzMDQyNw,finished,in_app,24.3,4.4,12.0,21.9,1.1,2.9,2026-03-12,15:45:01,"Calea Plevnei 24, Bucureşti 010232","Bulevardul Constructorilor 24, Bucureşti 060513"
MzI1LTI0MTk4MzM4MzEtMzEzNDk5MDg4OQ,finished,in_app,20.9,1.8,12.8,8.4,1.0,2.2,2026-03-12,15:25:31,"Strada Ion Luca Caragiale 3, Bucureşti 020041","Școala Gimnazială de Arte nr. 3, Strada Știrbei Vodă 101, Bucharest"
MzI1LTI0MTk3OTYxODEtMzEzNDkzNjI3NA,finished,in_app,19.2,6.0,22.9,15.6,1.1,4.5,2026-03-12,14:56:32,"Strada Pescarilor 9, Bucureşti 022891","Strada Caimatei 18, Sectorul 2, Bucureşti"
MzI1LTI0MTk3NDk4MzctMzEzNDg3MzE5MA,finished,in_app,17.7,5.0,22.8,13.3,1.5,7.4,2026-03-12,14:22:39,"Strada Oltețului 30, București 014192","Strada Smeurei 8, Bucureşti"
MzI1LTI0MTk3MTY0ODgtMzEzNDgyMjg4OQ,finished,in_app,22.8,6.1,23.4,15.6,0.5,2.1,2026-03-12,13:54:22,"Strada Turda 129, Bucureşti 011326","Strada Inginerilor Tei 6, Bucureşti 023717"
MzI1LTI0MTk2ODAxNTEtMzEzNDc3MTg4Mg,finished,in_app,24.0,8.3,22.2,22.5,1.5,7.4,2026-03-12,13:25:54,"Statie autobuz, RO: Stadionul Steaua Bulevardul Ghencea","Bulevardul Mareșal Alexandru Averescu, București, România"
MzI1LTI0MTk2NjQyNzgtMzEzNDc0OTY2MA,finished,in_app,13.1,4.8,10.4,27.7,1.0,4.1,2026-03-12,13:12:37,"Strada Doctor Alexandru Boicescu 13, Cotroceni, Bucureşti","Drumul Taberei 134A, Bucureşti 061415"
MzI1LTI0MTk2MzE0MjItMzEzNDcwNDIwMw,finished,in_app,15.8,5.7,18.8,18.1,0.3,2.0,2026-03-12,12:45:19,"Șoseaua Ștefan cel Mare 228, București, România","Strada Doctor Jean Clunet 2, Cotroceni, Bucureşti"
MzI1LTI0MTk2MDk5NTktMzEzNDY3MzE4OQ,finished,in_app,12.8,3.8,14.9,15.4,0.2,2.8,2026-03-12,12:27:34,"Strada George Vraca 6, Bucureşti 010146","Aleea Luncsoara 4-6, Bucureşti 021234"
MzI1LTI0MTk1NjM5MzMtMzEzNDYwODI4OQ,finished,in_app,28.9,9.5,29.7,19.2,2.0,7.3,2026-03-12,11:47:25,"Bulevardul Basarabia 256, București","Entrance Store, Strada Ion Brezoianu, Bucharest, Romania"
MzI1LTI0MTk1MzQxNjktMzEzNDU2NDA1OA,finished,in_app,20.9,9.2,26.7,20.6,0.0,0.1,2026-03-12,11:23:05,"Calea Floreasca 140-142, Bucureşti 014467","Șoseaua Gării Cățelu, Pantelimon, Bucureşti"
MzI1LTI0MTk0ODg3MDctMzEzNDUwMDY1MQ,finished,in_app,18.7,7.8,26.5,17.7,1.6,4.2,2026-03-12,10:42:09,"Aleea Lacul Morii 1, Bucureşti","Scenario, Floreasca One Tower"
MzI1LTI0MTkwMjgwODQtMzEzMzc2NDY2Mw,finished,business,19.1,5.4,12.5,26.1,0.2,0.2,2026-03-11,22:21:17,"Floreasca One Tower, Scenario",Calea Griviței 238
MzI1LTI0MTkwMDY4NzQtMzEzMzcyOTc1MA,finished,in_app,23.6,6.5,21.0,18.5,2.1,5.7,2026-03-11,21:58:50,"Strada Doamnei 3, Bucureşti 030051","Élephante, Calea Floreasca 159-162, Floreasca, Bucureşti"
MzI1LTI0MTg5NzgzMjMtMzEzMzY4NTc3MQ,finished,in_app,18.8,7.4,18.4,24.0,0.7,3.8,2026-03-11,21:27:25,Strada Opalului 16-18,"Strada Telița 15, Bucureşti"
MzI1LTI0MTg5NjI2NDktMzEzMzY2MDgxNg,finished,in_app,13.4,5.1,13.6,22.4,1.4,4.3,2026-03-11,21:10:35,"Strada Gârleni 11, Bucureşti 061652","Strada Mărgelelor 28E, Bragadiru 077025"
MzI1LTI0MTg5NTAyNjctMzEzMzY0MTQ5OA,finished,business,12.8,3.0,6.7,26.9,0.4,0.4,2026-03-11,20:58:25,"Strada Brașov 12, București","Drumul Valea Cricovului 13-19, Bucureşti 061983"
MzI1LTI0MTg4OTYzMTAtMzEzMzU1NDU4MA,finished,business,26.4,10.9,22.4,29.3,0.6,2.6,2026-03-11,20:05:58,"Strada Aurel Vlaicu 36, Bucureşti 020097","Bulevardul Timișoara 56, Militari, Bucureşti"
MzI1LTI0MTg4Nzc1OTYtMzEzMzUyNzE2Ng,finished,in_app,13.9,3.5,12.0,17.2,1.7,4.6,2026-03-11,19:49:44,"Strada Petru Rareș 5, Bucureşti","Gargantua Parc, Strada Jean Louis Calderon, Sectorul 2, Bucureşti"
MzI1LTI0MTg4NjAxMTgtMzEzMzUwMDYyNw,finished,in_app,12.8,3.3,9.5,20.8,1.3,5.4,2026-03-11,19:34:45,"Strada Progresului 25, București 050692","Strada Popa Tatu 27, Bucureşti"
MzI1LTI0MTg4Mzg4MjUtMzEzMzQ3MTU4OA,finished,in_app,22.0,4.7,12.8,22.1,2.2,4.5,2026-03-11,19:18:58,"Strada Turda 112, Bucureşti 011334","Bulevardul General Paul Teodorescu 7B, Bucureşti 061344"
MzI1LTI0MTg0NzY0MjUtMzEzMjkzOTcwOQ,finished,in_app,32.9,13.1,43.5,18.1,0.9,3.1,2026-03-11,14:24:02,"Strada Amurgului 46, Popești-Leordeni","Bulevardul Dinicu Golescu 23-25, Gara de Nord, Bucureşti"
MzI1LTI0MTg0NDQ2ODUtMzEzMjg5NjQ0Ng,finished,in_app,22.9,8.5,20.4,25.1,1.7,5.0,2026-03-11,13:57:33,"Strada Bucur 21, Bucureşti","Drumul Fermei 34, Popești-Leordeni 077160"
MzI1LTI0MTg0MjA4NTEtMzEzMjg2ODE4Ng,finished,in_app,12.8,0.8,7.8,5.8,0.8,5.6,2026-03-11,13:40:55,"Strada Dumitru Papazoglu 79, Bucureşti","Clinica Maternella Obstetrica Ginecologie, Papazoglu Residente, Strada Locotenent-colonel Dumitru Papazoglu, Bucharest, Romania"
MzI1LTI0MTg0MDkyOTItMzEzMjg0NTkxOA,finished,in_app,12.8,3.4,15.6,13.2,0.0,0.2,2026-03-11,13:28:03,"Bulevardul Unirii 8, Bucureşti 040105","Strada Lucian Blaga 2, Bucureşti"
MzI1LTI0MTgzODYzMjEtMzEzMjgxMzk3Nw,finished,in_app,12.8,3.7,11.3,19.8,1.7,3.4,2026-03-11,13:07:43,"Bulevardul Tineretului 41A, Bucureşti","Strada George Georgescu 40, Bucureşti 040133"
MzI1LTI0MTgzODAwMDQtMzEzMjgwNTI1OA,finished,in_app,12.8,1.1,5.3,12.1,0.5,2.5,2026-03-11,13:02:21,"Comics Club, Strada Nerva Traian 4, Centrul Civic, Bucureşti","MOL, Calea Văcărești, Bucharest, Romania"
MzI1LTI0MTgzNDYxNjItMzEzMjc1NjE1MQ,finished,in_app,16.7,4.8,15.6,18.5,1.1,3.7,2026-03-11,12:32:36,"Șoseaua Alexandria 2, Bucureşti 051531","Tribunalul București, Bulevardul Unirii 37, Bucureşti"
MzI1LTI0MTgzMTY1NDUtMzEzMjcxNDE5Mg,finished,in_app,23.9,8.8,24.0,22.1,0.4,0.4,2026-03-11,12:05:23,"Strada Maior Ștefan Sănătescu 64, Bucureşti","Strada Pecineaga 59, Bucureşti 051955"
MzI1LTI0MTgyNzg3MTQtMzEzMjY1ODcxNQ,finished,in_app,17.8,6.6,29.5,13.3,1.3,5.3,2026-03-11,11:32:31,"Șoseaua Pantelimon 91, Bucureşti","Intrare Bulevardul Mărăști, Spitalul Universitar de Urgență Elias"
MzI1LTI0MTc4NTg3ODEtMzEzMjAxNTE0MQ,finished,in_app,14.5,3.3,9.0,22.2,1.7,4.2,2026-03-11,00:00:52,"Strada Vidin 11, Bucureşti 023788","Strada Avrig 54, Bucureşti"
MzI1LTI0MTc4NDkwNDktMzEzMTk5NzUwMw,finished,in_app,15.1,7.4,13.3,33.2,3.5,4.9,2026-03-10,23:46:41,"Aleea Băiculești 15, Bucureşti","AFI Lakeview, Strada Barbu Văcărescu, Bucharest, Romania"
MzI1LTI0MTc4Mjk4MDItMzEzMTk2Mjk2Ng,finished,in_app,21.1,12.2,23.7,30.9,1.6,3.2,2026-03-10,23:17:51,"Strada Mihail Sebastian 27, Bucureşti","Strada Jimbolia 24, Bucureștii Noi, Bucureşti"
MzI1LTI0MTc4MTgyNjAtMzEzMTk0MjM2Ng,finished,in_app,21.2,6.6,12.7,31.1,1.7,2.6,2026-03-10,23:03:39,"Strada Știrbei Vodă 4, Bucureşti","Strada Mărgeanului 12, Bucharest"
MzI1LTI0MTc4MDU2NTUtMzEzMTkxNjI4NA,finished,in_app,14.0,4.3,13.7,19.0,1.1,2.0,2026-03-10,22:47:10,"Strada Vatra Luminoasă 43, Bucureşti 021912","Str. Ion Z. Zalomit 5, Bucureşti 010151"
MzI1LTI0MTc3ODYzMDAtMzEzMTg4MzU1NA,finished,in_app,18.2,8.7,16.1,32.2,0.8,4.6,2026-03-10,22:24:32,"Bulevardul Poligrafiei 1A, Bucureşti 013704","Sos. Iancului 94, Bucureşti"
MzI1LTI0MTc3NDMyMDAtMzEzMTgwNDMwOA,finished,in_app,21.7,12.3,25.8,28.7,1.0,1.3,2026-03-10,21:34:59,"Strada Râul Doamnei 8A, Bucureşti 061765","Strada Pajurei 20, Bucureşti"
MzI1LTI0MTc3MTg1MDgtMzEzMTc2MjM0NQ,finished,in_app,16.8,7.5,16.6,27.1,1.0,3.6,2026-03-10,21:08:07,Strada Tineretului 37 Bloc C,"Aleea Valea lui Mihai 11, Bucureşti 061756"
MzI1LTI0MTc2OTk0NDYtMzEzMTczMTg3OA,finished,in_app,22.4,8.0,15.1,31.6,1.3,2.6,2026-03-10,20:49:34,"Calea Giulești 43, Bucureşti","Strada Orhideelor 28A, Dudu 077041"
MzI1LTI0MTc2NDcwNzMtMzEzMTY0NjMxOQ,finished,in_app,26.1,5.0,10.6,28.2,1.5,5.3,2026-03-10,19:59:48,"Strada Căderea Bastiliei 14-16, Bucureşti 010615","Strada Copilului 6-12, Bucureşti"
MzI1LTI0MTc2MzE4MTQtMzEzMTYyMjUxOQ,finished,in_app,14.0,3.5,7.2,28.8,1.7,6.0,2026-03-10,19:45:38,"Bulevardul Ion Mihalache 54, Bucureşti 011194","Lokal, Sector 2, Bucureşti"
MzI1LTI0MTc2MDQ4MTMtMzEzMTU3OTYwNw,finished,in_app,20.4,6.0,15.3,23.5,1.3,4.4,2026-03-10,19:22:40,"Strada Ion Oteteleșanu 5, Bucureşti 010143","Str. Turda 127, Bucureşti"
MzI1LTI0MTc1NzU0MzgtMzEzMTUzMzEyNw,finished,in_app,22.1,5.5,20.2,16.4,0.2,0.3,2026-03-10,18:59:27,"Șoseaua Colentina 79A, Bucureşti","Linea Closer to the moon, Strada Lipscani 17, Sectorul 5, Bucureşti"
MzI1LTI0MTc1MDYwNjctMzEzMTQyNzY3Ng,finished,in_app,59.0,11.0,37.6,17.5,1.9,6.1,2026-03-10,18:03:52,"Calea Șerban Vodă 206-21, București","Str. Joagarului 23, Bucureşti 022643"
MzI1LTI0MTc0Nzg3MzQtMzEzMTM4NTE4Mg,finished,in_app,18.9,4.5,18.2,14.9,0.6,2.1,2026-03-10,17:41:15,"Strada Boian 61A, Bucureşti","Sos. Oltenitei 32, Bucureşti 041315"
MzI1LTI0MTc0MTY5NzYtMzEzMTI5MDI3Ng,finished,in_app,48.8,13.2,46.6,17.0,1.2,5.8,2026-03-10,16:50:42,"Strada Viitorului 197, Bucureşti 020611","Strada Arcadiei 12A, Bucharest"
MzI1LTI0MTY2MjY1MjYtMzEzMDEyNzUyOQ,finished,in_app,14.8,6.5,14.5,27.0,3.4,6.5,2026-03-09,23:45:49,"Bulevardul Mihail Kogălniceanu 3, Bucureşti 050101","Bulevardul Ferdinand I 123, Obor, Bucureşti"
MzI1LTI0MTY2MTE3MDAtMzEzMDEwMDc0Mg,finished,business,22.4,7.7,13.9,33.2,4.4,8.6,2026-03-09,23:18:28,"Strada General Christian Tell 8, Bucureşti","Str. Slt. Popa 8, Bucureşti 051963"
MzI1LTI0MTY2MDQ2MDMtMzEzMDA4NzUxOQ,finished,in_app,14.0,3.8,6.9,33.2,1.0,3.5,2026-03-09,23:07:16,"Splaiul Independenței 202D, Bucureşti 060022","Exigent One, Splaiul Independenței 313D, Militari, Bucureşti"
MzI1LTI0MTY1Nzk3NDEtMzEzMDAzOTUyOA,finished,in_app,12.8,4.5,11.9,22.8,0.4,1.1,2026-03-09,22:30:42,"Drumul Taberei 63, Bucureşti 061364","Bulevardul Iuliu Maniu 244, Bucureşti 061095"
MzI1LTI0MTY1NTA2MTMtMzEyOTk4NzQ5NQ,finished,in_app,28.4,14.1,30.6,27.6,1.3,3.1,2026-03-09,21:53:22,"Strada Avionului 29, Bucureşti","Bl. TS41, Drumul Taberei, Bucharest"
MzI1LTI0MTY1NDM5NDAtMzEyOTk3NTgwNQ,finished,in_app,14.0,2.4,7.2,20.2,0.9,1.9,2026-03-09,21:44:11,"Strada Alexandr Sergheevici Pușkin 2, Bucureşti 011996","Str. Elena Caragiani 46, Bucureşti 014214"
MzI1LTI0MTY1MzU5MjEtMzEyOTk2Mjc3Mg,finished,in_app,16.5,6.4,12.0,31.8,0.9,1.9,2026-03-09,21:33:43,"Strada Căpitan Gheorghe Preoțescu 33, Bucureşti","Strada Pictor Daniel Rosenthal 28, Bucureşti"
MzI1LTI0MTY1Mjk5MTgtMzEyOTk1MzAxOA,finished,in_app,12.8,1.6,4.8,19.8,0.5,2.2,2026-03-09,21:25:50,"Calea Rahovei 241, Bucureşti 050697","Autogara Filaret, Piața Gara Filaret 1, Sector 4, Bucureşti"
MzI1LTI0MTY1MTg2MTQtMzEyOTkzNDU0Ng,finished,in_app,12.8,3.9,9.6,24.5,0.7,2.2,2026-03-09,21:12:03,"Strada Sergent Gheorghe Lățea 10, Bucureşti","Pragmatic Play, Calea Rahovei 240, Rahova, Bucureşti"
MzI1LTI0MTY1MDU0ODEtMzEyOTkxMjg1Mw,finished,in_app,17.7,7.8,14.7,31.7,0.8,0.8,2026-03-09,20:57:43,"Șoseaua Virtuții 148, Bucureşti 060787","Strada Sergent Major Cara Anghel 7, Bucureşti"
MzI1LTI0MTY0ODQwNzctMzEyOTg3ODcwNw,finished,in_app,21.4,6.7,12.8,31.3,0.7,1.9,2026-03-09,20:33:16,"Strada Academiei 10, Bucureşti 030013","Str. Veteranilor 19, Bucureşti"
MzI1LTI0MTY0NzM3MjYtMzEyOTg2MTg0Mw,finished,in_app,15.6,5.0,11.8,25.5,2.6,3.8,2026-03-09,20:21:34,"Bulevardul Pieptănari 35, Bucureşti 050251","Bulevardul Nicolae Bălcescu 5, Sectorul 1, Bucureşti"
MzI1LTI0MTY0NTA0OTUtMzEyOTgyNDA0MA,finished,in_app,14.2,4.5,14.5,18.6,1.4,4.6,2026-03-09,19:58:22,"Strada Emil Racoviță 7, Bucureşti","Aleea Livezilor 24, București, România"
MzI1LTI0MTY0MzYxMzktMzEyOTgwMjgzNw,finished,in_app,16.0,1.5,8.0,11.2,1.3,4.2,2026-03-09,19:44:22,"Strada Mărțișor 21, Bucureşti 041241","Strada Podarului 31, Berceni, Bucureşti"
MzI1LTI0MTYzOTA5ODQtMzEyOTczMjI2OQ,finished,in_app,33.0,11.8,35.9,19.7,1.4,3.2,2026-03-09,19:02:54,"Strada Nicolae G. Caramfil 10, Bucureşti","Strada Huși 3, Bucureşti"
MzI1LTI0MTYzNjcyNjItMzEyOTY5MDU0Nw,finished,in_app,20.9,6.1,16.6,22.3,0.5,2.2,2026-03-09,18:42:33,"Strada Țintașului 23, București","Restaurant Il Capo, Strada Virgil Madgearu 11, Sectorul 1, Bucureşti"
MzI1LTI0MTYzNDk3NjEtMzEyOTY2NDE5NQ,finished,in_app,17.2,2.8,8.0,21.0,0.8,2.5,2026-03-09,18:27:06,"Strada Inginer Zablovschi 24, Bucureşti","Calea Griviței 212, Grivița, Bucureşti"
MzI1LTI0MTM3MTM3MjUtMzEyNTE3MTI5Nw,finished,in_app,12.8,3.6,9.9,21.9,0.1,0.9,2026-03-07,20:46:09,"Bulevardul Aviatorilor 19, Bucureşti 011853","Ieșire Bd. Barbu Văcărescu, Mall Promenada"
MzI1LTI0MTM2Mzk1MDgtMzEyNTA0NTc0Mg,finished,in_app,46.9,19.1,46.3,24.8,0.7,1.3,2026-03-07,20:00:42,"Bulevardul Pipera 1L2, 077190","Soi Thai 31, Bulevardul Aviatorilor, Bucharest, Romania"
MzI1LTI0MTM1NzI1MTAtMzEyNDkzMzA3Ng,finished,in_app,39.7,12.9,31.3,24.7,0.4,1.2,2026-03-07,19:22:32,"Far Entrance, Afi Palace Cotroceni Mall","Stradă Drumul Bisericii 48, Voluntari 077190"
MzI1LTI0MTM1NTc1MTUtMzEyNDkwODA0OQ,finished,in_app,20.3,4.1,7.2,34.2,0.7,2.9,2026-03-07,19:13:49,"Calea Crângași 21, Bucureşti 060377","Galaxy Entrance, Afi Palace Cotroceni Mall"
MzI1LTI0MTM1MzAzMzAtMzEyNDg2MjE1MA,finished,in_app,16.8,3.5,9.0,23.6,1.5,3.4,2026-03-07,18:58:08,"Strada Economu Cezărescu 50, Bucureşti 060754","Strada Porumbacu 15, Crângași, Bucureşti"
MzI1LTI0MTM1MDY0OTEtMzEyNDgyMjQ5Nw,finished,in_app,33.9,3.9,12.2,19.2,0.9,3.7,2026-03-07,18:44:45,"Parking Entrance, Plaza Mall Romania","U5, Regie, Bucureşti"
MzI1LTI0MTM0NzIxNTAtMzEyNDc2NTI2OQ,finished,in_app,18.7,5.3,12.8,24.8,1.4,4.8,2026-03-07,18:24:58,"Strada Știrbei Vodă 106, Bucureşti","Bulevardul Timișoara 14A, Bucureşti 061329"
MzI1LTI0MTM0MzQ2NTQtMzEyNDcwNjExNQ,finished,in_app,15.8,3.5,16.8,12.4,0.5,2.0,2026-03-07,18:00:53,"Bulevardul Ferdinand I 24, Bucureşti 021391","Intrarea Principală, Opera Natională Bucuresti"
MzI1LTI0MTMzODQxNDUtMzEyNDYyNjU1Nw,finished,in_app,30.8,12.6,32.2,23.4,2.0,4.8,2026-03-07,17:27:14,Strada Mărgelelor 12A-12H,"Conacul Zeneea, Bulevardul Pache Protopopescu, Sector 2, Bucureşti"
MzI1LTI0MTMzNjM0NTktMzEyNDU5NTIxMw,finished,in_app,12.8,3.5,8.8,23.6,0.7,3.0,2026-03-07,17:11:04,"Drumul Taberei 98, Bucureşti 061409","Strada Mărăcineni 53, Bucharest, Romania"
MzI1LTI0MTMzMTQ5NDctMzEyNDUyMjg4OA,finished,in_app,39.4,12.6,30.3,25.0,1.9,6.2,2026-03-07,16:33:04,"Șoseaua Colentina 2, Bucureşti 021172","Drumul Taberei 122, Bucureşti 061414"
MzI1LTI0MTMyOTEwMjItMzEyNDQ4NzY0NA,finished,in_app,13.2,4.5,15.3,17.5,0.8,3.2,2026-03-07,16:13:51,"Strada Bordea Poenaru 4, Bucureşti","Club 99, Bulevardul Dacia 99, Sector 2, Bucureşti"
MzI1LTI0MTE4NTkzNzgtMzEyMjIxNjc5NA,finished,in_app,17.9,2.7,12.1,13.5,1.2,2.2,2026-03-06,17:46:52,"Strada Mihail Sebastian 19, Bucureşti 050773","Galaxy Entrance, Afi Palace Cotroceni Mall"
MzI1LTI0MTE4MjM4MDgtMzEyMjE2MzE3Nw,finished,in_app,44.4,7.7,19.9,23.1,0.9,2.4,2026-03-06,17:21:57,"Aleea Aliorului 2, Bucureşti","Bloc 49, Strada Petre Ispirescu, București, România"
MzI1LTI0MTE3NDM2MDktMzEyMjA0MDIwMg,finished,in_app,68.0,16.6,43.3,23.0,0.6,4.2,2026-03-06,16:23:07,"Aleea Lamotești 3, Bucureşti 041028","Drumul Dealul Cucului 52, București 041126"
MzI1LTI0MTE3MDc2NjAtMzEyMTk4NjE1Nw,finished,in_app,19.5,4.4,14.7,18.1,1.2,7.3,2026-03-06,15:56:43,Șoseaua Olteniței 392,"Strada Huedin 1, Bucureşti 040911"
MzI1LTI0MTE2ODAxMjctMzEyMTk0NDMxMQ,finished,in_app,17.9,4.3,16.3,15.9,1.0,2.5,2026-03-06,15:36:47,"Aleea Izvorul Oltului 1, Bucureşti","Strada Sfânta Agnes 16, Popeşti Leordeni"
MzI1LTI0MTE2MzM5MDgtMzEyMTg3NTUxMw,finished,in_app,24.8,6.2,20.8,18.0,0.6,2.5,2026-03-06,15:02:37,"Bulevardul Octavian Goga 14, Bucureşti","Strada Lamotești 6, Bucureşti 041027"
MzI1LTI0MTE2MTY4NDEtMzEyMTg1MDkwOA,finished,in_app,17.9,2.1,8.6,14.3,1.2,5.8,2026-03-06,14:49:51,"Piața Alba Iulia 8, Bucureşti 031105","Str. Poet Panait Cerna 14, Bucureşti 030995"
MzI1LTI0MTE1OTY3OTMtMzEyMTgyMTk0Ng,finished,in_app,15.3,2.4,9.2,15.4,0.7,3.3,2026-03-06,14:35:19,"Strada Sfânta Vineri 23, Bucureşti 030203","Str. Arhiereul Calist 21, Bucureşti 021513"
MzI1LTI0MTE1NDYyOTItMzEyMTc0OTk1Mg,finished,in_app,34.3,6.9,32.8,12.6,1.6,4.8,2026-03-06,13:57:14,"Strada Obcina Mare 7, Bucureşti 061592","Intrare Strada Coltei, Spitalul Colțea"
MzI1LTI0MTE1MjI1NjgtMzEyMTcxNzAyNA,finished,in_app,30.1,5.6,16.9,19.9,0.5,2.5,2026-03-06,13:39:06,"Strada Coralului 6, Bragadiru 077025","Bulevardul Ghencea 26, Bucureşti"
MzI1LTI0MTE0MjkzMDYtMzEyMTU4OTg2Mw,finished,in_app,35.9,8.7,30.9,16.9,0.2,0.9,2026-03-06,12:23:32,"Apulum '94 S.R.L., Strada Theodor D. Speranția, Bucharest, Romania","Prelungirea Ghencea 19, Bucureşti 061701"
MzI1LTI0MTE0MDc4MTUtMzEyMTU2MDk1Mw,finished,in_app,23.4,6.0,15.1,23.8,1.1,4.3,2026-03-06,12:04:56,"Strada Gheorghe Polizu 58-60, Bucureşti 011062","The Vibe, Calea Dudești, Bucharest, Romania"
MzI1LTI0MTEzNTc4MTctMzEyMTQ4ODkwNQ,finished,in_app,16.7,6.9,27.7,14.9,1.8,5.6,2026-03-06,11:24:13,"Strada Vatra Luminoasă 108, București 021919","Intrarea Doctor Iacob Felix 24, Bucharest 011042"
MzI1LTI0MTEzMzAxODItMzEyMTQ1MDg3NA,finished,in_app,20.6,6.6,22.8,17.5,1.7,4.3,2026-03-06,10:59:20,"Aleea Mânăstirea Agapia 32, Bucureşti","Autogara Obor, Bulevardul Gării Obor 9, Bucureşti"
MzI1LTI0MTEyODk2OTUtMzEyMTM5NTI4Ng,finished,in_app,30.8,10.5,27.5,22.9,2.1,7.9,2026-03-06,10:24:43,"Strada Uioara 13, Bucureşti 041013","Strada Valea Buzăului 1, Bucureşti 032331"
MzI1LTI0MTEyNzU5MzgtMzEyMTM3NjcwMQ,finished,in_app,12.8,5.1,13.0,23.6,0.1,0.7,2026-03-06,10:12:13,"Bulevardul Mircea Vodă 37, Bucureşti 420081","Strada Mușatinilor 8, Giurgiului, Bucureşti"
MzI1LTI0MTEyNTg5MDItMzEyMTM1NDMwMg,finished,in_app,14.9,4.4,9.8,26.8,1.4,4.0,2026-03-06,09:56:22,"Strada Istriei 9, Bucureşti 031943","Splaiul Unirii 41, Bucureşti"
MzI1LTI0MTEyMjIwMzYtMzEyMTMwNTU0Ng,finished,in_app,23.9,8.0,20.0,24.1,1.0,5.2,2026-03-06,09:27:33,"Sheraton Bucharest Hotel, Sheraton Bucharest Hotel","Starbucks Entrance, Park Lake Mall"
MzI1LTI0MTExOTk1MTEtMzEyMTI3NjIyNw,finished,in_app,12.8,3.1,10.8,17.0,0.8,2.3,2026-03-06,09:08:38,"Strada Lev Nicolaevici Tolstoi 5, Bucureşti","Strada General Eremia Grigorescu 10, Bucharest"
MzI1LTI0MTExNjIyNDYtMzEyMTIyMzkyOQ,finished,in_app,12.8,2.1,6.2,20.6,1.0,12.9,2026-03-06,08:37:37,"Șoseaua Pipera 31-33, Bucureşti 014253","Strada Ocna Sibiului 46-48, Bucureşti 013937"
MzI1LTI0MTExMjMwOTItMzEyMTE2OTI2Mg,finished,in_app,25.4,6.5,28.4,13.7,1.4,5.8,2026-03-06,08:02:14,"Aleea Deda 2, Bucureşti 021235","Șoseaua Pipera 61, Bucureşti 020308"
MzI1LTI0MTA4MTc2NzQtMzEyMDY0NzE0NA,finished,in_app,12.8,3.0,7.8,23.0,0.6,1.1,2026-03-05,22:00:23,"Strada Cuza Vodă 56, Bucureşti 040285","Strada Cireșului 28, Bucureşti"
MzI1LTI0MTA3ODI1ODUtMzEyMDU5Mjk4NA,finished,in_app,24.1,8.0,19.8,24.2,1.3,6.0,2026-03-05,21:22:08,Calea Griviței 141,"Prelungirea Ferentari 121, Bucureşti"
MzI1LTI0MTA3NzQzODYtMzEyMDU3OTcwMQ,finished,business,15.3,1.6,5.9,16.5,0.3,0.9,2026-03-05,21:13:15,"Main entrance, Northern Railway Station","Hotel Minerva, Strada General Gheorghe Manu 2-4, Sector 1, Bucureşti"
MzI1LTI0MTA3NTM1MzYtMzEyMDU0NzAyNQ,finished,in_app,22.3,7.3,18.2,24.1,1.5,6.1,2026-03-05,20:53:20,"Strada Johann Strauss 2A, Bucureşti","Bulevardul Gheorghe Duca 1, Gara de Nord, Bucureşti"
MzI1LTI0MTA3NDEzNDQtMzEyMDUyODU2Mw,finished,in_app,12.8,2.7,10.2,15.8,1.2,1.1,2026-03-05,20:41:21,"Strada Maior Câmpeanu Alexandru 1, Grivița, Bucureşti","Str. Naum Romniceanu 31, Bucureşti 011616"
MzI1LTI0MTAxODgxMTQtMzExOTc0NzM5MA,finished,in_app,23.9,8.2,26.4,18.7,0.9,2.7,2026-03-05,13:12:21,"Bulevardul Dimitrie Pompeiu 10, București 077190","Strada Aurel Băeșu 23, Bucharest"
MzI1LTI0MTAxNDY0NTItMzExOTY5MDkxOA,finished,in_app,26.9,11.1,31.7,21.0,0.5,1.3,2026-03-05,12:35:09,"Strada Liniștei 59, Bucureşti","Iride Business Park, Bulevardul Dimitrie Pompeiu"
MzI1LTI0MTAxMzMwMjgtMzExOTY3MjA1MQ,finished,in_app,14.5,4.4,15.7,16.7,1.0,1.6,2026-03-05,12:22:46,"Bulevardul Ion Mihalache 102, Bucureşti 011201","Strada Amintirii 63, Bucureşti"
MzI1LTI0MTAwOTY1NjUtMzExOTYyMjI2MQ,finished,in_app,15.5,6.3,24.8,15.1,1.7,7.2,2026-03-05,11:48:56,"Look4Parts, Bulevardul Corneliu Coposu, Bucharest, Romania","Bulevardul Ion Mihalache 123, Bucureşti"
MzI1LTI0MTAwNDA3NTctMzExOTU0NDA1MA,finished,business,12.8,3.1,10.5,17.6,1.9,5.7,2026-03-05,10:58:48,"Strada Eșarfei 56, Bucharest","Centrul de imagistica Marasesti, Bulevardul Mărășești 90, Centrul Civic, Bucureşti"
MzI1LTI0MTAwMjU5MTItMzExOTUyMzMyNg,finished,business,14.2,3.2,10.1,18.9,0.5,3.4,2026-03-05,10:44:58,"Intrarea Patrulei 2, Bucureşti","Strada Plugarilor 24, Bucharest"
MzI1LTI0MTAwMTI0MDMtMzExOTUwNDUxOQ,finished,in_app,12.8,2.6,6.4,24.2,1.2,5.4,2026-03-05,10:33:58,"Strada Doicești 10, Bucureşti 031654","Strada Cezar Bolliac 6, București, România"
MzI1LTI0MDk5ODk2NTktMzExOTQ3MzE5MQ,finished,in_app,13.1,5.5,15.8,20.8,0.4,2.1,2026-03-05,10:14:01,"Piața Alexandru Lahovari 1A, Bucureşti","Intrarea Baba Novac, Bucharest"
MzI1LTI0MDk5NzE2NDktMzExOTQ0OTA5NQ,finished,in_app,18.6,3.6,11.8,18.1,0.1,0.9,2026-03-05,09:57:04,"Bulevardul Primăverii 24, Bucureşti 011974","APARTERRE, Strada Jean Louis Calderon, Bucharest, Romania"
MzI1LTI0MDk5MzY2NjgtMzExOTQwMjIzMw,finished,in_app,12.8,3.0,19.6,9.2,0.4,1.9,2026-03-05,09:29:45,"Strada Occidentului 8, Bucureşti 010983","Beans & Dots Primăverii, Bulevardul Primăverii 15, Primăverii, Bucureşti"
MzI1LTI0MDk5MTEyMjktMzExOTM2ODUyMA,finished,in_app,18.0,4.9,16.4,18.1,0.7,3.1,2026-03-05,09:08:27,"Strada Căpitan Mircea Mihail G. Vasilescu 25, Bucureşti","The Mark, Calea Griviței 84-98, Bucureşti"
MzI1LTI0MDk4OTA3OTItMzExOTM0MDY2MA,finished,in_app,18.1,2.4,14.2,10.1,0.4,1.7,2026-03-05,08:50:06,"Strada Verzișori 2, Bucureşti","Dare Beauty Center, Bulevardul Libertății 12, Centrul Civic, Bucureşti"
MzI1LTI0MDk4NTIyODItMzExOTI4NjEwMw,finished,in_app,20.3,4.3,27.0,9.6,0.8,2.3,2026-03-05,08:19:57,"Strada Lotrioara 5, Bucureşti 032163","Unicredit Bank ATM, Bulevardul Mărășești, Bucharest, Romania"
MzI1LTI0MDk4Mzc3ODItMzExOTI2NjgyMA,finished,in_app,19.0,1.3,7.6,10.2,1.0,5.5,2026-03-05,08:05:54,"Aleea Lunca Bradului 4, Bucureşti","Strada Rotundă 19, Bucureşti 032702"
MzI1LTI0MDk4MjE3MzEtMzExOTI0Mzk1Nw,finished,in_app,25.7,3.3,14.0,14.1,1.9,5.0,2026-03-05,07:48:37,"Bulevardul Decebal 15, Bucureşti 030964","B-dul. Pictor Nicolae Grigorescu 14, Bucureşti 030452"
MzI1LTI0MDk4MDQ5NDgtMzExOTIxODM0NA,finished,in_app,18.0,3.0,12.9,14.0,0.9,4.7,2026-03-05,07:31:22,"Intrarea Reconstrucției 1, Bucureşti 031611","Provita, Strada Agricultori 82, Sectorul 2, Bucureşti"
MzI1LTI0MDk3OTcyNDAtMzExOTIwNjc1NQ,finished,business,14.2,2.2,6.4,20.2,1.5,3.3,2026-03-05,07:22:25,"Strada Dristorului 51, Bucureşti 031532","Intrare Starbucks, Park Lake Mall"
MzI1LTI0MDk3Nzg0MjYtMzExOTE3ODI3OQ,finished,in_app,23.6,7.4,20.2,21.9,1.3,4.7,2026-03-05,06:52:02,"Strada Sergent Major Samoilă Dumitru 10, Bucureşti","Intrarea Gheorghe Costa-Foru 5, Bucureşti"
MzI1LTI0MDk3NjkyMzItMzExOTE2MzA5OA,finished,in_app,17.9,6.2,15.2,24.4,1.4,4.2,2026-03-05,06:33:29,"Aleea Barajul Cucuteni 6, Bucureşti 032753","Șoseaua Vitan-Bârzești 28, Bucureşti"
MzI1LTI0MDk3NjQ4NDEtMzExOTE1NTM0Mg,finished,in_app,12.8,3.8,10.2,22.1,1.2,4.2,2026-03-05,06:23:07,"Aleea Pantelimon 20, Bucureşti","Strada Soldat Petre M. Tina 6, Bucureşti"
MzI1LTI0MDk3NjA0OTItMzExOTE0ODQwOQ,finished,in_app,12.8,2.3,7.3,19.0,1.3,2.6,2026-03-05,06:10:59,"Strada Pescărușului 3, Bucureşti","Str. Bodesti 2, Bucureşti 022435"
MzI1LTI0MDk3NTMyMDktMzExOTEzNjc5OA,finished,in_app,12.8,2.2,7.5,17.6,1.8,4.7,2026-03-05,05:43:21,"Strada Oborul Nou 11, Bucureşti 021442","Bulevardul Pierre de Coubertin 3-5, Bucureşti 021313"
MzI1LTI0MDk1MjQ1NzQtMzExODc0NjA4Ng,finished,in_app,22.2,7.5,15.9,28.4,0.8,3.1,2026-03-04,21:20:37,"Bulevardul Pipera 1C, 032114","Str. Popa Soare 24, Bucureşti 023983"
MzI1LTI0MDk1MTY4MjctMzExODczNDMxNA,finished,in_app,12.9,5.2,14.3,21.6,0.5,1.5,2026-03-04,21:12:09,"Șoseaua Colentina 51, Bucureşti 021162","Șoseaua București Nord 15-23, 077191"
MzI1LTI0MDk0OTIyNzItMzExODY5NTQ2Nw,finished,in_app,21.5,8.0,19.4,24.7,0.9,2.1,2026-03-04,20:46:20,"Strada Economu Atanase Stoicescu 32, Bucureşti 060765","Strada Doamna Ghica 5, Bucharest"
MzI1LTI0MDk0NTQxMzAtMzExODYzNTAwMw,finished,in_app,23.9,8.4,24.9,20.3,0.6,5.1,2026-03-04,20:08:49,"Piața Presei Libere 3-5, Bucureşti 013702","Main Entrance IDM Club, Club IDM, Splaiul Independenței 319"
MzI1LTI0MDk0MTAwNjItMzExODU2ODgxOA,finished,in_app,22.9,8.7,32.8,15.9,0.0,0.2,2026-03-04,19:30:57,"Strada Ziduri Între Vii 19, Bucureşti","Beraria H, Beraria H"
MzI1LTI0MDkzNjA4NDEtMzExODQ5MjQzOQ,finished,in_app,29.3,7.5,31.2,14.4,0.9,3.1,2026-03-04,18:50:07,"Strada Bilciurești 11, Bucharest, Romania","Strada Ziduri Între Vii 19, Bucureşti"
MzI1LTI0MDkzMzQ4MzUtMzExODQ1MzE3OQ,finished,in_app,20.9,6.9,18.7,22.1,1.1,3.8,2026-03-04,18:29:29,"Strada Plaiul Muntelui 66, Bucureşti","Om hani specialitati libaneze, Strada Amiral Horia Măcelariu, București, România"
MzI1LTI0MDkyODI4MTctMzExODM3NDIyMg,finished,in_app,34.4,10.3,32.4,19.0,0.7,3.9,2026-03-04,17:46:37,"Podul Barbu Văcărescu 201, Bucureşti 020276","Strada Bârlogeni 99, Bucureşti"
MzI1LTI0MDkyNDcxMDgtMzExODMyMTAzMQ,finished,in_app,24.3,5.5,22.2,14.8,1.8,5.3,2026-03-04,17:16:23,"Main Entrance, Veranda Mall","Strada Elena Caragiani 8, Bucureşti"
MzI1LTI0MDkxOTU3NDAtMzExODI0ODU0NQ,finished,in_app,16.1,4.3,11.3,22.9,0.6,2.3,2026-03-04,16:33:28,"Strada Soarelui 15, Ștefăneștii de Jos 077175","Calea București 71, Tunari"
MzI1LTI0MDkxNDk2ODAtMzExODE4NjA4Mg,finished,in_app,14.5,1.4,6.5,12.6,0.6,2.2,2026-03-04,15:55:48,"Strada Pădurii 5, Ştefăneştii de Sus 077175","Strada Pădurii 5, Ştefăneştii de Sus 077175"
MzI1LTI0MDkwNTM2OTQtMzExODA1MzU4NQ,finished,in_app,41.2,15.8,36.3,26.1,1.6,8.9,2026-03-04,14:36:03,"Strada Doctor Grigore Mora 19, Bucureşti","Strada Europa, Cosmopolis Plaza, Strada Europa"
MzI1LTI0MDkwMjcwNjQtMzExODAyNzI1NQ,finished,in_app,12.8,2.3,9.6,14.6,0.4,2.5,2026-03-04,14:19:35,"Strada Barbu Văcărescu 141, Bucureşti 020274","Strada Alexandr Sergheevici Pușkin 7, Primăverii, Bucureşti"
MzI1LTI0MDg5NDAzNzUtMzExNzkwMjk3NA,finished,in_app,21.7,7.2,37.2,11.7,1.0,6.8,2026-03-04,12:56:45,Bulevardul Libertății 16,"Strada Vidin 8, Bukarest, Rumänien"
MzI1LTI0MDg5MTUyMDAtMzExNzg2ODA4Ng,finished,in_app,15.5,4.1,21.6,11.3,1.0,1.8,2026-03-04,12:32:57,"Șoseaua Nicolae Titulescu 4-8, Bucureşti 011131","Curtea de Apel București, Splaiul Independenței 5, Bucharest"
MzI1LTI0MDg4NjcwMzItMzExNzgwMzU1Nw,finished,in_app,18.5,7.1,39.5,10.8,1.9,6.5,2026-03-04,11:47:12,"Șoseaua Fundeni 229, Bucureşti","Ciorbărie Titulescu, Șoseaua Nicolae Titulescu, Бухарест, Румыния"
MzI1LTI0MDg4MzQ0MTEtMzExNzc1NzUxMw,finished,in_app,16.0,6.5,24.8,15.8,0.4,1.5,2026-03-04,11:17:39,"Strada Buzești 71, Bucureşti 011013","Sos. Fundeni 235, Bucureşti 022321"
MzI1LTI0MDg4MTY0NjUtMzExNzczMzI5MA,finished,in_app,12.8,4.4,11.4,23.4,0.4,1.4,2026-03-04,11:00:18,"Strada Simion Mehedinți 2, Bucureşti 060458","Policlinica Victoria, Strada Buzești 75-77, Sectorul 1, Bucureşti"
MzI1LTI0MDgyNjg4ODItMzExNjg5MjgzMA,finished,in_app,42.8,16.5,41.2,24.1,3.0,5.9,2026-03-03,20:11:50,"Șoseaua Fabrica de Glucoză 6-8, Bucureşti 020332",Strada Weiner Palada 12
MzI1LTI0MDgyNDYyODctMzExNjg1OTU0Ng,finished,in_app,13.1,4.4,10.9,24.1,1.2,5.9,2026-03-03,19:50:08,"Strada Pâncota 5, București, România","Str. Cuiului 5, Bucureşti 022688"
MzI1LTI0MDgxOTE4MjgtMzExNjc4MDMyMQ,finished,in_app,33.6,12.2,19.0,38.5,0.1,0.9,2026-03-03,19:01:38,"Drumul Potcoavei 51K, Voluntari 077190","Strada Rozelor 21, Ștefăneștii de Sus, România"
MzI1LTI0MDgxNzAxODItMzExNjc0OTUzNA,finished,in_app,22.9,5.2,18.1,17.3,1.6,6.3,2026-03-03,18:42:37,"Șoseaua Pipera 32, Bucureşti","Strada Constelatiei 39, Voluntari 077190"
MzI1LTI0MDgxMTc3NDgtMzExNjY3MzAyMQ,finished,in_app,21.1,4.6,18.8,14.7,2.0,10.7,2026-03-03,17:57:55,"Calea Floreasca Bvd. exit, Promenada Mall","Șoseaua Nordului 41C, Bucureşti"
MzI1LTI0MDgwODYwNTQtMzExNjYyNzAyNQ,finished,in_app,25.9,6.6,34.4,11.6,0.5,4.2,2026-03-03,17:30:00,"Strada Luntrei 6, Tei, Bucureşti","Magic Castle, Strada Cerceilor 10, Aviației, Bucureşti"
MzI1LTI0MDgwMjQ3MjItMzExNjUzNzk0NA,finished,in_app,46.9,13.1,52.4,15.0,1.2,3.1,2026-03-03,16:36:43,"Strada Lacul Pasărea 20C, Bucureşti","Aleea Teiul Doamnei 2, Bucureşti 023588"
MzI1LTI0MDc5NjkzMTAtMzExNjQ1OTQwMQ,finished,in_app,42.9,13.3,41.3,19.3,0.6,4.2,2026-03-03,15:50:01,"Strada Sergent Constantin Ghercu 9, Bucureşti","Car Expert Refinish, Strada Zețarilor, Bucharest, Romania"
MzI1LTI0MDczMTQ4MTktMzExNTUzNDMyMQ,finished,in_app,34.9,13.8,28.5,29.1,1.5,2.1,2026-03-03,01:07:04,"Manuc's Inn, Old Town",Strada Performanței 32
MzI1LTI0MDcyOTk3NDMtMzExNTUwNjg3MQ,finished,in_app,27.9,11.4,26.4,25.9,2.7,6.3,2026-03-03,00:25:43,"Strada Mihai Eminescu 59, Bucureşti 020071","Șoseaua Alexandriei 18, Bucharest, Romania"
MzI1LTI0MDcxMjc1MzUtMzExNTIxOTY1Mg,finished,in_app,15.3,4.2,14.1,17.9,1.5,5.3,2026-03-02,20:11:47,"Strada Vânători 5-11, Bucureşti 050136","Mosafir, Strada Plantelor 48, Sector 2, Bucureşti"
MzI1LTI0MDcxMDg4OTktMzExNTE5MTAxMg,finished,in_app,13.4,5.3,13.3,24.1,1.2,3.8,2026-03-02,19:52:02,"Bus Station, Politehnica University of Bucharest","Strada Uranus 138, Bucureşti"
MzI1LTI0MDcwODk3MTgtMzExNTE2MjY2Mg,finished,in_app,12.8,3.6,12.3,17.8,0.6,2.0,2026-03-02,19:33:09,"Bulevardul Iuliu Maniu 244, Bucureşti 061095","Complex Sir, Șoseaua Virtuții 1, Militari, Bucureşti"
MzI1LTI0MDcwNzE0NTUtMzExNTEzNDUzOA,finished,in_app,12.8,2.2,5.9,22.5,1.4,4.5,2026-03-02,19:15:53,"Bulevardul Iuliu Maniu 432-442, Bucureşti 061127","Pacific Tur, Bucharest, Romania"
MzI1LTI0MDcwMDg3NzEtMzExNTA0Njc3OQ,finished,in_app,44.3,10.8,46.8,13.8,1.5,4.3,2026-03-02,18:19:52,"Strada Alexandru Constantinescu 39, Bucureşti","Decathlon, Bulevardul Iuliu Maniu 546-560, Militari, Bucureşti"
MzI1LTI0MDY5MzI0MTEtMzExNDkzNTQ5Mg,finished,in_app,32.3,6.2,30.3,12.2,1.5,6.1,2026-03-02,17:09:38,"Bulevardul Aviatorilor 8A, Bucureşti 011861","Strada Străbună 109, Bucharest, Romania"
MzI1LTI0MDY5MTcwOTQtMzExNDkxMjk5MA,finished,in_app,14.0,1.5,11.0,8.3,0.2,1.1,2026-03-02,16:56:01,"Strada Louis Blanc 7, Bucureşti 011751","Str. G-ral. Gheorghe Constantinide 8, Bucureşti 011164"
MzI1LTI0MDY4ODcwNDktMzExNDg3MDI1Ng,finished,in_app,28.1,6.8,23.1,17.6,0.5,4.1,2026-03-02,16:29:14,"Strada Serg. Constantin Moise 5D, Bucureşti 061421","Kineto Consult, Strada Argentina 5, Dorobanți, Bucureşti"
MzI1LTI0MDY4NTY0MTItMzExNDgyNzM5Nw,finished,in_app,12.9,3.2,8.9,21.8,0.8,3.0,2026-03-02,16:02:14,"Strada Valea Argeșului 8, Bucureşti 061935","Bulevardul Timișoara 139, București, România"
MzI1LTI0MDY3OTc2MjMtMzExNDc0NDYxOQ,finished,in_app,44.6,13.4,42.8,18.8,1.6,4.8,2026-03-02,15:12:12,"Policlinica Titan, Bulevardul Nicolae Grigorescu 41, Titan - Balta Albă, Bucureşti","Strada Târgu Neamț 11A, Bucureşti 062053"
MzI1LTI0MDY3NzA4NzYtMzExNDcwNzQ0MQ,finished,in_app,15.8,4.8,13.8,20.9,0.9,5.2,2026-03-02,14:49:04,"Kaufland, Șoseaua Colentina 6, Colentina, Bucureşti","Perenna Cafe, Intrarea Horbotei 12, Titan - Balta Albă, Bucureşti"
MzI1LTI0MDYxOTA4OTktMzExMzg1MDIyNw,finished,in_app,17.9,6.0,12.2,29.4,2.2,4.3,2026-03-02,02:55:27,"Strada Lipscani 17, Bucureşti","Strada Brașoveni 6, Bucureşti 023614"
MzI1LTI0MDYxODc3NjMtMzExMzg0NjQxNQ,finished,in_app,12.8,0.6,3.8,10.3,3.6,6.7,2026-03-02,02:42:06,"Calea Victoriei 63-81, Bucureşti 010065","Bulevardul General Gheorghe Magheru 9, Sector 1, Bucureşti"
MzI1LTI0MDYxODU2NjEtMzExMzg0MTc4NA,finished,in_app,14.2,3.4,8.0,25.5,3.8,9.7,2026-03-02,02:28:34,"Strada Doamnei 27-29, București 030167","JW Marriott Bucharest Grand Hotel, Calea 13 Septembrie 90, Bucureşti"
MzI1LTI0MDYxODAzNDItMzExMzgzMTIyMw,finished,in_app,17.1,6.0,13.9,26.0,2.4,5.6,2026-03-02,02:04:39,"Strada Spătarului 3, Bucureşti 020771","Cămin Stoian Militaru, Berceni, Bucureşti"
MzI1LTI0MDYwOTUxOTYtMzExMzY2MTQ1MA,finished,in_app,19.1,2.8,9.8,17.4,1.6,1.9,2026-03-01,23:04:06,"Bulevardul Dacia 80, Bucureşti 020062","Strada Constantin Aricescu 20, Bucharest"
MzI1LTI0MDYwODYxNzctMzExMzY0NTczOA,finished,business,12.8,1.3,3.3,23.4,1.9,4.7,2026-03-01,22:52:10,"Veranda Mall, Main Entrance",Strada Ardeleni 1
MzI1LTI0MDYwNzQzMTctMzExMzYyNDQ0OQ,finished,in_app,18.8,4.9,13.2,22.4,1.1,4.0,2026-03-01,22:35:34,"Strada Constantin Mille 17, Bucureşti 010141","Aleea Cislău 3, Bucureşti"
MzI1LTI0MDYwNjU1ODQtMzExMzYwOTE5Mg,finished,in_app,20.6,2.5,11.7,12.8,0.6,1.2,2026-03-01,22:24:09,"Bulevardul Mărășești 19, Bucureşti 040251","Piața Națiunile Unite 3-5, Bucureşti 040012"
MzI1LTI0MDYwNDY4ODQtMzExMzU3NzEwMA,finished,in_app,20.3,5.9,15.2,23.3,1.0,4.2,2026-03-01,22:02:00,"Strada Locotenent Aviator Marcel Andreescu 33, Bucureşti","Str. Frigului 19, Bucureşti 040584"
MzI1LTI0MDYwMzQ0ODgtMzExMzU1NzQ3NQ,finished,in_app,23.3,7.3,13.0,33.8,1.5,2.9,2026-03-01,21:47:07,"Calea 13 Septembrie 129, Bucureşti","Str. Av. Radu Beller 8, Primăverii, Bucureşti"
MzI1LTI0MDYwMTkyMzUtMzExMzUzMzE1OA,finished,in_app,22.6,6.3,13.6,27.9,0.7,2.6,2026-03-01,21:28:58,"Calea Crângași 32, Bucureşti 060341","Strada Mihail Sebastian 27, Bucureşti"
MzI1LTI0MDU2MjA4OTEtMzExMjkxMDkxMw,finished,in_app,14.0,3.0,8.7,20.6,2.0,2.8,2026-03-01,14:48:49,"Entrance,  Cathedral of the Salvation of the Nation, Cotroceni","Galaxy Entrance, Afi Palace Cotroceni Mall"
MzI1LTI0MDU2MDc3MzUtMzExMjg5MTEzNQ,finished,in_app,12.8,3.0,9.3,19.3,0.6,8.1,2026-03-01,14:35:30,"Strada George Enescu 21, Bucureşti 010303","Parking, Palace of Parliament, Bucharest"
MzI1LTI0MDU1OTA0MjAtMzExMjg2NDEzMg,finished,in_app,12.8,4.7,15.7,17.9,1.6,3.9,2026-03-01,14:16:17,"Calea Călărașilor 85, Bucureşti 030613","Velocita, Calea Victoriei 122, Bucharest"
MzI1LTI0MDU1NjUyNTMtMzExMjgyNzU4Mg,finished,in_app,14.2,4.4,13.8,19.0,0.5,3.5,2026-03-01,13:48:03,"Strada Ankara 7, Bucureşti 011833","Calea Moșilor 272, Sector 2, Bucureşti"
MzI1LTI0MDU1NDA2ODAtMzExMjc5MTQwNw,finished,in_app,21.7,7.3,20.4,21.4,1.7,7.9,2026-03-01,13:21:06,"Bucharest, Romania","Strada Puțul lui Zamfir 36, Bucureşti 011684"
MzI1LTI0MDU1MTkwMzMtMzExMjc1OTYxMg,finished,in_app,19.6,7.9,22.7,20.9,0.9,3.9,2026-03-01,12:55:21,"Calea Dorobanților 164, Bucureşti 010581","Str. Calugareni 4, Bucureşti 031528"
MzI1LTI0MDU1MDYwMjMtMzExMjc0MDE0NA,finished,in_app,12.8,2.2,9.7,13.5,1.8,5.9,2026-03-01,12:40:05,"Strada Washington 48, Bucureşti","Strada George Călinescu 41, Bucureşti"
MzI1LTI0MDU0OTEzMzAtMzExMjcxOTE1Mg,finished,in_app,12.8,3.9,13.7,17.2,0.9,2.9,2026-03-01,12:22:50,"Șos. Mihai Bravu 5, București","Strada Constantin Aricescu 18, Bucureşti"
MzI1LTI0MDQ2OTExNjktMzExMTMwMTg4Ng,finished,in_app,12.8,2.6,5.5,28.1,1.3,3.4,2026-02-28,21:53:35,"Strada Dristorului 89, Bucureşti","School and Kindergarten Montessano, Strada Parfumului, Bucharest, Romania"
MzI1LTI0MDQ2MjM4NjctMzExMTE5NzIzOQ,finished,in_app,72.0,22.2,38.7,34.3,1.7,9.6,2026-02-28,21:04:47,"Sosiri, Aeroportul Henri Coandă din București (OTP)","Șoseaua Mihai Bravu 325, Bucureşti 030312"
MzI1LTI0MDQ1Nzg0NDAtMzExMTEyNjQxNQ,finished,in_app,40.4,18.4,29.0,38.1,0.1,0.5,2026-02-28,20:34:24,"Strada Halelor 3, Bucureşti","Departures, Bucharest Henri Coanda Airport (OTP)"
MzI1LTI0MDQ1MzY3MzktMzExMTA1NTk0OQ,finished,in_app,19.5,6.9,20.6,20.2,1.0,2.8,2026-02-28,20:06:42,"Bulevardul 1 Decembrie 1918 27C, Bucureşti 032454","Hanul lui Manuc, Centrul Vechi"
MzI1LTI0MDQ0NjgyMTYtMzExMDkzOTcxNQ,finished,in_app,21.4,9.8,17.2,34.1,1.1,2.9,2026-02-28,19:24:59,"Bulevardul Dimitrie Cantemir 22, Bucureşti 040245","Strada Buhuși 55, Titan - Balta Albă, Bucureşti"
MzI1LTI0MDQ0MzkzMjQtMzExMDg4OTI4OQ,finished,in_app,19.0,6.1,14.8,24.7,1.4,6.0,2026-02-28,19:06:46,"Strada Ion Țuculescu 31, Bucureşti","Bulevardul Dimitrie Cantemir 2, Bucureşti 040231"
MzI1LTI0MDQzMTc1OTAtMzExMDY4OTY2Nw,finished,in_app,12.8,1.3,8.8,9.0,0.2,1.1,2026-02-28,17:48:20,"Calea Vitan 23, Bucureşti","Mc Donald's, Șoseaua Mihai Bravu, Bucharest, Romania"
MzI1LTI0MDQzMTI3MjEtMzExMDY4MDE4Nw,finished,in_app,12.8,0.9,2.4,22.9,0.5,1.3,2026-02-28,17:44:23,"Bulevardul Unirii 62, Bucureşti 030834","Stația București Mall, Calea Vitan, Centrul Civic, Bucureşti"
MzI1LTI0MDQyODE0NTgtMzExMDYzMTA5Mw,finished,in_app,16.9,5.0,16.8,17.9,1.2,4.2,2026-02-28,17:21:54,"Șoseaua Pantelimon 266, București 021652","Strada Nerva Traian 7, Bucureşti"
MzI1LTI0MDQyNDM3MDUtMzExMDU3MzQ5Nw,finished,in_app,12.8,2.7,6.1,26.4,0.4,1.9,2026-02-28,16:51:39,"Bulevardul Camil Ressu 53, București 077160","Intr. Horbotei 8, Bucureşti 030467"
MzI1LTI0MDQxOTk5MzktMzExMDUwNzg1Ng,finished,in_app,27.1,8.7,28.5,18.3,1.4,4.3,2026-02-28,16:15:58,"Strada General Henri Mathias Berthelot 47, Bucureşti","Strada Lotrioara 7, Bucureşti 032164"
MzI1LTI0MDQxNjU4NzQtMzExMDQ1NTg4Nw,finished,in_app,19.0,6.7,19.8,20.3,0.5,8.6,2026-02-28,15:46:41,"Strada Bozioru 18, Bucureşti","Str. Virgiliu 35, Bucureşti 010881"
MzI1LTI0MDQxMzA5MzItMzExMDQwMjYzOA,finished,in_app,15.2,3.9,14.7,15.7,0.4,0.6,2026-02-28,15:16:59,"Șoseaua Colentina 26, București","Scoala de fotbal Astra Kids Bucuresti, Bulevardul Pierre de Coubertin, București, România"
MzI1LTI0MDQwODY3MDYtMzExMDMzNzUxMQ,finished,in_app,19.6,6.7,16.4,24.6,0.5,1.5,2026-02-28,14:37:42,"Main Entrance, Veranda Mall","Strada Mihail Sadoveanu, Voluntari, Romania"
MzI1LTI0MDMzMzk4NDMtMzEwOTExNzAxNg,finished,in_app,13.3,6.7,13.6,29.6,0.6,1.2,2026-02-27,23:55:56,"Strada Trestiana 1, Bucureşti 011645","Forge, Șoseaua Pantelimon 1A, Obor, Bucureşti"
MzI1LTI0MDMyODIwOTgtMzEwOTAyNzU1MA,finished,in_app,19.4,8.9,21.8,24.5,2.8,6.4,2026-02-27,23:12:12,"Strada Tunari 32, Bucureşti 020527","Str. Izvorul Trotusului 1, Bucureşti 040884"
MzI1LTI0MDMyNTc0NzItMzEwODk4NzY2OQ,finished,in_app,17.0,7.3,15.5,28.4,2.9,5.0,2026-02-27,22:52:53,"Calea Griviței 365, Bucureşti 010719","Str. Alexandru Cel Bun 24A, Bucureşti 023682"
MzI1LTI0MDMyMzcxMDMtMzEwODk1Njk4Nw,finished,in_app,12.8,2.1,5.3,23.3,1.4,2.7,2026-02-27,22:36:36,"Bulevardul Constructorilor 16A, Bucureşti 060503","Strada Mânzului 24, București 077042"
MzI1LTI0MDI5MjI5MzktMzEwODQ1NzA2NA,finished,in_app,14.5,3.5,13.5,15.4,1.4,7.5,2026-02-27,18:59:07,"Strada Londra 11, Bucureşti 011761","Strada Trotușului 62, Bucureşti 012144"
MzI1LTI0MDI4NDk2NzYtMzEwODM0NTgyMg,finished,business,25.7,4.7,27.5,10.4,0.2,1.4,2026-02-27,18:13:15,"Strada Gheorghe Țițeica 178, Bucureşti","Str. Benjamin Franklin 1, Bucureşti 010287"
MzI1LTI0MDI4MDY5ODgtMzEwODI4MzcxMg,finished,in_app,30.3,6.6,26.8,14.8,0.9,2.9,2026-02-27,17:44:20,"Strada Doctor Nicolae D. Staicovici 1-5, Bucureşti 050552","Dentalist, Intrarea Tăciunelui 5, Tei, Bucureşti"
MzI1LTI0MDI3NzQzMzUtMzEwODIzNDc5MA,finished,in_app,15.7,4.0,14.2,16.8,0.6,2.9,2026-02-27,17:20:53,"Strada Radu Vodă 28A, Bucureşti","PRODESIGN ENGINEERING & CONSTRUCTION, Strada Doctor Carol Davila, Bucharest, Romania"
MzI1LTI0MDI3NDU5ODYtMzEwODE5MjI5MA,finished,in_app,20.1,3.2,19.0,10.0,1.4,6.6,2026-02-27,16:59:57,"Strada Ion Câmpineanu 16, Bucureşti 010036","Splaiul Unirii 41, Bucureşti"
MzI1LTI0MDI1NzE4ODYtMzEwNzkzMzI1Nw,finished,in_app,19.4,3.4,21.6,9.6,1.8,8.0,2026-02-27,14:48:54,"Strada Silvia 9, Bucureşti 023431","Strada Pictor Ștefan Luchian 12, Sector 2, Bucureşti"
MzI1LTI0MDI0OTY3NzktMzEwNzgyNzQyMQ,finished,in_app,42.1,7.8,42.4,11.0,1.1,3.5,2026-02-27,13:51:21,"Prof Medica, Strada Doctor Panait Iatropol 53, Cotroceni, Bucureşti","Bloc 3, Strada Doamna Ghica 5, București, România"
MzI1LTI0MDI0NTgxMDItMzEwNzc3MjM1Ng,finished,in_app,24.3,7.2,23.5,18.4,1.7,7.3,2026-02-27,13:19:47,"Drumul Valea Doftanei 15A, București 061981","Splaiul Independenței Entrance, University of Veterinary Medicine"
MzI1LTI0MDEyNjc2NzItMzEwNTkyNzU0Nw,finished,business,27.2,9.7,49.2,11.8,1.0,6.4,2026-02-26,14:53:34,"Strada Grigore C. Moisil 16, Bucureşti","Dental Arhitect Clinica Stomatologica, Strada Sergent Nuțu Ion, București, România"
MzI1LTI0MDEyNDQ4MjgtMzEwNTg5NDY3Mg,finished,in_app,12.8,3.3,19.2,10.3,0.3,0.5,2026-02-26,14:35:32,"Șoseaua Pipera 49, Bucureşti 014254","Str. Tuzla 42, Bucureşti 023832"
MzI1LTI0MDEyMTYzMDEtMzEwNTg1NDYyMA,finished,in_app,14.7,4.1,15.0,16.6,1.0,2.3,2026-02-26,14:12:52,"Șoseaua Pipera 61, Bucureşti 020308","Bulevardul Pipera 1, Voluntari 077190"
MzI1LTI0MDEyMDAwNjQtMzEwNTgzMTk0NQ,finished,in_app,12.8,2.7,6.1,26.3,1.2,9.8,2026-02-26,13:59:43,"Strada Zăgazului 1B, Bucureşti","Cortina Wellness, Bulevardul Pipera, Voluntari, Romania"
MzI1LTI0MDA5NjkyNzgtMzEwNTUwMzIxOA,finished,in_app,43.7,23.6,55.0,25.8,3.8,11.1,2026-02-26,10:40:54,"Șoseaua Vitan-Bârzești 7D, Bucureşti 042121","Plecări, Aeroportul Henri Coandă din București (OTP)"
MzI1LTI0MDA5MTI1NzgtMzEwNTQyMzA4Mg,finished,in_app,53.5,20.2,53.5,22.7,0.6,1.4,2026-02-26,09:50:26,"Strada Pajurei 7, Bucureşti 013152","AD Garage, Splaiul Unirii 833A"
MzI1LTI0MDA4ODgyMDctMzEwNTM5MDMzMQ,finished,in_app,17.9,4.2,12.6,20.2,1.4,4.5,2026-02-26,09:32:53,"Bulevardul Ion Mihalache 94, Bucureşti 011197","Liceul Teoretic Constantin Brâncoveanu, Strada Pajurei, Bucharest, Romania"
MzI1LTI0MDA4NTc2OTEtMzEwNTM0ODA2MA,finished,in_app,23.2,5.8,19.9,17.5,1.3,5.5,2026-02-26,09:07:02,"Intrarea Craiovei 14, Bucureşti","Piața Victoriei, București"
MzI1LTI0MDA4MzA1NjMtMzEwNTMwOTI3OQ,finished,in_app,23.0,6.4,11.8,32.3,0.4,2.4,2026-02-26,08:43:11,"Strada Gara de Nord 6-8, Bucureşti 010857","Calea Giulești 471a, București, România"
MzI1LTI0MDA3OTIwOTAtMzEwNTI1NDcwNQ,finished,in_app,29.3,6.2,33.0,11.2,0.6,2.6,2026-02-26,08:09:41,"Strada Alexandru cel Bun 16, Bucureşti 023683","MyContinental București, Calea Grivitei 143, Gara de Nord, Bucureşti"
MzI1LTI0MDA3NzgxNzUtMzEwNTIzNTI5OA,finished,in_app,16.6,1.7,11.1,9.3,0.4,1.9,2026-02-26,07:54:25,"Strada Avrig 23A-25A, Bucureşti 021572","Strada Mașina de Pâine 67, Bucureşti 021128"
MzI1LTI0MDA1Mzc2NzMtMzEwNDgyNDQ5Mg,finished,in_app,15.3,1.8,4.4,25.2,1.8,3.0,2026-02-25,22:41:58,"Bulevardul Mircea Vodă 38, Bucureşti","Strada Labirint 149, Bucharest 010573"
MzI1LTI0MDA1MTI3MTAtMzEwNDc4MzM5Mw,finished,in_app,15.2,6.5,14.2,27.3,1.0,2.6,2026-02-25,22:11:52,"Bulevardul Dimitrie Cantemir 23, Bucureşti 040237","Str. Moldovita 14, Bucureşti 041823"
MzI1LTI0MDA0OTk3MTUtMzEwNDc2MjMyMQ,finished,in_app,15.8,7.3,14.0,31.5,0.5,3.6,2026-02-25,21:57:56,"Strada Becaței 6, Bucureşti 032413","Strada Vișana 4, Bucureşti 040394"
MzI1LTI0MDA0NzEyMzQtMzEwNDcxODUxNQ,finished,in_app,22.5,10.8,24.5,26.4,0.3,1.1,2026-02-25,21:25:04,"Strada Ion Brezoianu 3, Bucureşti","Aleea Cindrel 47-53, Bucureşti 032389"
MzI1LTI0MDA0NTIyMDUtMzEwNDY4OTkwNA,finished,in_app,15.4,7.2,19.0,22.7,1.1,4.4,2026-02-25,21:04:49,"Strada Veteranilor 20, Militari, Bucureşti","Strada Eforie 7, București, România"
MzI1LTI0MDAzNzgyNTAtMzEwNDU3NzcwNQ,finished,in_app,23.9,10.2,31.6,19.4,0.0,0.4,2026-02-25,19:53:01,"Spitalul Angiomedica, Strada Cosminului, București, România","Strada Dezrobirii 12, Militari, Bucureşti"
MzI1LTI0MDAzNjQ0ODktMzEwNDU1Nzg1Mw,finished,in_app,12.8,3.8,13.7,16.5,0.2,0.9,2026-02-25,19:41:18,"Strada Maior Vasile Băcilă 13, Bucureşti","Spitalul de Boli Cardiovasculare ""Angiomedica, Strada Cosminului 13, Bucureşti"
MzI1LTI0MDAzNDM4ODMtMzEwNDUzMjkzOA,finished,in_app,12.8,4.0,8.8,27.1,1.9,4.2,2026-02-25,19:27:28,"Bulevardul Chișinău 5, Bucureşti","Str. Maior Vasile Băcilă 32-34, București, România"
MzI1LTI0MDAzMDIwODMtMzEwNDQ2Mjc2Ng,finished,in_app,46.2,8.8,34.5,15.3,0.6,2.1,2026-02-25,18:51:22,"Emergency Entrance, Bucharest University Emergency Hospital","Șoseaua Pantelimon 336, Bucureşti 021659"
MzI1LTI0MDAyNjI0OTItMzEwNDQwNjI2OQ,finished,in_app,25.7,5.0,14.1,21.3,1.6,11.3,2026-02-25,18:20:48,"Strada Petre Ispirescu 7, Bucureşti 051022","La Bottega dei Sapori, Strada Doctor Ernest Juvara 24, Cotroceni, Bucureşti"
MzI1LTI0MDAyMzIyMzgtMzEwNDM2MDkxNQ,finished,in_app,26.6,3.5,13.6,15.3,1.1,13.7,2026-02-25,17:56:27,"Manuc's Inn, Old Town","Padel World Royal, Strada Progresului, Bucharest, Romania"
MzI1LTI0MDAxODk0NzMtMzEwNDI5OTAzNA,finished,in_app,34.5,5.5,30.5,10.7,0.0,0.2,2026-02-25,17:20:58,"Bulevardul General Paul Teodorescu 4, Bucureşti 061346","Bulevardul Regina Elisabeta, Piața Universității, Ghica"
MzI1LTI0MDAxNDc0ODUtMzEwNDI0MDIzNw,finished,in_app,26.6,7.0,30.2,13.9,0.2,9.5,2026-02-25,16:46:47,"Strada Tineretului 17, 077042","Bulevardul General Paul Teodorescu 4, Bucureşti 061346"
MzI1LTI0MDAwODgxMjEtMzEwNDE1NzE1MQ,finished,in_app,39.5,9.3,42.6,13.2,1.8,3.4,2026-02-25,15:58:55,"Bulevardul Iuliu Maniu 6P, Bucureşti 061103",Strada Tineretului 85