order_reference,order_status,payment_method,castig_net_lei,ride_distance_km,ride_duration_min,viteza_medie_kmh,to_client_dist_km,to_client_dur_min,order_created_date,order_created_time,pickup_address,destination_address
MzI1LTI2MjEyMDg1NjctMzQ5Nzc3NzU2NA,finished,cash,13.3,3.5,5.3,39.3,2.5,4.3,31-07-26,0:30:05,"Soseaua Colentina 373, Bucuresti","Intrarea Zambilei 29, Voluntari, Romania"
MzI1LTI2MjExOTg3NjItMzQ5Nzc1NDk4NQ,finished,cash,12.8,2.1,8.1,15.8,0.9,2.1,31-07-26,0:18:35,"Bulevardul Ferdinand I 102, Bucuresti 021394","Str. Arh. Ion Berindei 5, Bucuresti"
MzI1LTI2MjExODM2MTMtMzQ5NzcyMjU5OQ,finished,business,14.9,3.4,8.5,24.1,1.3,2.6,31-07-26,0:03:03,"Strada Biserica Amzei 11, Bucuresti","Strada Teleajen 8, Bucuresti"
MzI1LTI2MjExNjgxNzgtMzQ5NzY5MTQ3MA,finished,in_app,13,4,13.1,18.5,1,1.9,30-07-26,23:47:16,"Strada Tepes Voda 2, Bucuresti 021525","Radisson Blu, Radisson Blu Hotel Bucharest"
MzI1LTI2MjExNDM3MjgtMzQ5NzY0MDI1OQ,finished,in_app,16.1,8.3,15.6,31.7,0.2,0.6,30-07-26,23:21:53,"Strada Vrancioaia 3, Bucuresti","Strada Pictor Dimitrie Harlescu 1, Bucuresti 022194"
MzI1LTI2MjExMjIzNzYtMzQ5NzU5ODM2Nw,finished,cash,28.3,8,12.8,37.4,3,5.6,30-07-26,23:01:49,"Aleea Privighetorilor 31-35, Bucuresti 014031","Strada Olteaului 11-13, Tei, Bucuresti"
MzI1LTI2MjExMDA0NjUtMzQ5NzU1NDU5OA,finished,cash,34.7,14.4,19.7,44,0.6,1.4,30-07-26,22:40:18,"Bulevardul Ion Constantin Bratianu 20, Bucuresti 030062","Strada Doamna Stanca 16, Voluntari 077190"
MzI1LTI2MjEwNzAzNDgtMzQ5NzQ5MzExMA,finished,in_app,12.8,3.5,8.5,24.6,1.3,3.2,30-07-26,22:11:26,"Calea Mosilor 123, Bucuresti 020854","Strada Zizin 8, Bucuresti 041713"
MzI1LTI2MjEwNDAwMjgtMzQ5NzQzMTk3Ng,finished,in_app,18,5.9,16.2,21.7,0.9,1.3,30-07-26,21:43:52,"Strada Economu Atanase Stoicescu 13, Bucuresti 060765","Echoes Haus, Strada Dianei 11, Sector 2, Bucuresti"
MzI1LTI2MjEwMjM2ODMtMzQ5NzQwMDI2MA,finished,in_app,16.4,6.5,13.1,30,0.5,2.1,30-07-26,21:28:19,"Strada Ilfov 2, Bucuresti","Splaiul Independenaei 313B, Bucuresti 060042"
MzI1LTI2MjEwMTE5MDctMzQ5NzM3NjkzMg,finished,in_app,13,1.8,8.2,12.8,1.1,1.4,30-07-26,21:17:29,"Strada Sfinailor 4, Bucuresti 021064","Hanu' Berarilor, Strada Colonel Bordea Poenaru 2, Centrul Civic, Bucuresti"
MzI1LTI2MjA5OTU2NjMtMzQ5NzM0NDQ3Mw,finished,in_app,13,2.5,8,19.1,0.1,0.6,30-07-26,21:03:32,"The Gecko Pole Dance and Aerial Studio, Intrarea Victor Eftimiu, Bucuresti, Romania","Wicked Bar, Strada Spatarului 4, Sectorul 2, Bucuresti"
MzI1LTI2MjA5NjYwOTgtMzQ5NzI5ODk5MA,finished,in_app,20.6,6.4,19,20.3,0.6,0.9,30-07-26,20:42:24,"Strada George Constantinescu 3, Bucuresti 020339","Strada Ion Campineanu 25, Sector 1, Bucuresti"
MzI1LTI2MjA5NDEzMDUtMzQ5NzIzNzA0Mg,finished,in_app,24.2,8.2,22.9,21.5,0.5,1.7,30-07-26,20:15:36,"Strada Ceahlaul 6, Bucuresti","Spitalul Nord Pipera, Bulevardul Dimitrie Pompeiu, Bucharest, Romania"
MzI1LTI2MTk5MDMwOTgtMzQ5NTM3MTE3Nw,finished,cash,31.1,11.3,18.9,36,3.6,6.3,30-07-26,1:05:27,"Intrare, Aeroportul Bucuresti Baneasa (BBU)","Piaaa Naaiunile Unite 3-5, Bucuresti 040012"
MzI1LTI2MTk4Nzg2OTEtMzQ5NTMxNjA3Mw,finished,in_app,62.9,10,18.8,32,0.6,1.7,30-07-26,0:33:00,"Strada Ilfov 3, Bucuresti","H Pipera Lake, Bulevardul Pipera 1, Voluntari"
MzI1LTI2MTk4NjIxMDgtMzQ5NTI3OTQ2MQ,finished,in_app,13,3.1,8.2,23,0.9,1.5,30-07-26,0:13:14,"Sos. Mihai Bravu 5, Bucuresti","Hotel Internaaional, Strada Cauzasi 27, Centrul Civic, Bucuresti"
MzI1LTI2MTk4NDYwODctMzQ5NTI0NTYxOA,finished,in_app,12.8,3,8.2,22.3,1.3,4.9,29-07-26,23:55:48,"Bulevardul Decebal 2, Bucuresti 030965","Soseaua Pantelimon 117, Bucuresti 021598"
MzI1LTI2MTk4MzY3NTItMzQ5NTIyNDg3MQ,finished,in_app,12.8,2.2,5.1,26.4,0.9,3.2,29-07-26,23:45:36,"Bulevardul Camil Ressu 17, Bucuresti 031734","Camin Privat Carpex, Strada Locotenent Colonel Dumitru Papazoglu 84, Nerva Traian, Bucuresti"
MzI1LTI2MTk4MjAyODctMzQ5NTE4ODMwMQ,finished,in_app,27.7,5.8,10.2,34.5,2.3,4.1,29-07-26,23:27:45,"Bulevardul Dacia 132, Bucuresti 020064","Str. Sold. Ion Iosif 7, Bucuresti 032034"
MzI1LTI2MTk3MTg3NzQtMzQ5NDk4MzU3MQ,finished,in_app,17.3,5.4,13.4,24.3,1.8,3.3,29-07-26,21:47:31,"Strada Aviator Popisteanu M, Bucuresti","Komodo Lounge, Floreasca, Bucuresti"
MzI1LTI2MTk3MDgzNDYtMzQ5NDk2MjczNw,finished,in_app,14.1,3.8,9.5,24,1.7,5.3,29-07-26,21:36:13,"Strada Popa Tatu 14, Bucuresti","Str. Mircea Zorileanu 2, Bucuresti 012055"
MzI1LTI2MTk2OTM2MzItMzQ5NDkzNTc0NA,finished,in_app,12.8,2.7,11.5,14.1,0.5,1,29-07-26,21:21:34,"Calea Griviaei 141, Bucuresti","Caru' cu Bere, Old Town"
MzI1LTI2MTk2NjQyNTctMzQ5NDg3OTcxNg,finished,in_app,29,10.9,28.3,23.1,0.6,2.1,29-07-26,20:52:34,"Strada Dorohoi 12, Bucuresti","Gara de Nord, Gara de Nord, Bucharest"
MzI1LTI2MTk2MzQxODEtMzQ5NDgyMzU0OA,finished,cash,13,1.8,5.8,18.9,0.7,1.9,29-07-26,20:23:28,"Aleea Izvorul Oltului 6, Bucuresti","Postalionului 34A, Bucuresti 041125"
MzI1LTI2MTk2MTc5NTItMzQ5NDc5MjU5MA,finished,cash,21.6,6.7,13.1,30.6,0.5,0.1,29-07-26,20:08:35,"Intrare Calea Vitan, Bucuresti Mall","Strada Boltei 39, Bucuresti"
MzI1LTI2MTk2MDY5NDAtMzQ5NDc3MTY2Mg,finished,in_app,12.8,2,6.7,17.7,0.4,1.4,29-07-26,19:59:06,"Strada Baba Novac 9, Bucuresti 031623","Intrare Calea Vitan, Bucuresti Mall"
MzI1LTI2MTk1ODA5MDctMzQ5NDcyMjgyMw,finished,in_app,16.4,4.3,12.1,21.2,0,0.4,29-07-26,19:36:15,"Strada Fainari 3, Bucuresti 021221","Intrarea Rosianu 39, Bucuresti"
MzI1LTI2MTk1NTUzNTEtMzQ5NDY3NTAwNg,finished,in_app,28.4,6.6,19.9,20,1.6,2.3,29-07-26,19:14:37,"Strada Sergent Constantin Ghercu 13, Bucuresti","Str. Fainari 4, Bucuresti 021223"
MzI1LTI2MTg5NjU4NDYtMzQ5MzY3MzAxMA,finished,business,13,2.5,5.8,26.1,0.7,4.2,29-07-26,10:35:12,"Strada Domniaa Anastasia 3, Bucuresti 010054","ICA Research & Development, Splaiul Independenaei, Bucuresti, Romania"
MzI1LTI2MTg5NDQzODItMzQ5MzY0MDE0NA,finished,in_app,18,3.6,14.6,14.8,0.1,0.3,29-07-26,10:14:45,"Grand Hotel Continental Bucharest, Grand Hotel Continental Bucharest","Parking, Palace of Parliament, Bucharest"
MzI1LTI2MTg5MTM0NTUtMzQ5MzU5MDk4Mw,finished,in_app,26.8,4.2,21.9,11.4,0.9,5,29-07-26,9:42:40,"Strada Masina de Paine 39, Bucuresti 021125","Calea Victoriei 45-47, Bucuresti 010062"
MzI1LTI2MTg2NzQ2ODYtMzQ5MzE2MjM0Nw,finished,in_app,16.4,5.3,10.6,29.6,1.6,4.9,29-07-26,1:25:33,"Strada Constantin Mille 4, Bucuresti 010142",Strada Avrig 10
MzI1LTI2MTg2NjgxMzctMzQ5MzE0NjMxNg,finished,business,13,3.5,9.4,22.2,0.8,1.6,29-07-26,1:13:46,"Strada Negoiu 7, Bucuresti 031125","Splaiul Independenaei 2F, Bucuresti 030099"
MzI1LTI2MTg2NjIxMTEtMzQ5MzEzMjAyMQ,finished,in_app,13,2.8,6.5,25.6,0.3,1.3,29-07-26,1:04:08,"Bulevardul Chisinau 75, Bucuresti 022147","Str. Eufrosina Popescu 54A, Bucuresti 031682"
MzI1LTI2MTg2NDQzNTktMzQ5MzA4OTUyMQ,finished,cash,18.1,6.7,13.7,29.5,1.3,3.4,29-07-26,0:37:44,"Bulevardul Decebal 3, Bucuresti 030962","Strada Rasvani 7, Bucuresti 033085"
MzI1LTI2MTg2MzU5MTAtMzQ5MzA2OTkwNw,finished,in_app,12.8,3.4,6.7,30.2,1.2,2.9,29-07-26,0:26:11,"Bulevardul Octavian Goga 16, Bucuresti","Strada Campia Libertaaii 40, Bucuresti"
MzI1LTI2MTg2MjM3MTktMzQ5MzA0MTYzNg,finished,in_app,21.6,7.3,10.7,41.1,2.2,3.1,29-07-26,0:10:27,"Drumul Lunca Prutului 63C, Bucuresti 032357","Strada Radu Voda 23A, Bucuresti 040273"
MzI1LTI2MTg2MDU0MTEtMzQ5Mjk5OTgzMQ,finished,in_app,18,9.1,15.8,34.5,0.5,2.3,28-07-26,23:48:56,"Strada Olari 10A, Bucuresti 024057","Strada Serg. Petrache Florea 33M, Bucuresti"
MzI1LTI2MTg1OTQ4NzQtMzQ5Mjk3NjYzMA,finished,cash,18,3.4,9.5,21.7,0.7,2.1,28-07-26,23:37:06,"Bulevardul Mihail Kogalniceanu 32, Bucuresti 050107","Bulevardul Carol I 45, Sectorul 2, Bucuresti"
MzI1LTI2MTg1ODI5MjktMzQ5Mjk1MDIzNA,finished,in_app,15,4.8,9.9,28.9,1.3,2.8,28-07-26,23:23:28,"Strada Iancu Capitanu 32, Bucuresti 021364","Strada Costache Negri 10bis, Bucuresti 050553"
MzI1LTI2MTg1NzE0NjAtMzQ5MjkyNTkwNg,finished,in_app,14,3,7.2,25.1,0.8,2.1,28-07-26,23:10:54,"Bulevardul Pierre de Coubertin 3-5, Bucuresti 021902","Strada Teleajen 58, Bucuresti"
MzI1LTI2MTg1NTg3MDAtMzQ5Mjg5OTIwNA,finished,cash,16.4,3.6,9.2,23.4,1.3,2.3,28-07-26,22:57:55,"Strada Mihai Eminescu 154, Bucuresti","Soseaua Pantelimon 98-108, Pantelimon, Bucuresti"
MzI1LTI2MTc0MTI3NTEtMzQ5MDkyOTI4OQ,finished,business,23.6,8,11.8,40.8,1.9,5.2,28-07-26,0:07:38,"Auchan Drumul Taberei, Main Entrance","Strada Murelor 40, Sector 6, Bucuresti"
MzI1LTI2MTczOTc2ODMtMzQ5MDg5Mzg1MQ,finished,in_app,29.3,7.6,9.9,46.4,1.9,4,27-07-26,23:48:13,"Bulevardul Ion Mihalache 115, Bucuresti 011178","Bd. Timisoara 89-91, Bucharest, Romania"
MzI1LTI2MTczODY1NjUtMzQ5MDg2ODU1MA,finished,in_app,12.8,5.3,9.7,32.7,0.2,1,27-07-26,23:32:59,"Soseaua Pantelimon 227, Bucuresti 021602","Spitalul Grigore Alexandrescu, Dorobanai, Bucuresti"
MzI1LTI2MTczNjE5NzQtMzQ5MDgxMzI1MA,finished,in_app,38.7,8,16.6,28.9,3.4,9.5,27-07-26,23:03:48,"Intrare Dinicu Golescu, Gara de Nord","Soseaua Pantelimon 235, Bucuresti"
MzI1LTI2MTczNTU2NDgtMzQ5MDc5Nzc4OQ,finished,in_app,13,2.5,6.1,24.2,0.2,1.9,27-07-26,22:55:59,"Calea Calarasilor 132, Bucuresti 030628","Strada Nicolae Tonitza 10, Bucuresti 030099"
MzI1LTI2MTczNDI3MTctMzQ5MDc2OTIyOQ,finished,cash,17.7,4.5,12.2,22.3,1.4,3.5,27-07-26,22:40:40,"Restaurant PengYou, Strada Occidentului 11, Sector 1, Bucuresti","PengYou Restaurant & Lounge, Strada Profesor Doctor Mihail Georgescu, Bucharest, Romania"
MzI1LTI2MTczMzI1NjUtMzQ5MDc1MTQwOQ,finished,cash,16.4,2.8,8.4,19.9,0.6,2.7,27-07-26,22:30:48,"Bulevardul General Gheorghe Magheru 1, Bucuresti 010281","Gara de Nord, Gara de Nord, Bucuresti"
MzI1LTI2MTczMjg4ODEtMzQ5MDc0MDIwMQ,finished,in_app,16.6,1.6,3.4,28.8,1.6,4.2,27-07-26,22:24:16,"Soseaua Stefan cel Mare 3, Bucuresti 011736","Radisson Blu, Radisson Blu Hotel Bucharest"
MzI1LTI2MTczMTM3MTItMzQ5MDcwNzQ4Nw,finished,cash,14,5.3,12.9,24.6,0.7,1.8,27-07-26,22:07:06,"Strada Dorneasca 16, Bucuresti","Soseaua Nicolae Titulescu 10, Bucuresti 011141"
MzI1LTI2MTcyOTg5MzAtMzQ5MDY3NzQzOQ,finished,cash,14,3.1,7.7,24.5,0.3,6,27-07-26,21:51:06,Aleea Bacau 13,"Strada Topliceanu Vasile 8, Rahova, Bucuresti"
MzI1LTI2MTcyODAzNTgtMzQ5MDY0MDcyOQ,finished,cash,12.8,4.1,10.4,23.6,1.6,4.8,27-07-26,21:29:55,"Intrarea Second Cup, Carrefour Vulcan","Dream Residence, Soseaua Salaj, Rahova"
MzI1LTI2MTcyNjcyOTUtMzQ5MDYxNDE2Mg,finished,in_app,12.8,3.9,10.3,22.7,1.6,3.9,27-07-26,21:15:11,"Bus station, Cora Lujerului","Intrarea Buturugeni 4, Bucharest, Romania"
MzI1LTI2MTcyNTg0OTgtMzQ5MDU5NjU2NQ,finished,in_app,14.9,4.2,6.5,39.3,1.2,2.5,27-07-26,21:05:28,"Calea Crangasi 29, Bucuresti 060312","Strada Leaota 20A, Bucuresti"
MzI1LTI2MTcyNDkwMzktMzQ5MDU3ODY1Mg,finished,in_app,13,3.9,9,26.1,0.7,0.9,27-07-26,20:55:09,"Bulevardul Iuliu Maniu 55, Bucuresti 061081","Aleea George Valsan 10, Bucuresti 060474"
MzI1LTI2MTcyNDE4MjItMzQ5MDU2NTEyNA,finished,cash,14,1,3.8,15.5,0.9,2.8,27-07-26,20:47:05,"Strada Rosia Montana 2A, Bucuresti 060954","Amanet Exchange Gorjului, Bulevardul Iuliu Maniu, Bucarest, Roumanie"
MzI1LTI2MTcyMjk2MjUtMzQ5MDU0MjUyMg,finished,in_app,13,3.2,6,31.7,0.6,2.9,27-07-26,20:33:38,"Strada Locotenent Saidac Gheorghe 8, Bucuresti 060523","Strada Pestera Dambovicioara 2, Militari, Bucuresti"
MzI1LTI2MTcyMTMyNTItMzQ5MDUxMDMxNg,finished,cash,18.5,2.9,8.9,19.7,3.1,5.2,27-07-26,20:16:28,"ibis Bucharest Politehnica, Splaiul Independenaei 313A, Militari, Bucuresti","Calea Crangasi 22, Bucuresti 060338"
MzI1LTI2MTYyMzgwMjktMzQ4ODcxODU0OA,finished,cash,17.6,6.9,11.2,37,0.8,1.8,27-07-26,1:38:16,"Soseaua Colentina 2B, Bucuresti 021172","Calea Griviaei 210, Bucuresti 010757"
MzI1LTI2MTYxNjczNDktMzQ4ODU0MzM1OA,finished,in_app,22.4,2.9,10.1,17.3,1.2,7.3,27-07-26,0:03:34,"Strada George Enescu 25, Bucuresti 010303","Strada Agricultori 15, Bucuresti 021481"
MzI1LTI2MTYxNTAzNjgtMzQ4ODUwNjI4Nw,finished,cash,15,4.2,10.9,23,1.8,1.2,26-07-26,23:46:27,"Bulevardul Iuliu Maniu 6R, Bucuresti 061103","Piaaa Valter Maracineanu 45, Bucuresti"
MzI1LTI2MTYxMzMzNjItMzQ4ODQ3Mjk4MQ,finished,in_app,26,9.5,15.5,36.7,0.6,1.4,26-07-26,23:31:10,"Strada Odei 2C, Bucuresti","B-dul. Iuliu Maniu 15A, Bucharest 061075"
MzI1LTI2MTYxMDY4ODQtMzQ4ODQyMjQ1Nw,finished,business,36,12.5,19.9,37.9,1.3,2.5,26-07-26,23:08:53,Bulevardul Chisinau 3,"Strada Tudor Gociu 24B, Sector 4, Bucuresti"
MzI1LTI2MTYwODc5OTYtMzQ4ODM3MzQ2Mw,finished,in_app,27.7,8.7,18.1,28.7,1.2,1.9,26-07-26,22:48:35,"Bulevardul Libertaaii 4, Bucuresti 040136","Strada Ciocarliei 16, Bucuresti"
MzI1LTI2MTYwNjAzNzYtMzQ4ODMxMjY3NA,finished,cash,28.1,8.6,16.9,30.4,0.7,2.7,26-07-26,22:21:01,"Strada Caramidariei 5, Giulesti Sarbi, Bucuresti","Str. Lt. Petre Lintes 17, Bucuresti 050871"
MzI1LTI2MTYwNTMxMDUtMzQ4ODI5NzMzNg,finished,cash,13.4,3.6,7,31.1,0.4,2.1,26-07-26,22:14:21,"Strada Nicolae Oncescu 29, Bucuresti 060463","Intrarea Caramidariei 46, Bucuresti"
MzI1LTI2MTYwNDE1MTEtMzQ4ODI3MzI4NQ,finished,cash,14.2,3.3,4.9,40.2,2.4,1.9,26-07-26,22:03:28,"Intrarea de la metrou, Gara de Nord","Str. Nicolae Oncescu 2, Bucuresti"
MzI1LTI2MTYwMDk2NjItMzQ4ODIwNzgyNQ,finished,in_app,32,12.1,23.6,30.8,0.9,2.6,26-07-26,21:32:27,"Strada Fetesti 54-56, Bucuresti","Gara de Nord, Gara de Nord, Bucuresti"
MzI1LTI2MTU5ODk4OTUtMzQ4ODE2NzMwNQ,finished,in_app,22.6,8.2,16.7,29.6,1,2.3,26-07-26,21:13:09,"Bulevardul Gheorghe Sincai 2, Bucuresti 040317","Strada Ciucea 1, Bucuresti, Romania"
MzI1LTI2MTU5NjU3OTItMzQ4ODExODAzNg,finished,cash,18.2,5.2,19.7,15.8,0.4,1.4,26-07-26,20:50:36,"Strada Mieilor 22, Bucuresti 021537","Aleea Trestiana 4, Bucuresti"
MzI1LTI2MTU5NDEzNjgtMzQ4ODA2NjI0OQ,finished,in_app,23.6,7.8,18.4,25.4,1.4,0.9,26-07-26,20:27:18,"Strada Inginer Scarlat Varnav 26, Bucuresti","Aleea Lunguleau 6, Sectorul 2, Bucuresti"
MzI1LTI2MTU5MTY3NzUtMzQ4ODAxMzcxMA,finished,cash,12.8,3.5,8.1,26,1,2.7,26-07-26,20:04:42,"Intrarea Stefan Furtuna 2, Bucuresti","Crangasi, Crangasi, Bucuresti"
MzI1LTI2MTU5MDY2MzYtMzQ4Nzk5MTQ2NQ,finished,in_app,13,3,7.1,25.1,0.3,1.6,26-07-26,19:55:37,"Strada Padureni 10, Bucuresti 060403","Intrare Dinicu Golescu, Gara de Nord"
MzI1LTI2MTU4ODE1MzAtMzQ4NzkzODE5NQ,finished,cash,24.7,6.9,17.3,24,1.1,2.4,26-07-26,19:33:26,"Strada Pajurei 11, Bucuresti","Bulevardul Constructorilor 11, Giulesti, Bucuresti"
MzI1LTI2MTU4NDY5OTUtMzQ4Nzg2NTAzMA,finished,in_app,47,7.4,14.6,30.4,2.7,7,26-07-26,19:04:08,"Strada Dealul Tugulea 43, Bucuresti","Marmura Residence, Bucurestii Noi, Bucuresti"
MzI1LTI2MTU4Mzc4NDQtMzQ4Nzg0NTQyOQ,finished,in_app,21.5,3.2,5.7,33.8,2.4,3.6,26-07-26,18:56:01,"Soseaua Orhideelor 16-18, Bucuresti","Bulevardul Iuliu Maniu 13D, Bucuresti 061074"
MzI1LTI2MTQzOTg0NjktMzQ4NDk1ODI5OA,finished,cash,21.3,6.9,17.1,24.1,0.7,2.7,25-07-26,20:09:03,"Strada Arcului 9, Bucuresti 021031","Piaaa Presei Libere, Piata Presei"
MzI1LTI2MTQzNTEyMzYtMzQ4NDg2NjMzNw,finished,cash,20.6,6.7,13.8,29.3,0.7,1.3,25-07-26,19:38:38,"Camin P5, Splaiul Independenaei 290, Bucuresti 060029","Piaaa George Enescu, Sectorul 1, Bucuresti"
MzI1LTI2MTQyOTkwNjQtMzQ4NDc2OTU2Nw,finished,in_app,12.8,2.7,7.3,22,0.3,0.3,25-07-26,19:03:27,"Strada Fabrica de Chibrituri 13-15, Bucuresti","Manuc's Inn, Old Town"
MzI1LTI2MTQyNzg3NjItMzQ4NDczMTgxNQ,finished,in_app,18,3.8,8.8,25.7,1.7,3.7,25-07-26,18:49:32,"Aleea Alexandru Moruzzi Voievod 11, Bucuresti","Primaria Sectorului 5, Strada Fabrica de Chibrituri 7-19, Bucuresti"
MzI1LTI2MTQyNDU1MzItMzQ4NDY2OTE4Mg,finished,in_app,14,4.9,12.5,23.5,0.9,2,25-07-26,18:26:42,"Strada Dimitrie Racoviaa 32, Bucuresti 023994","Iesire Arenele Romane, Parc Carol I"
MzI1LTI2MTQyMjM5MzAtMzQ4NDYyOTI4NA,finished,cash,15.6,3.5,8.8,24.3,1.7,4.8,25-07-26,18:10:45,"Strada Ion Berindei 10, Bucuresti 023556","Strada Sfantul Stefan 21, Sector 2, Bucuresti"
MzI1LTI2MTQyMTA4MzAtMzQ4NDYwNTQxNQ,finished,cash,13.4,2.1,8.4,15.2,0.6,0.5,25-07-26,18:00:46,"Intrare Principala, Veranda Mall","Strada Sinaia 3, Bucuresti 022767"
MzI1LTI2MTQxNzIwODMtMzQ4NDUzNDcxOQ,finished,cash,27.2,8.7,22.8,22.9,0.1,0.4,25-07-26,17:31:25,"AFI Park 2, Afi Palace Cotroceni Mall","ADP Sector 2, Obor, Bucuresti"
MzI1LTI2MTQxNTk3NzMtMzQ4NDUxMzAyOA,finished,in_app,15.7,4.5,11.5,23.2,0.9,2,25-07-26,17:21:49,"Bulevardul Lascar Catargiu 58, Bucuresti 010673","Galaxy Entrance, Afi Palace Cotroceni Mall"
MzI1LTI2MTQxMzgyNDYtMzQ4NDQ3NDA1Mw,finished,cash,17.9,4.1,10.5,23.6,1.7,3.2,25-07-26,17:04:21,"Bulevardul Ion Mihalache 319, Bucuresti","Piaaa Romana, Sector 1, Bucuresti"
MzI1LTI2MTQxMjI4OTgtMzQ4NDQ0NjY1NQ,finished,cash,14,3.9,7.3,32.2,1,3,25-07-26,16:51:53,"Calea Griviaei 160, Bucuresti 010745","Intrare parcare Romexpo, Romexpo Arena"
MzI1LTI2MTQxMDcyNzItMzQ4NDQxOTI5Mg,finished,cash,14,3.2,7.4,26,1.4,1.9,25-07-26,16:39:23,"Calea Crangasi 46, Bucuresti 060343","Gara de Nord, Gara de Nord, Bucuresti"
MzI1LTI2MTMzNzg4OTItMzQ4MzA3MzgyNw,finished,in_app,21.8,7.2,11.4,37.8,1.1,5.2,25-07-26,2:31:47,"Calea Victoriei 147, Bucuresti 010449","Strada Stupca 25-35, Militari, Bucuresti"
MzI1LTI2MTMzNTcwOTktMzQ4MzAzMDUxNQ,finished,in_app,17.9,3.9,13.6,17.4,0.8,1.5,25-07-26,2:10:44,"Strada Domniaa Anastasia 1, Bucuresti","Strada Vasile Mironiuc 27, Griviaa, Bucuresti"
MzI1LTI2MTMzNDc5NDItMzQ4MzAxMjAwOA,finished,in_app,12.8,3.1,8.6,22,0.8,0.9,25-07-26,2:02:26,"Strada Ion Minulescu 90, Bucuresti","Hanul lui Manuc, Centrul Vechi"
MzI1LTI2MTMzMjMyMjQtMzQ4Mjk2MzI5OA,finished,cash,22.4,5.9,14,25.1,1.3,2.9,25-07-26,1:41:04,"Soseaua Mihai Bravu 62A, Bucuresti 021328","Splaiul Unirii 152-164, Bucuresti 030136"
MzI1LTI2MTMzMDM0NDctMzQ4MjkyMDU5Mg,finished,in_app,17,5.5,10.1,32.7,1.1,4.3,25-07-26,1:25:19,"Bulevardul Banu Manta 12, Bucuresti 011226","Str. Litovoi Voievod 10, Bucuresti 023485"
MzI1LTI2MTMyNzE2NTQtMzQ4Mjg1Mzk1NA,finished,cash,15,3.3,7.9,24.8,2.5,4,25-07-26,1:01:53,"Splaiul Independenaei 210-210B, Bucuresti 060025","Strada Fruntasului 12, Bucuresti"
MzI1LTI2MTMyNTkyNzUtMzQ4MjgyNzc1NQ,finished,cash,12.8,1.1,3,21.3,2.3,5.1,25-07-26,0:52:42,"Soseaua Orhideelor 31, Bucuresti 010953","Intrarea secundara, Gara de Nord"
MzI1LTI2MTMxNjc3NjQtMzQ4MjY1MDA1Ng,finished,cash,19.7,8,14.1,34.1,0.4,2.1,24-07-26,23:46:21,"Strada Rezervelor 54, 077041","Calea Crangasi 12, Bucuresti 060337"
MzI1LTI2MTMxNTYzNzEtMzQ4MjYyOTU2MQ,finished,cash,13,1.3,4.5,17.2,1.4,1.6,24-07-26,23:38:34,"Bulevardul Iuliu Maniu 488-490, Bucuresti 061127","Rezervelor 54, Strada Rezervelor, Rosu, Romania"
MzI1LTI2MTMxMTg3NTktMzQ4MjU2MDA3OA,finished,business,13,4.5,11.2,24.2,1.1,2.4,24-07-26,23:10:22,Strada Veteranilor 78-92,"Strada Apeductului 28, Rosu, Romania"
MzI1LTI2MTMwODg3NzAtMzQ4MjUwNjA0Nw,finished,in_app,24.5,10.3,19.6,31.4,0.7,2.1,24-07-26,22:48:22,"Bulevardul Tineretului 41, Bucuresti 040348","B-dul. Uverturii 16, Militari, Bucuresti"
MzI1LTI2MTMwNjg2NzQtMzQ4MjQ2OTk2MA,finished,in_app,12.8,4.8,9.8,29.4,0.6,2,24-07-26,22:32:36,"Strada Izvorul Crisului 15, Bucuresti","Strada Trestiana 11, Bucuresti 040374"
MzI1LTI2MTMwMzYyOTYtMzQ4MjQxMjEzMQ,finished,in_app,19.2,7.5,17.9,25.3,1.2,2.7,24-07-26,22:07:42,"Strada Sergent Ion Nuau 38, Bucuresti","Strada Gradistea 7, Bucharest"
MzI1LTI2MTMwMTM3ODEtMzQ4MjM3MTM4Mg,finished,cash,13,4.9,10.8,27.3,0.4,2.7,24-07-26,21:51:05,"Strada Rosia Montana 1, Bucuresti 060951","Bulevardul Ghencea 31, Bucuresti"
MzI1LTI2MTMwMDA4ODYtMzQ4MjM0Nzk3OQ,finished,cash,13.9,3.4,9.5,21.7,0.5,1.5,24-07-26,21:40:47,"Strada George Valsan 55, Bucuresti 060472","Metrou Lujerului, iesirea A, Bulevardul Iuliu Maniu, Bucuresti, Romania"
MzI1LTI2MDQxMjQ4NzEtMzQ2NTY5MTk4MA,finished,in_app,30.5,5.3,11.1,28.7,1.5,4,18-07-26,17:35:42,"Bulevardul Pipera 1H, Voluntari 077191","Aleea Deleni 8, Bucharest"
MzI1LTI2MDQwODI3MDktMzQ2NTYyMDE0Mw,finished,in_app,28,6.8,9.9,41.3,0.9,1.6,18-07-26,17:03:06,"Soseaua Electronicii 22, Bucuresti","Bulevardul Pipera 2, Voluntari 077191"
MzI1LTI2MDQwNjczMDgtMzQ2NTU5MjYzNw,finished,in_app,23.6,7,12,35.3,0.7,1.3,18-07-26,16:50:43,"Strada Campul Pipera 103h, Voluntari 077190","Main Entrance, Veranda Mall"
MzI1LTI2MDQwMzc4NTAtMzQ2NTU0MTMwOA,finished,in_app,69.9,18,20.2,53.6,0.3,1.1,18-07-26,16:28:05,"Bulevardul Aeroportului 13, Hilton Garden Inn Otopeni","Rent a car ELEI, Bulevardul Pipera, Voluntari, Romania"
MzI1LTI2MDM5NjI4OTMtMzQ2NTQxMTYxMQ,finished,cash,66.9,18.3,29,37.8,1.6,1.8,18-07-26,15:27:48,"Soseaua Electronicii 28, Bucuresti","Departures Terminal, Bucharest Henri Coanda Airport (OTP)"
MzI1LTI2MDM5NDg0NTktMzQ2NTM4NjkyOQ,finished,cash,17,2.1,5,25.5,1.8,5,18-07-26,15:16:05,"Strada Ziduri Mosi 2, Bucuresti 021204","Strada Lunca Florilor 2, Electronicii, Bucuresti"
MzI1LTI2MDM5MzAxMDktMzQ2NTM1NTQzMg,finished,cash,21.1,5,10.6,28.1,1.7,3.6,18-07-26,15:01:05,"Bulevardul Marasesti 42, Sector 4, Bucuresti","Soseaua Stefan cel Mare 27, Tei, Bucuresti"
MzI1LTI2MDM5MDQ4ODgtMzQ2NTMxMTEzNg,finished,in_app,29.9,6.3,16.4,23.2,0.2,0.5,18-07-26,14:40:00,"Bulevardul General Paul Teodorescu 4, Bucuresti 061344","Strada Nerva Traian 5, Bucuresti"
MzI1LTI2MDM4OTMyNTctMzQ2NTI5MTcyNA,finished,in_app,18.7,2.6,6.1,26.1,2,5.3,18-07-26,14:30:37,"Intrare Parcare Nord, Mall Plaza Romania","Intrare Galaxy, Afi Palace Cotroceni"
MzI1LTI2MDM4Nzk0NzYtMzQ2NTI2NzA5NA,finished,in_app,17.9,4.2,8.1,30.8,1,3.1,18-07-26,14:18:27,"Strada Izvor 2-4, Bucuresti","Galaxy Entrance, Afi Palace Cotroceni Mall"
MzI1LTI2MDMyMjE0MDktMzQ2Mzk2MDEwOA,finished,in_app,58,14.7,24.7,35.7,1.1,2.1,18-07-26,1:42:37,"Beraria H, Beraria H","Strada Macesului 90, Bucuresti"
MzI1LTI2MDMxOTMxOTYtMzQ2MzkwMDQ4OQ,finished,in_app,25.9,5.4,10.7,30.3,1.5,2.9,18-07-26,1:20:06,Strada Gara Herastrau 2,"Strada Turda 100, Griviaa, Bucuresti"
MzI1LTI2MDMxNjE0MjctMzQ2MzgzMzkwNQ,finished,cash,39.3,8.3,12.6,39.4,2.5,3.2,18-07-26,0:56:41,"Calea Crangasi 29, Bucuresti 060312","Str. Doamna Ghica 83,  022823"
MzI1LTI2MDMxMzg1NjUtMzQ2Mzc4ODQxNA,finished,in_app,23.9,6.2,13,28.5,1.2,2.6,18-07-26,0:40:40,"Strada Olimpului 13, Bucharest 040196","Bulevardul Iuliu Maniu 16, Militari, Bucuresti"
MzI1LTI2MDMwNjQzODQtMzQ2MzY2NjA0OQ,finished,business,37.6,6.8,13.4,30.6,0.6,1.8,17-07-26,23:58:13,"Strada Ion Campineanu 20, Sectorul 1, Bucuresti","Aleea Cricovul Dulce 11A, Berceni, Bucuresti"
MzI1LTI2MDMwMzI3MzYtMzQ2MzYzODI0NQ,finished,cash,17,2.3,5.3,26.2,0.6,0.5,17-07-26,23:45:23,"Bulevardul Camil Ressu 41, Bucuresti 031742","Calea Vitan 121, Vitan, Bucuresti"
MzI1LTI2MDMwMDQwMDItMzQ2MzYxNDEzMQ,finished,in_app,17,2.4,6.7,21.2,1.1,2.2,17-07-26,23:33:40,"Strada Baba Novac 3, Bucuresti 031621","Aleea Fizicienilor 27, Bucuresti 032112"
MzI1LTI2MDI5NjA5MzAtMzQ2MzU2MjEzNw,finished,cash,24,6.5,14.8,26.6,0.7,2,17-07-26,23:10:59,"Bulevardul Corneliu Coposu 1A, Bucuresti 030601","Strada Plutonier Radu Gheorghe 12, Bucuresti"
MzI1LTI2MDI4OTkyNzktMzQ2MzQzOTUzMg,finished,cash,42.9,13.8,19.3,42.9,2.6,8.3,17-07-26,22:28:23,"Strada Viilor 11, 1 Decembrie 077005","DualFIX AUTO - Vulcanizare - Geometrie auto 3D - Incarcare Freon Bucuresti Sector 5, Prelungirea Ferentari, Bucuresti, Romania"
MzI1LTI2MDI4MTUxMzItMzQ2MzI4NTk2MQ,finished,in_app,58,22.7,30.7,44.4,2,4.3,17-07-26,21:33:33,"Intrare Bulevardul Timisoara, Mall Plaza Romania","Strada Regina Elisabeta 25, 1 Decembrie, Romania"
MzI1LTI2MDI3OTc2MDItMzQ2MzI1MTQ0OA,finished,cash,17,2.5,7,21.9,2.1,4.1,17-07-26,21:20:52,"Aleea Parva 5, Bucuresti 061942","Scoala Gimnaziala Nr. 311, Strada Garleni 10, Ghencea, Bucuresti"
MzI1LTI2MDI3ODM5NTItMzQ2MzIyNDIwOQ,finished,in_app,19.2,2.5,5.3,27.6,1.9,3,17-07-26,21:11:48,"Drumul Taberei 76, Bucuresti 061401","Strada Valea Furcii 132, Bucuresti"
MzI1LTI2MDI3NjcyMzUtMzQ2MzE4OTM3NA,finished,in_app,17,2.6,8.3,19.1,1.3,2.7,17-07-26,21:00:31,"Aleea Bucsenesti 1, Bucuresti 061573","B-dul. Drumul Taberei 102, Bucuresti 061411"
MzI1LTI2MDI3NDU5NTUtMzQ2MzE0OTczMA,finished,cash,17.9,3.1,7.1,26.4,0.9,2.8,17-07-26,20:45:31,"Aleea Lunca Siretului 3, Bucuresti 062035","Intrarea 1, RO: Stadionul Steaua Bulevardul Ghencea"
MzI1LTI2MDI3MjMxNDQtMzQ2MzEwNjcyOQ,finished,in_app,22,5,12.4,24,0.5,0.2,17-07-26,20:29:56,"Strada Vintila Mihailescu 3, Bucuresti 060391","Tratoria il calcio, Drumul Taberei, Bucuresti"
MzI1LTI2MDE0MDc0MjUtMzQ2MDU5NzgxMQ,finished,in_app,17,2.6,5.7,27.4,0.8,2.5,16-07-26,23:13:28,"Strada Serg. Alexandru Cutieru 25A, Bucuresti 061422","Strada Rosia Montana 6A, Bucuresti"
MzI1LTI2MDEzODAzMTctMzQ2MDU0MDU1Mg,finished,in_app,28.9,9.7,18.2,32.1,0.6,1.7,16-07-26,22:48:59,"Bulevardul Constantin Brancoveanu 93A, Bucuresti 041441","Bulevardul Timisoara 28A, Bucuresti"
MzI1LTI2MDEzNTU0MTQtMzQ2MDQ4OTI1Nw,finished,in_app,49.4,10,21.6,27.9,1.5,2.8,16-07-26,22:24:48,"Bulevardul Ion Mihalache 15, Bucuresti 011171","Bulevardul Constantin Brancoveanu 118, Bucuresti 041455"
MzI1LTI2MDEzMzMzNjYtMzQ2MDQ0NjMwMg,finished,in_app,21.4,5.3,14.6,21.7,1.2,2.3,16-07-26,22:04:36,"Strada Ziduri Mosi 3A, Bucuresti 021203","Strada Stirbei Voda 95, Bucuresti 010108"
MzI1LTI2MDEzMjExODAtMzQ2MDQyMjY1Ng,finished,cash,17,2.4,7,20.1,1.3,3.5,16-07-26,21:53:32,"Strada Ghiocei 30, Sectorul 2, Bucuresti","Strada Teiul Doamnei 6, Bucuresti"
MzI1LTI2MDEzMDQ4OTItMzQ2MDQwMjA0Ng,finished,cash,17,1.3,4.9,15.8,1.3,4.5,16-07-26,21:43:28,"Bulevardul Dacia, Piata Romana","Calea Dorobanailor 111-131, Dorobanai, Bucuresti"
MzI1LTI2MDEyOTQ5MTUtMzQ2MDM3NDQ4OA,finished,in_app,19.9,6.1,12,30.6,0.5,3.6,16-07-26,21:29:27,"Bulevardul Geniului 46- 48, Bucuresti 060117","Terminus, Strada George Enescu 3, Bucuresti"
MzI1LTI2MDEyNDIwMDItMzQ2MDI2OTkzOQ,finished,business,19.9,4.8,13.9,20.6,0.5,1.3,16-07-26,20:41:25,"Strada Remus 1-3, Bucuresti 030684","Padel World Royal, Strada Progresului, Bucharest, Romania"
MzI1LTI2MDEyMzU2MzQtMzQ2MDI1ODQ1NA,finished,in_app,17,1.6,3.7,25.9,0.4,1,16-07-26,20:36:00,"Strada Delea Noua 2, Bucuresti 030673","Ceainaria GreenTea, Strada Doctor Burghelea 24, Sectorul 2, Bucuresti"
MzI1LTI2MDEyMTU0MzMtMzQ2MDIxOTY3MA,finished,cash,22.9,5.1,10.5,28.9,1.2,4.5,16-07-26,20:18:27,"Soseaua Pantelimon 309, Bucuresti","Calea Calarasilor 176, Bucuresti 030631"
MzI1LTI2MDExODkxMjItMzQ2MDE2ODg0Ng,finished,in_app,29.9,7.6,17.4,26.3,0.3,1.6,16-07-26,19:57:40,"Strada Giacomo Puccini 8A, Bucharest, Romania","Soseaua Pantelimon 340-342, Bucuresti"
MzI1LTI2MDExNTI5OTEtMzQ2MDA5NzcxNw,finished,in_app,32.9,7.7,21.3,21.8,1.8,3.6,16-07-26,19:29:16,"Strada Gladiolelor 8, Bucuresti 040145","Gradina Floreasca, Bulevardul Mircea Eliade 16, Floreasca, Bucuresti"
MzI1LTI2MDExMjMyNzQtMzQ2MDAzODgyNg,finished,cash,32.9,5,12.3,24.2,2.6,6.9,16-07-26,19:07:02,"Splaiul Independenaei 323, Bucuresti","Str. Sirenelor 77, Bucuresti"
MzI1LTI1OTk3MTI3NTQtMzQ1NzMwODU0MQ,finished,business,29.9,5.5,9.7,34,1.2,3.5,15-07-26,20:13:30,"Intrare Far, Afi Palace Cotroceni","Str. Ceahlaul 16, Bucuresti 060379"
MzI1LTI1OTk2ODcyNjQtMzQ1NzI1OTgyNw,finished,cash,26.8,5.3,13.5,23.6,1.1,3.9,15-07-26,19:53:05,"Strada Ulmilor 13, Bucuresti","Intrare Far, Afi Palace Cotroceni"
MzI1LTI1OTk1NTg1NzUtMzQ1NzAyMTA2NQ,finished,cash,49.1,7,25.7,16.2,1.2,3.3,15-07-26,18:14:15,"Strada Sfanta Vineri 34, Bucuresti","Strada N. D. Cocea 32, Bucuresti"
MzI1LTI1OTk1NDE3MzctMzQ1Njk5MTkzOQ,finished,in_app,18.9,1.7,4.8,21.8,2.7,6.2,15-07-26,18:01:31,"Calea Vitan Entrance, Bucharest Mall","Strada Matei Basarab 59, Bucuresti 030671"
MzI1LTI1OTk1MDcxMTMtMzQ1NjkzMzQxMg,finished,in_app,59.9,7.1,25.5,16.7,0.2,0.7,15-07-26,17:34:39,"Calea Plevnei 145, Bucuresti 060012","Strada Caramidarii de Jos Nr.5, Bucharest, Romania"
MzI1LTI1OTk0NjY1NzctMzQ1Njg2MzcwMQ,finished,in_app,43.9,9.5,26,22,0.3,0.6,15-07-26,17:03:17,"Soseaua Giurgiului 126, Bucuresti 040679","Entrance of B2 block, Grozavesti Student Complex"
MzI1LTI1OTk0NDY1ODctMzQ1NjgyODg0Mw,finished,cash,22.2,3.5,9.2,22.7,1.6,3.6,15-07-26,16:47:48,"Strada Doctor Constantin Istrati 53, Bucuresti 052034","Aleea Podul Giurgiului 4, Bucuresti 050366"
MzI1LTI1OTk0MDc2NzUtMzQ1Njc2MzE4Mg,finished,cash,29,3.4,13.8,14.6,0.3,2,15-07-26,16:18:02,"Calea Serban Voda 133, Bucuresti 040205","Calea Rahovei 299, Bucuresti"
MzI1LTI1OTkzNzUwNzEtMzQ1NjcwNzQyOA,finished,in_app,42,8,31.5,15.2,0.3,1.4,15-07-26,15:53:29,"Bulevardul Timisoara 56, Bucuresti 061333","Calea Serban Voda 111, Sector 4, Bucuresti"
MzI1LTI1OTkzNjIwOTEtMzQ1NjY4Mjk4NQ,finished,in_app,22,1.3,4.3,18.4,1.3,5,15-07-26,15:43:40,"Str. Mohorului 2, Bucuresti 062153","B-dul. Timisoara 69A, Bucuresti 00"
MzI1LTI1OTkzNDE5MjItMzQ1NjY0NzY0MA,finished,cash,26.2,5.6,15.3,21.8,0.2,0.2,15-07-26,15:28:58,"Strada Ceahlaul 18, Bucuresti 060381","Intrarea Mirodeniei 2, Bucuresti 061478"
MzI1LTI1OTg2Mzc4MjgtMzQ1NTI5NDQxNw,finished,in_app,23.4,4.1,9.4,26,1.1,3.1,15-07-26,1:50:21,"Bulevardul Regina Elisabeta 47, Bucuresti","Bloc 18, Strada Nicolae Filimon, Bucuresti, Romania"
MzI1LTI1OTg2MjgyODgtMzQ1NTI2OTU4OA,finished,in_app,18.7,4.5,10.8,25,1.4,3.3,15-07-26,1:35:04,"Strada Profesor Moise Nicoara 41, Bucuresti","Control Club, Sector 1, Bucuresti"
MzI1LTI1OTg2MDM2NDgtMzQ1NTIwNTgzMg,finished,in_app,42.1,8.4,15.4,32.6,2.1,3.9,15-07-26,1:06:03,"Strada Lugoj 90, Bucuresti","Aleea Bistricioara 2, Bucuresti"
MzI1LTI1OTg1ODQ5MzYtMzQ1NTE1Nzg0Nw,finished,in_app,31.5,3.1,6,31.1,2.4,5.3,15-07-26,0:50:02,"Strada Lainici 40, Bucuresti","Strada Ceahlaul 24, Bucuresti 060382"
MzI1LTI1OTg1NzM3NTktMzQ1NTEyMTMyMw,finished,in_app,43.4,4.5,9,29.7,3.8,6.8,15-07-26,0:39:31,"Strada Ion Brezoianu 39, Bucuresti","Strada Turda 108, Bucuresti 011334"
MzI1LTI1OTg1NTg1NTMtMzQ1NTA4NjI1OA,finished,in_app,28.5,3.8,6.9,33.2,0.1,0.1,15-07-26,0:30:30,"Strada Sublocotenent Popa 34, Bucuresti","Soseaua Panduri 9, Bucuresti"
MzI1LTI1OTg1MzUwMjAtMzQ1NTAyNTA1MA,finished,in_app,42.9,3.7,10.3,21.4,1.9,2.6,15-07-26,0:15:27,"Strada 11 Iunie 13, Bucuresti 040171","Str. Slt. Popa 7, Bucuresti 051961"
MzI1LTI1OTg1MDk4NDItMzQ1NDk2MzU1Mg,finished,in_app,17,1.6,7.3,13.2,1.5,4.2,15-07-26,0:02:13,"Strada Bradetului 23, Bucuresti 040695","Strada Cuaitul de Argint 70, Bucharest, Romania"
MzI1LTI1OTg0ODA1MDMtMzQ1NDg5NTQxOQ,finished,in_app,55.2,8.8,15.2,34.7,4.7,9.2,14-07-26,23:32:20,"Calea Griviaei 110, Bucuresti","Strada Giovanni Boccaccio 103, Bucharest, Romania"
MzI1LTI1OTg0NjAzNTYtMzQ1NDg1Mjc1MA,finished,in_app,17,3.3,7.5,26,3,6.7,14-07-26,23:12:29,"Strada Doamna Ghica 127, Bucuresti","Strada Luncsoara 3, Bucharest 021231"
MzI1LTI1OTg0MzQ2NzgtMzQ1NDc5ODkzOQ,finished,cash,29.9,5.6,12.7,26.6,0.5,1.3,14-07-26,22:50:16,"Calea Mosilor 284, Bucuresti 020894","Aleea Argedava 66, Fundeni, Bucuresti"
MzI1LTI1OTg0MjYxMjQtMzQ1NDc3NzEyMA,finished,in_app,17,3.3,8.7,23.2,1.9,3.9,14-07-26,22:40:29,"Soseaua Pantelimon 225, Bucuresti 021601","Str. Popa Petre 27, Bucharest"
MzI1LTI1OTg0MTgwMjItMzQ1NDc1NzQ1Mw,finished,in_app,22,1.8,4.2,26.5,1.4,2.4,14-07-26,22:32:10,"Soseaua Pantelimon 146, Bucuresti 021647","Ivan's Bar & Grill, Bulevardul Basarabia, Bucuresti, Romania"
MzI1LTI1OTgzOTU0NDQtMzQ1NDcwMzY2NQ,finished,cash,26.9,4.9,14.9,19.8,0,0.2,14-07-26,22:11:04,"Bulevardul General Gheorghe Magheru 29, Bucuresti 010325","Strada Caminului 8, Obor, Bucuresti"
MzI1LTI1OTgzODQzMzgtMzQ1NDY3NDI0Mg,finished,in_app,35.6,3,8.7,20.7,1.7,4.8,14-07-26,22:01:26,"Soseaua Stefan cel Mare 240, Bucuresti 020165","Bulevardul General Gheorghe Magheru 29, Sector 1, Bucuresti"
MzI1LTI1OTgzNTg2MjktMzQ1NDYxMDM1Ng,finished,in_app,42,5,9.2,32.4,0.5,1.9,14-07-26,21:41:39,"Calea Dorobanailor 172-178, Bucuresti","Strada Matei Voievod 39, Sector 2, Bucuresti"
MzI1LTI1OTgzMzQ0NjItMzQ1NDU1Mjg3MA,finished,business,29,7.8,16.7,28.1,1.5,5.9,14-07-26,21:24:08,"Soseaua Pantelimon 258, Bucuresti","Wine With Me Shop & Tasting Bar, Strada Puaul lui Zamfir 45-47, Floreasca, Bucuresti"
MzI1LTI1OTgyOTkyMzYtMzQ1NDQ3MTYxNg,finished,cash,17,2.8,5.7,29.1,1.5,3.8,14-07-26,20:55:38,Bulevardul 1 Decembrie 1918 13,"Ivan's Bar & Grill, Bulevardul Basarabia, Bucuresti, Romania"
MzI1LTI1OTgyODIwNjgtMzQ1NDQzNTQwOA,finished,in_app,17.8,3.4,11.6,17.6,0.9,2.8,14-07-26,20:40:44,"Lunca Muresului, Parcul Titan - Sud","Strada Postasului 15, Bucuresti"
MzI1LTI1OTgyNTUxNDMtMzQ1NDM3ODE3NQ,finished,in_app,25.5,5.3,16.3,19.5,0.9,2.4,14-07-26,20:16:58,"Strada Olari 7, Bucuresti 024056","Cetatea Berarilor, Titan - Balta Alba, Bucuresti"
MzI1LTI1OTgyNDcwMzItMzQ1NDM2MTA1Ng,finished,in_app,18.7,2.7,7.5,21.8,0,0.8,14-07-26,20:10:08,"Strada Jean Louis Calderon 41, Bucuresti 020038","Cuibul Artistilor, Sectorul 2, Bucuresti"
MzI1LTI1OTgyMjY5NTctMzQ1NDMyMjE1Mg,finished,cash,26.2,5.1,15.7,19.6,1.3,3.7,14-07-26,19:53:18,"Intrarea Chefalului 11-13, Bucuresti 020333","Strada Jean Louis Calderon 38, Bucuresti"
MzI1LTI1OTgyMTc4NTItMzQ1NDMwNDY0MA,finished,cash,17,1.4,5.7,14.9,0.4,1.2,14-07-26,19:45:19,"Biotiful Atelier de frumusete, Strada Barajul Arges 41D, Sectorul 1, Bucuresti","Aurel Vlaicu, Aviaaiei, Bucuresti"
MzI1LTI1OTgxOTA2ODMtMzQ1NDI1Mjk5Nw,finished,in_app,37.6,9.5,14.4,39.5,0.6,3.1,14-07-26,19:22:35,"Drumul Opalului 1-43, Bucuresti","Market Nord, Sector 1, Bucuresti"
MzI1LTI1OTgxNDg2OTQtMzQ1NDE3MjI2NQ,finished,in_app,87.5,11.8,26.7,26.5,1.6,9.6,14-07-26,18:49:26,"Ramada Plaza, Ramada Parc","G3F5+47J Bkres, Romanya"
MzI1LTI1OTgxMzE2OTEtMzQ1NDEzOTk5MQ,finished,cash,34.6,4.5,11,24.2,0.9,2.3,14-07-26,18:36:30,"Strada Nicolae Filimon 9, Bucuresti 060301","Halo Events Center, Romexpo Arena"
MzI1LTI1OTEyNjI1NzAtMzQ0MTIwNzIxNw,finished,in_app,32.3,10.1,22.1,27.6,0.1,1.1,10-07-26,1:23:01,"Strada Serg. Constantin Moise 16, Bucuresti 061421","Calea Giulesti 109, Crangasi, Bucuresti"
MzI1LTI1OTEyNTczNzgtMzQ0MTE5MjM3OQ,finished,in_app,21.9,5.9,11.3,31.1,0.5,0.3,10-07-26,1:17:11,"Str Doctor Constantin I Istrati 53, Bucuresti 050203","Serg. Alexandru Cutieru 34, Bucuresti 061422"
MzI1LTI1OTEyNDc2ODUtMzQ0MTE2NjMzOA,finished,cash,17,2,4,30,0.2,1,10-07-26,1:08:14,"Soseaua Giurgiului 52, Bucuresti 040672","Strada Marin Constantin 1, Ferentari, Bucuresti"
MzI1LTI1OTEyMjkyMTUtMzQ0MTEyMzI0Nw,finished,in_app,26,7.7,13,35.4,0.9,2.8,10-07-26,0:49:20,"Strada Campia Libertaaii 54, Bucuresti","Str. Mixandriei 30, Bucuresti 040773"
MzI1LTI1OTEyMTUzOTUtMzQ0MTA5MzQ5Nw,finished,cash,17,3.8,6.7,33.8,0.1,1.1,10-07-26,0:32:07,"Strada Lehliu 35, Bucuresti 023261","Strada Lucreaiu Patrascanu, Bucharest, Romania"
MzI1LTI1OTEyMDU1MDktMzQ0MTA3NDI4Mw,finished,cash,17,3.4,8,25.6,1.9,4.1,10-07-26,0:21:17,"Strada Maica Domnului 10, Bucuresti 023723","Strada Fraului 22, Electronicii, Bucuresti"
MzI1LTI1OTEwMTYzNjEtMzQ0MDY5ODAzMg,finished,in_app,25.8,8.6,19.5,26.6,0.5,1.3,09-07-26,21:19:41,"Bulevardul Constructorilor 22, Bucuresti 060512","Strada Avrig 64, Pantelimon, Bucuresti"
MzI1LTI1OTEwMDU4ODUtMzQ0MDY3ODU5Nw,finished,cash,17,1.9,4.3,26.7,1.6,3.4,09-07-26,21:09:52,"Strada Petru Maior 115, Bucuresti 011263","Calea Crangasi 24, Bucuresti 060338"
MzI1LTI1OTA5OTg0MTEtMzQ0MDY2NTY2Mw,finished,in_app,17,2.8,6.2,26.7,0.7,0.3,09-07-26,21:03:32,"Intrare Flanco, Centrul Comercial Orhideea","Cimitirul Sfanta Vineri, Sectorul 1, Bucuresti"
MzI1LTI1OTA5ODcyMzAtMzQ0MDY0NDU1Ng,finished,in_app,17,3.8,7.8,29.2,0.3,1.2,09-07-26,20:52:47,"Strada Matei Millo 10, Bucuresti 010145","Intrare BRD, Centrul Comercial Orhideea"
MzI1LTI1OTA5NTY2ODctMzQ0MDU4NzY2NA,finished,in_app,29.9,6.7,13.8,29.3,1.2,5.3,09-07-26,20:24:17,"Strada Bucegi 35, Bucuresti","BARTINI Rooftop, T Floor (access the stairs from M floor, Strada Constantin Mille, Bucharest, Romania"
MzI1LTI1OTA5MDg1MjQtMzQ0MDUwMDE3OQ,finished,cash,37.1,7.8,25.5,18.4,1.6,1.2,09-07-26,19:43:00,"Strada Macarie Cantareaul 6, Bucuresti","B-dul. Bucurestii Noi 70, Bucuresti 012365"
MzI1LTI1OTA4OTkwMDEtMzQ0MDQ4MjMwNw,finished,in_app,17,1.7,4.5,21.9,0.3,2.8,09-07-26,19:35:06,"Soseaua Nicolae Titulescu 18, Bucuresti 011142","Liceul de Arte Plastice Nicolae Tonitza, Bulevardul Iancu de Hunedoara 27, Dorobanai, Bucuresti"
MzI1LTI1OTA4ODQ2NTYtMzQ0MDQ1NTA4Mw,finished,in_app,18.7,2.1,5.7,22,1.3,2.8,09-07-26,19:23:21,"Strada Locotenent Aviator Ion Marasescu 2, Bucuresti","Soseaua Nicolae Titulescu 10, Bucuresti 011141"
MzI1LTI1OTA4NjM3MDAtMzQ0MDQxNjA3MQ,finished,in_app,34,3.5,11.6,18.2,0,0.4,09-07-26,19:07:00,"Strada Sevastopol 14, Bucuresti 010992","B-dul. Ion Mihalache 323A, Bucuresti 011184"
MzI1LTI1OTA4MzE1ODAtMzQ0MDM1OTM5OQ,finished,cash,22.9,3.3,17.6,11.1,1.8,10.2,09-07-26,18:42:35,"Scenario, Floreasca One Tower","Spitalul Clinic Sanador, Strada Sevastopol 9, Sectorul 1, Bucuresti"
MzI1LTI1OTA3OTU4ODItMzQ0MDI5Nzg0Mw,finished,in_app,87.1,3.2,23.6,8.2,0.6,1.2,09-07-26,18:15:55,"Soseaua Pipera 48A, Bucuresti 020112","Teatrul Excelsior, Strada Academiei 28-30, Sector 1, Bucuresti"
MzI1LTI1OTA3NTgxNjUtMzQ0MDIzNTE0MQ,finished,in_app,25.8,2.2,15.2,8.7,0.9,11.5,09-07-26,17:47:32,"Soseaua Pipera 43, Bucuresti","Bd. Pipera 1, Voluntari 077190"
MzI1LTI1OTA3MzQwMjQtMzQ0MDE5NDcyNQ,finished,in_app,37,2.4,7.2,20.1,1.7,5,09-07-26,17:29:05,"Bd. Mircea Eliade 1a, Bucuresti","Oregon Park, Soseaua Pipera 46-48, Sector 2, Bucuresti"
MzI1LTI1OTA3MDIzMDMtMzQ0MDE0MTM1Ng,finished,in_app,48.8,6.6,19.3,20.6,1.6,4.3,09-07-26,17:04:20,"Splaiul Independenaei 332B, Bucuresti 060033","Atelierul de Slabit Dorobanai, Strada Aviator Jean Texier, Bucharest, Romania"
MzI1LTI1ODk4ODU2MjctMzQzODc2NDc0Ng,finished,cash,18.7,2.7,6.2,25.9,0.7,1,09-07-26,0:51:41,"Strada Fabricii 26B, Bucuresti","Metrou Gorjului, Militari, Bucuresti"
MzI1LTI1ODk4NzE2NzMtMzQzODczMTgyMA,finished,in_app,21.3,7.2,16.8,25.8,0.2,0.1,09-07-26,0:32:11,"Strada Doctor Constantin Istrati 1, Bucuresti 040542","Bulevardul Uverturii 73, Bucuresti 060933"
MzI1LTI1ODk4NTk4ODctMzQzODcwMzg3NA,finished,cash,21.2,6.8,10.8,38.2,1.4,2.3,09-07-26,0:17:39,"Prelungirea Ghencea 14, Bucuresti 061706","Club Expirat, Strada Doctor Constantin Istrati 1, Sector 4, Bucuresti"
MzI1LTI1ODk4NDY0NTUtMzQzODY3MzE1Mw,finished,in_app,18.8,5.4,8.7,37,1.3,3.5,09-07-26,0:02:59,"Strada Doctor Constantin Istrati 1, Bucuresti 040542","Bulevardul Ghencea 36, Bucuresti 061695"
MzI1LTI1ODk4MTg2ODUtMzQzODYxMDgyMg,finished,in_app,47.8,9,17.5,30.9,1.2,1.1,08-07-26,23:31:30,"Strada Jules Michelet 2, Bucuresti 010463","Bulevardul Constantin Brancoveanu 4, Berceni, Bucuresti"
MzI1LTI1ODk3OTk4MDMtMzQzODU3MTIzMg,finished,cash,35.8,14.1,21.4,39.6,0.2,2,08-07-26,23:10:28,Prelungirea Ghencea 45,"Club XS, Sectorul 1, Bucuresti"
MzI1LTI1ODk3ODQzODktMzQzODU0MDAyOA,finished,cash,23.2,6.6,13.7,28.9,0.6,3.2,08-07-26,22:54:42,"Bloc 28, Strada Cetatea de Balta 14, Bucuresti 077042","Prelungirea Ghencea 45, 077025"
MzI1LTI1ODk3NTA5MDktMzQzODQ3NTE3Nw,finished,in_app,19,4.1,10.3,24,0.3,1.5,08-07-26,22:18:41,"Strada Valea Argesului 4, Bucuresti 061935","Strada Stupca 22-32, Bucuresti 060945"
MzI1LTI1ODk3MjI1NzQtMzQzODQyNDEwMQ,finished,in_app,34.6,10,19.4,30.9,1.7,2.4,08-07-26,21:51:22,"Strada Alexandru Constantinescu 73, Bucuresti 012244","Drumul Valea Furcii 67, Bucuresti"
MzI1LTI1ODk3MDc1NjUtMzQzODM5NjQ0Mw,finished,in_app,30.4,6.1,8.3,43.8,3.3,5.6,08-07-26,21:34:11,"Intrare principala, Zona Comerciala Baneasa","Strada Dumitru Florescu 16, Bucuresti"
MzI1LTI1ODk2ODg5NTUtMzQzODM2MzMzNg,finished,business,24.5,8.9,14.8,36,0.3,0.3,08-07-26,21:14:03,"Strada Olanesti 3, Bucuresti","Strada Gheorghe Stefan 1, Bucuresti"
MzI1LTI1ODcyNDAxNzItMzQzMzk3NTMxMw,finished,in_app,17,3.3,6.8,29.2,2.7,3.8,06-07-26,23:24:50,"Strada Orsova 139, Bucuresti","Bloc E19, Aleea Romancierilor, Bucuresti, Romania"
MzI1LTI1ODcyMTQ0OTYtMzQzMzkxMzI2NA,finished,cash,31.1,9.6,22.3,25.8,0.9,2.4,06-07-26,22:54:12,"Strada Vultureni 94A, Bucuresti 040799","Bulevardul Iuliu Maniu 22, Bucuresti"
MzI1LTI1ODcxOTMxNTQtMzQzMzg2NDQ2Mw,finished,cash,37.9,7.2,15.2,28.2,1.8,3.9,06-07-26,22:29:06,"Bulevardul Corneliu Coposu 1C, Bucuresti 030601","Strada Huedin 27, Bucuresti 040913"
MzI1LTI1ODcxNzM3MzYtMzQzMzgxNzY3Nw,finished,cash,27.9,6.7,16.3,24.7,1.1,2.1,06-07-26,22:07:51,"Strada Constanaa 5, Bucuresti","Iesire Zodiac, Parc Carol I"
MzI1LTI1ODcxNTU0OTktMzQzMzc3OTg3MA,finished,in_app,21.9,4.4,12.1,21.9,2.7,4.2,06-07-26,21:52:27,"Bulevardul Mircea Eliade 4, Bucuresti 012013","Str. Doamna Ghica 6, Bucuresti 022832"
MzI1LTI1ODcxNDU5MDYtMzQzMzc1NDQ5OQ,finished,in_app,19.2,3.6,9.1,23.7,2,5.6,06-07-26,21:41:36,"Calea Dorobanailor 130, Bucuresti","Brotac Medical Exclusive, Soseaua Nordului, Bucharest, Romania"
MzI1LTI1ODcxMzIxMzItMzQzMzcyNDEwMA,finished,in_app,20.3,2.9,8.3,20.7,1,3.7,06-07-26,21:28:01,"Bulevardul Lacul Tei 69, Bucuresti 020373","Strada Thomas Masaryk 1, Bucharest 020983"
MzI1LTI1ODcxMTc5OTItMzQzMzY5MzcwMQ,finished,in_app,21.9,2.9,8.4,20.3,0.9,2.9,06-07-26,21:13:59,"Strada Mihail Ivanovici Glinka 7, Bucuresti 020212","Camera de garda ""Matei Bals, Tei, Bucuresti"
MzI1LTI1ODcwOTgyOTktMzQzMzY1MzAwNg,finished,in_app,43.8,9.7,21.4,27,0.9,2.5,06-07-26,20:54:03,"Strada Valea Cascadelor 1, Bucuresti","Calea Floreasca 71, Bucuresti 014453"
MzI1LTI1ODcwNzU2MjEtMzQzMzYwODI3Ng,finished,cash,25.2,5.9,15.5,22.8,0.8,2.4,06-07-26,20:29:58,"Calea Giulesti 50, Giulesti, Bucuresti","Strada Albiaei 4, Militari, Bucuresti"
MzI1LTI1ODU5Mzc4MTctMzQzMTU5NjQ3Mw,finished,in_app,21.9,1.3,2.8,27.4,2,5,05-07-26,23:37:38,"Soseaua Stefan cel Mare 236, Bucuresti 020164","Calea Mosilor 282, Sector 2, Bucuresti"
MzI1LTI1ODU5Mjc3NTQtMzQzMTU3NDM4Nw,finished,in_app,26.5,4,5.2,45.3,0.7,2.2,05-07-26,23:26:55,"Bulevardul Pipera 1A, Voluntari 077190","Bulevardul Lacul Tei 122, Tei, Bucuresti"
MzI1LTI1ODU5MjAzNzgtMzQzMTU1NTI5Nw,finished,in_app,42.5,4.9,6.5,45.3,2.4,4.2,05-07-26,23:18:21,"Bd. Mircea Eliade 1a, Bucuresti","CATTED Family, Soseaua Bucuresti Nord, Voluntari, Romania"
MzI1LTI1ODU5MDg3MTktMzQzMTUyODUxMg,finished,in_app,18.9,4.3,7.8,33.2,1,3.6,05-07-26,23:06:26,"Soseaua Colentina 53, Bucuresti 021163","Strada Louis Blanc 2, Bucuresti 011752"
MzI1LTI1ODU4ODk4OTktMzQzMTQ4NjQzOA,finished,in_app,29.9,7.7,17.2,26.7,0.4,0.2,05-07-26,22:48:27,"Soseaua Viilor 65B, Bucuresti 050152","Str. Elena 55, Bucuresti 023481"
MzI1LTI1ODU4NzExOTYtMzQzMTQ0NjI4Ng,finished,cash,20.3,4,9.1,26.2,2,4.1,05-07-26,22:30:13,"Intrarea Trei Brazi 9, Bucuresti","Pizzeria Athos, Soseaua Olteniaei 142, Berceni, Bucuresti"
MzI1LTI1ODU4MjkzMTEtMzQzMTM1ODExOA,finished,in_app,50.2,14.1,31.7,26.7,0.6,2.3,05-07-26,21:50:47,"Aleea Poarta Alba 1-3, Bucuresti 061162","Strada Biruinaei 93, Popesti-Leordeni, Romania"
MzI1LTI1ODU4MDYzMjAtMzQzMTMxNDM5Nw,finished,in_app,29.4,6.3,13.3,28.5,1.4,5.2,05-07-26,21:28:11,"Calea Victoriei 149, Bucuresti","Intrarea Silistraru 16, Bucuresti"
MzI1LTI1ODU3ODIzNzYtMzQzMTI2OTY0NQ,finished,cash,23.9,5.3,15.9,20,1,2.6,05-07-26,21:03:24,"Calea Mosilor 302, Bucuresti 020901","National Museum of Contemporary Art, Palace of Parliament, Bucharest"
MzI1LTI1ODU3NTY5NDctMzQzMTIyMjI2Mw,finished,in_app,30.1,5.5,13,25.4,1.9,2.4,05-07-26,20:38:44,"Regie Bridge, Politehnica University of Bucharest","Boogie Bar, Strada Popa Petre 36, Sector 2, Bucuresti"
MzI1LTI1ODU3NDY2NDctMzQzMTIwMzQ2Nw,finished,in_app,17.9,4.7,8.9,31.4,0.2,1.6,05-07-26,20:28:39,"Strada Constantin Mille 1, Bucuresti 010141","Splaiul Independentei 332B, Bucuresti 060314"
MzI1LTI1ODU3MTk2MzYtMzQzMTE1MzMzMQ,finished,in_app,30.7,8.1,22.5,21.5,0.6,3.5,05-07-26,20:03:16,"Soseaua Virtuaii 2C, Bucuresti 060823","Regina Elisabeta Boulevard, University Square, Ghica"
MzI1LTI1ODU3MDUzOTgtMzQzMTEyNjc4NA,finished,in_app,17,4,9.9,24,0.4,2,05-07-26,19:49:47,"Strada Ceahlaul 21, Bucuresti 060375","Aleea Cetaauia 4, Bucuresti 060823"
MzI1LTI1ODQ4MzUwMzAtMzQyOTM0MzQ0MA,finished,in_app,56.9,12.7,18.2,41.9,1.3,1.9,05-07-26,2:29:56,"Strada Emil Racoviaa nr. 7, Voluntari 077160","Strada Moinesti 1, Militari, Bucuresti"
MzI1LTI1ODQ4MDY2NzYtMzQyOTI3MzMxNw,finished,in_app,17,3.2,5.5,34.3,1.6,7.4,05-07-26,2:10:37,"Inspectoratul Judeaean de Poliaie Ilfov, Inspectoratul Judeaean de Poliaie Ilfov, Soseaua Fabrica de Glucoza 7","OMV, Bulevardul Pipera, Bucuresti, Romania"
MzI1LTI1ODQ3NzQ2NDctMzQyOTIwMzM1Nw,finished,cash,35.2,7.8,15.5,30.4,1.9,4.3,05-07-26,1:49:33,"Bulevardul Ion Constantin Bratianu 44 bis, Bucuresti 030177","Soseaua Pipera 55B, Sector 1, Bucuresti"
MzI1LTI1ODQ3NTk4NDgtMzQyOTE3MjUwMw,finished,cash,17,1.6,3.7,25.3,1.5,2.9,05-07-26,1:40:20,"Bulevardul Regina Elisabeta 12, Bucuresti 030016","Bulevardul Dimitrie Cantemir 4, Bucuresti 040242"
MzI1LTI1ODQ3MzIyMzYtMzQyOTEwOTAxOQ,finished,cash,17,1.4,2.9,30.3,1,3,05-07-26,1:21:37,"Strada Margeanului 99, Bucuresti 051044","Strada Capitan Nedelcu Ilie 15, Bucuresti"
MzI1LTI1ODQ3MDk2ODUtMzQyOTA1OTg1NQ,finished,business,18.9,5,12.2,24.7,0.1,0.5,05-07-26,1:07:56,"Strada Selari 2, Bucuresti","Strada Soldat Croitoru Vasile, Bucuresti, Romania"
MzI1LTI1ODQ2NzUwMDUtMzQyODk4NTIyNQ,finished,cash,28.6,7.9,17.8,26.6,0.7,1.1,05-07-26,0:48:24,"Strada Ciucea 2, Bucuresti 032523","Hanul lui Manuc, Centrul Vechi"
MzI1LTI1ODQ2MzA2MjgtMzQyODg5ODAzNw,finished,in_app,53.2,9.6,21.3,27.1,1.5,2.2,05-07-26,0:23:57,"Bulevardul Dacia 1, Bucuresti","Strada Ghiaa Serban Soldat 18, Bucuresti 032387"
MzI1LTI1ODQ2MDcxNTEtMzQyODg1MTcxNw,finished,cash,22.4,2.5,7.3,20.2,2.5,4.9,05-07-26,0:10:55,"Strada Stirbei Voda 2, Bucuresti 010111","Strada Raspantiilor 13, Bucuresti"
MzI1LTI1ODQ1NzAyNjEtMzQyODc3NjQ3Mw,finished,cash,42,10.7,15.7,40.8,1.9,2.7,04-07-26,23:49:05,"Strada Leordeni 163G, Popesti-Leordeni 077160","Hanul lui Manuc, Centrul Vechi"
MzI1LTI1ODQ1NDQ4OTMtMzQyODcyNTcyNw,finished,cash,32.9,8.5,11.4,44.7,0.8,1.8,04-07-26,23:33:17,"Strada Esarfei 63, Bucuresti","Strada Bateriei 44a, Popesti-Leordeni, Romania"
MzI1LTI1ODQ0OTc4MjQtMzQyODYzNTk5Ng,finished,cash,28.4,7,14.2,29.8,1.7,4.1,04-07-26,23:03:05,Strada Biruinaei 45,"Str. Aliorului 2, Bucuresti 041796"
MzI1LTI1ODQ0NzY3MDAtMzQyODU5Njc0OA,finished,in_app,18.9,3.9,10.7,22,0.6,1.5,04-07-26,22:49:02,"Strada Leordeni 151, Popesti-Leordeni 077160","Drumul Fermei 112, Popesti-Leordeni"
MzI1LTI1ODQ0NTczNzQtMzQyODU1OTc4Nw,finished,cash,19.9,1.8,2.5,43.9,2.3,4,04-07-26,22:35:51,"DC13 233, Popesti-Leordeni 077160","Carbogaz, Popesti Leordeni"
MzI1LTI1ODQ0NDQ4NTMtMzQyODUzNDg2OA,finished,cash,26,6.7,11.5,34.8,0.7,2,04-07-26,22:26:39,"Strada Postalionului 17, Bucuresti","Strada Leordeni 90, Popesti-Leordeni 077160"
MzI1LTI1ODQ0MDc3MzMtMzQyODQ2NzE2Mg,finished,in_app,31.9,7.7,18.4,24.9,0.3,0.6,04-07-26,22:00:43,"Nicolae Tonitza Street, Old Town","Mega Image, Strada Gradistea 8, Berceni, Bucuresti"
MzI1LTI1ODQzNjYyNDctMzQyODM5MTAwMQ,finished,in_app,30.5,6.8,19.1,21.5,0.8,2.2,04-07-26,21:29:10,"Strada George Valsan 41, Bucuresti 060471","Rome Square / Lipscani Street, Old Town"
MzI1LTI1ODMwNzI0MDctMzQyNTg3OTExNw,finished,business,17.1,3.8,7.5,30,0.4,1,04-07-26,0:31:04,"Bulevardul Theodor Pallady 287, Bucuresti","Aleea Barajul Bicaz 9, Bucuresti"
MzI1LTI1ODMwNDM2NDAtMzQyNTgyNDg1Mw,finished,cash,17,3.6,8.6,25.3,3.1,4.7,04-07-26,0:12:47,"Strada Malureni 86, Bucuresti","Aleea Perisoru 8, Titan - Balta Alba, Bucuresti"
MzI1LTI1ODMwMzQyODgtMzQyNTgwMzY0NA,finished,in_app,17,1.3,4.4,17.9,0.4,2.2,04-07-26,0:05:42,"Strada Trapezului 1, Bucuresti 032321","Socului Kebap, Bulevardul 1 Decembrie 1918, Titan - Balta Alba, Bucuresti"
MzI1LTI1ODMwMjA0MDItMzQyNTc3NzMzNA,finished,cash,17,2,4.7,26.5,1.7,3.3,03-07-26,23:56:57,"Strada Liviu Rebreanu 6A, Bucuresti 031784","Strada Plutonier Radu Gheorghe 13, Bucuresti"
MzI1LTI1ODI5ODMxNTItMzQyNTcxMDY3NA,finished,in_app,19.9,6.4,11.8,32.7,1.3,1.8,03-07-26,23:29:29,"Strada Doamna Ghica 20, Bucuresti","Strada Braaarii 53, Bucuresti"
MzI1LTI1ODI5NDk1NTYtMzQyNTY1MzEzOQ,finished,in_app,37.9,8.6,20.8,24.7,1.4,2.1,03-07-26,23:04:47,"Strada Sergent Major Ancuaa Ilie 1, Bucuresti","Bulevardul Lacul Tei 145, Bucuresti 020384"
MzI1LTI1ODI5MDgwNTAtMzQyNTU4MTYwNQ,finished,cash,38.5,13.4,22.2,36.1,2.3,2.9,03-07-26,22:32:29,"Intrare principala, Zona Comerciala Baneasa","Strada Iancu Jianu 5, Bucuresti"
MzI1LTI1ODI4Njk0MzctMzQyNTUxMzk3NQ,finished,cash,31.6,9.1,21.5,25.3,0.7,4.2,03-07-26,22:01:43,"Bulevardul Nicolae Balcescu 2, Bucuresti 010051","Strada Bujorului 35, Bucuresti"
MzI1LTI1ODI4NDEwODQtMzQyNTQ2Mjk5Ng,finished,cash,20.3,5.8,11.8,29.3,1.3,4.8,03-07-26,21:39:24,"Soseaua Pantelimon 254, Bucuresti","Aiu Dance Studio, Calea Mosilor, Bucuresti, Romania"
MzI1LTI1ODI4MDY1MzctMzQyNTM5Nzg1Nw,finished,in_app,24.2,7.4,18.4,24.2,0.2,0.9,03-07-26,21:12:53,"Calea Victoriei 45, Bucuresti","Soseaua Pantelimon 309, Bucuresti 021621"
MzI1LTI1ODI3NzQ1ODMtMzQyNTMzNTc1OA,finished,in_app,27.3,6.5,14.7,26.4,0.2,2,03-07-26,20:49:21,"Str. Fabricii 8, Bucuresti 060836","The Fool, Calea Victoriei 118, Sector 1, Bucuresti"
MzI1LTI1ODI3NTgyMTctMzQyNTMwNDM5NQ,finished,in_app,22.4,5,11.3,26.2,0.4,0.7,03-07-26,20:37:45,"Strada Tineretului 8, 077040","Bulevardul Iuliu Maniu 51, Bucuresti 061077"
MzI1LTI1ODI3MTc2OTYtMzQyNTIyOTA4MQ,finished,in_app,33,6.4,17.6,21.9,0.8,4.4,03-07-26,20:08:45,"Profi, Calea Crangasi, Crangasi, Bucuresti","Strada Apeductului 28E, Rosu 077042"
MzI1LTI1ODE3NTg5MTctMzQyMzUyNTI1Ng,finished,in_app,31.5,4.3,15,17,0.9,3.9,03-07-26,7:36:51,"Bulevardul Ghencea 158, Bucuresti 061699","Throwback Coffee, Strada Doctor Petre Herescu, Bucharest, Romania"
MzI1LTI1ODE3NDkzNjItMzQyMzUwNzk1OQ,finished,in_app,29.9,3.1,8.2,22.9,1.7,5.2,03-07-26,7:25:05,"Drumul Funigeilor 60, Bucharest","Strada Valea Calugareasca 15, Bucuresti 061724"
MzI1LTI1ODE3MzAwODctMzQyMzQ4MzM1MQ,finished,cash,28.8,6.1,15.9,22.9,0,1.2,03-07-26,7:02:44,"Strada Valea Cascadelor 1, Bucuresti 061093","Soseaua Tudor Vladimirescu 23, Olteni"
MzI1LTI1ODE3MjA4NDgtMzQyMzQ1MjU2MQ,finished,cash,45.3,9.3,23.6,23.6,0.8,2.4,03-07-26,6:34:49,"Strada Hepites Stefan 24, Bucuresti","Main entrance, Bus Militari"
MzI1LTI1ODE3MTQyNzItMzQyMzQzODU0OQ,finished,cash,24.9,4,8.7,27.7,2.3,5,03-07-26,6:22:04,"Strada Dumbrava Noua 1, Bucuresti 051141","Eroii Revoluaiei, Sectorul 4, Bucuresti"
MzI1LTI1ODE3MDcyODQtMzQyMzQyMzIwOQ,finished,in_app,39.9,9.7,15.6,37.1,0.2,1.2,03-07-26,6:04:06,"Strada Vintila Mihailescu 16, Bucuresti 060398","Autogara Rahova, Soseaua Alexandriei, Bucuresti, Romania"
MzI1LTI1ODEzMDE5NTMtMzQyMjUzODg2Ng,finished,in_app,17.9,3.9,12.2,19.4,0.4,2.1,02-07-26,20:59:47,"Bulevardul Regina Elisabeta 48, Bucuresti 050018","Calea Dorobanailor 99 B, Bucuresti 010561"
MzI1LTI1ODEyNTI5OTQtMzQyMjQ0NDA4Ng,finished,in_app,19,2.9,8.5,20.3,0.4,3.1,02-07-26,20:16:05,"Soseaua Mihai Bravu 319-325, Bucuresti","Strada Gheorghe Tattarescu 8, Bucuresti"
MzI1LTI1ODEyMzM4ODQtMzQyMjQwNjI2MA,finished,business,19.9,4.7,13.6,20.9,0.2,1,02-07-26,20:00:14,"Soseaua Mihai Bravu 42-62, Bucuresti 021328","Aleea Marius Emanoil Buteica 23, Bucuresti"
MzI1LTI1ODEyMDQxNDktMzQyMjM0ODY0MQ,finished,in_app,17,3.8,11.6,19.6,0.3,1,02-07-26,19:36:02,"Intrarea principala, Gara de Nord","Boogie Bar, Strada Popa Petre 36, Bucuresti"
MzI1LTI1ODExNjA0MDktMzQyMjI2MjQ0OQ,finished,in_app,17,2.4,10,14.1,0.4,0.7,02-07-26,19:02:05,"Bulevardul Corneliu Coposu 53, Bucuresti 030604","Casa Romaneasca, Strada George Enescu 25, Bucharest"
MzI1LTI1ODExMjg5MDgtMzQyMjIwNDQxOA,finished,in_app,31.9,5.6,19.5,17.2,1,1,02-07-26,18:38:55,"Splaiul Independenaei 253, Bucuresti 060044","Strada Mantuleasa 6, Bucharest"
MzI1LTI1ODEwODAxNzMtMzQyMjExNDQ3Mw,finished,cash,32.9,6.4,17.5,21.9,0.4,0.7,02-07-26,18:03:23,"Nicolae Tonitza Street, Old Town","Timisoara Boulevard Entrance, Plaza Mall Romania"
MzI1LTI1ODEwNDk3MDgtMzQyMjA1ODcxOA,finished,in_app,28.5,5.4,24.2,13.5,0.3,0.8,02-07-26,17:40:36,Strada Soldat Nicolae Sebe 4,"Manuc's Inn, Old Town"
MzI1LTI1ODEwMDMzOTAtMzQyMTk3MzY4MQ,finished,cash,37.3,6.9,31.7,13,0.4,2.1,02-07-26,17:05:32,"Calea Dorobanailor 107, Bucuresti 010561","ITP Diham, Titan - Balta Alba, Bucuresti"
MzI1LTI1ODA5ODM1MzctMzQyMTk0MDEyMg,finished,cash,25.4,4.8,10.6,27.2,1.1,4.4,02-07-26,16:50:39,"Strada Bilciuresti 7, Bucuresti","Calea Dorobanailor 157, Bucuresti 010564"
MzI1LTI1ODA5NTUzMDktMzQyMTg5MTU2Mg,finished,cash,33.7,6.8,18.6,21.8,1.6,2.1,02-07-26,16:29:13,"Calea Crangasi 30, Bucuresti 060339","Strada Nicolae G. Caramfil 85 A, Bucuresti"
MzI1LTI1ODA5MzI5MTgtMzQyMTg1MzE5MQ,finished,cash,17,2,6.9,17.7,0.6,1.6,02-07-26,16:11:53,"Calea Crangasi 28, Bucuresti 060339","Strada Grigore H. Grandea 38, Giulesti, Bucuresti"
MzI1LTI1Nzk3ODQ5MzYtMzQxOTY0NjMwMQ,finished,in_app,23.6,4.1,12.4,19.8,1.8,5.8,01-07-26,19:10:09,"Strada Mihail Moxa 13, Bucuresti","Strada Zboina Neagra 8-10, Bucuresti 060455"
MzI1LTI1Nzk3Mzg1MTItMzQxOTU1MzM4OQ,finished,in_app,43.9,8.6,26.2,19.7,0.3,1.8,01-07-26,18:36:13,"Piaaa Sudului Entrance, Sun Plaza Mall","Lapterra, Strada Piaaa Amzei 10, Sector 1, Bucuresti"
MzI1LTI1Nzk3MTM3MzctMzQxOTUwNTUyNg,finished,in_app,36.9,4.7,9.8,28.7,1.6,5,01-07-26,18:18:39,"Calea Vitan 128, Bucuresti 031301","Strada Lunca Barzesti 2, Berceni, Bucuresti"
MzI1LTI1Nzk2OTc0MDgtMzQxOTQ3NDU1NA,finished,cash,39.8,1.2,7.3,10,0.7,3,01-07-26,18:06:26,"Strada Turturelelor 42, Bucuresti","Intrare Calea Vitan, Bucuresti Mall"
MzI1LTI1Nzk2MzYyMDQtMzQxOTM2NjA5NQ,finished,in_app,48.3,5,36.9,8.1,0.9,6.8,01-07-26,17:21:26,"Strada Buzesti 71, Bucuresti 011013","Calea Calarasilor 173, Bucuresti 030615"
MzI1LTI1Nzk2MDA2OTAtMzQxOTMwNDMyMA,finished,in_app,34.9,2.3,19.4,7.2,1.4,5.2,01-07-26,16:55:45,"Soseaua Stefan cel Mare 15, Bucuresti 021104","Strada Frumoasa 35, Bucuresti"
MzI1LTI1Nzk1NzgzOTctMzQxOTI2NTk1OQ,finished,in_app,20.9,2.9,11.2,15.4,1,2.4,01-07-26,16:38:58,"Strada Magura Vulturului 89, Bucuresti","Str. Otesani 63, Bucuresti 023565"
MzI1LTI1Nzk1MzM1OTEtMzQxOTE5MDg2NQ,finished,business,49.4,4.8,26.9,10.7,0.1,5.3,01-07-26,16:06:03,"Strada Barbu Vacarescu 102, Bucuresti 020273","Sos. Mihai Bravu 137, Bucuresti 021314"
MzI1LTI1Nzk0ODgyODMtMzQxOTExNTM4Mg,finished,in_app,45.9,6.4,22.1,17.3,1.2,7.3,01-07-26,15:33:54,"Soseaua Cotroceni 8, Bucuresti 060114","Strada Turnul Eiffel 35, Tei, Bucuresti"
MzI1LTI1Nzk0Njk1NDMtMzQxOTA4NDI0Mg,finished,cash,22.6,3.3,10.8,18.2,1.8,4.2,01-07-26,15:20:04,"Bulevardul Constructorilor 22, Bucuresti","Gara de Nord, Gara de Nord, Bucuresti"
MzI1LTI1Nzk0NTg3NzMtMzQxOTA2NjgyMw,finished,cash,18.7,1.3,2.8,28.1,2,4.7,01-07-26,15:11:51,"Calea Giulesti 52, Giulesti, Bucuresti","Strada Fagului 23, Giulesti, Bucuresti"
MzI1LTI1Nzg1MTg1NTYtMzQxNzI1MDA0OA,finished,business,39.9,9.3,19.2,29.2,4.2,7.3,30-06-26,22:56:13,"Strada Jiului 139, Bucuresti 013217","Strada Magura Vulturului 35, Bucuresti 021701"
MzI1LTI1Nzg0OTA1NDAtMzQxNzE4NzQ0MQ,finished,in_app,41.5,14.4,20.3,42.5,1.1,3.3,30-06-26,22:30:43,"Strada Salcamilor 46D, Dudu 077041","Soseaua Gheorghe Ionescu Sisesti 256-260, Sector 1, Bucuresti"
MzI1LTI1Nzg0NTY5ODQtMzQxNzExMDkyMQ,finished,in_app,31.3,8.6,19.9,26,1.7,3.2,30-06-26,22:00:41,"Bulevardul Timisoara 14A, Bucuresti 061329",Strada Weiner Palada 6A-6B sc. 2
MzI1LTI1Nzg0NDQ2NDMtMzQxNzA4MzQ2NQ,finished,in_app,20.3,2.7,5.9,27.2,1.4,5.4,30-06-26,21:48:43,"Strada Doctor Ion Atanasiu 1, Bucuresti","Galaxy Entrance, Afi Palace Cotroceni Mall"
MzI1LTI1Nzg0MzQyMTktMzQxNzA1OTI1Nw,finished,in_app,18.8,1.3,2.4,32.9,1.9,6,30-06-26,21:37:35,"Calea 13 Septembrie 229, Bucuresti","Strada Lt. Aviator Garofeanu 24, Bucuresti"
MzI1LTI1Nzg0MjUzNzAtMzQxNzAzOTA1MQ,finished,in_app,17,2.7,6.6,24.3,1.4,2.5,30-06-26,21:28:44,"Strada Buturugilor 4, Bucuresti 052426","Calea Rahovei 321, Bucuresti 050904"
MzI1LTI1Nzg0MDY3NzEtMzQxNjk5NzA3Mg,finished,cash,23.5,4.5,14.7,18.4,0.3,0.5,30-06-26,21:11:27,"Calea 13 Septembrie 235, Bucuresti 050723","Prelungirea Ferentari 141, Ferentari, Bucuresti"
MzI1LTI1NzgzODY0MzItMzQxNjk1MTA1NA,finished,cash,24.1,2.2,7.3,18,0.8,1.8,30-06-26,20:53:44,"Aleea Botorani 4, Bucuresti","Strada Maior Porumbaru Ion 54, Rahova, Bucuresti"
MzI1LTI1NzgzNTI4MzgtMzQxNjg3NDExMQ,finished,in_app,78.8,12,28.8,24.9,0,0.6,30-06-26,20:25:56,"Intrare 2, Zona Comerciala Baneasa","Strada Mihail Sebastian 110, 13 Septembrie, Bucuresti"
MzI1LTI1NzgzMTQwMjAtMzQxNjc4MDM3Mg,finished,cash,75.9,9,26.2,20.6,1.2,5.4,30-06-26,19:55:41,"Strada Mihai Eminescu 188, Bucuresti","Entrance point 2, Baneasa Shopping Area"
MzI1LTI1NzgyODAwODUtMzQxNjcxNDUzOQ,finished,cash,23.9,4.1,10.3,23.7,0.9,4.3,30-06-26,19:34:34,"Strada Hispania 9, Bucuresti","Hotel Simona, Strada Otesani, Bucuresti, Romania"
MzI1LTI1NzgyNDk4NTUtMzQxNjYzNDY0MA,finished,cash,27.5,5.2,16.8,18.4,1.6,4,30-06-26,19:08:49,Strada Stejarului 109,"Intrare Soseaua Colentina, Carrefour Colentina, Soseaua Colentina 426"
MzI1LTI1NzgyMTk2MjgtMzQxNjU3NDgwNA,finished,in_app,42.9,7.8,19.2,24.6,0.5,3.9,30-06-26,18:47:14,"Strada Dimitrie D. Gerota 6, Bucuresti 020035",Strada Doinei 49C
MzI1LTI1NzgxODgxMTAtMzQxNjUxMTE5MQ,finished,in_app,52.5,7.7,21,21.9,0.6,2.9,30-06-26,18:24:38,"Str. Fabricii 8, Bucuresti 060836","Aria TNB Entrance, Aria TNB, Nicolae Balcescu Boulevard"
MzI1LTI1NzgxNjM1NTMtMzQxNjQ2Mzg0Ng,finished,in_app,25.5,4.2,14.6,17.3,0.6,2.4,30-06-26,18:07:22,"Aleea George Valsan 10, Bucuresti 060474","21 Residence Politehnica, Bulevardul Iuliu Maniu 15H, Militari, Bucuresti"
MzI1LTI1NzU2OTU4MzMtMzQxMTQ3NjQxNw,finished,cash,23.8,4.9,8.2,35.8,0.8,3.3,29-06-26,2:02:44,"Strada Rotunda 13, Bucuresti 032702","Strada Vatra Luminoasa 2-24, Vatra Luminoasa, Bucuresti"
MzI1LTI1NzU2NDMyMzctMzQxMTM2NTUzNQ,finished,in_app,64.1,23.1,37.1,37.2,2.4,5.1,29-06-26,1:09:04,"Strada Progresului 151-171, Bucuresti 050696","Hils Brauner, Strada Victor Brauner 40O, Titanul Nou, Bucuresti"
MzI1LTI1NzU2MjYwMzctMzQxMTMxOTkyNQ,finished,in_app,24.2,5.7,8.8,38.8,1.9,5.3,29-06-26,0:51:29,"Strada Peroni 7, Bucuresti 041385","Calea 13 Septembrie 210, Bucuresti"
MzI1LTI1NzU2MDkyOTktMzQxMTI3Mzc1NQ,finished,in_app,30,7.2,16.5,26.3,0.6,1.2,29-06-26,0:33:59,"Bulevardul Ferdinand I 1, Bucuresti 021381","Str. Bucsoiu 2, Giurgiului, Bucuresti"
MzI1LTI1NzU1NzY0NTgtMzQxMTE4NzkzNw,finished,in_app,34.5,5.1,13.3,22.9,0.9,4.9,29-06-26,0:04:38,"Strada Batistei 9, Bucuresti 020956","Aleea Avrig 6, Bucuresti 021582"
MzI1LTI1NzU1NjI2NjMtMzQxMTE0MzEwNA,finished,cash,23.8,6.3,12.1,31.4,0.6,2.8,28-06-26,23:48:38,"Strada Heraa 22, Bucuresti 022175","The Marmorosch Intrare, The Marmorosch Bucharest, Autograph Collection"
MzI1LTI1NzU1NDg2NzEtMzQxMTEwNzIwOA,finished,cash,17,4.3,7.8,33,0.2,1.1,28-06-26,23:34:48,"Strada Luke 1, Bucuresti 077085","McDonald's, Bulevardul Basarabia, Bucuresti, Romania"
MzI1LTI1NzU1NDU0ODUtMzQxMTEwMDI3NA,finished,cash,17,2.8,4.6,36.3,0.2,0.2,28-06-26,23:32:06,"Soseaua Colentina 76, Bucuresti 021188","Strada Doinei 54, 077085"
MzI1LTI1NzU1MTU3MzEtMzQxMTAyNjc0MQ,finished,cash,41.9,13.6,26.7,30.5,0.8,1.3,28-06-26,23:03:06,"Strada Margeanului 63, Bucuresti 051043","Soseaua Colentina 271, Colentina, Bucuresti"
MzI1LTI1NzU1MDE1NzItMzQxMDk5MzU5Ng,finished,cash,17.9,3.8,6.5,35.6,1.3,2.2,28-06-26,22:50:28,"Drumul Taberei 128, Bucuresti 061414","Str. Ilie Nedelcu 28, Bucuresti 051093"
MzI1LTI1NzU0ODE0NzQtMzQxMDk1MDIzMA,finished,in_app,29.2,7,14,30,1.1,2.3,28-06-26,22:33:05,"Restaurantul Vatra, Strada Ion Brezoianu 19, Sector 1, Bucuresti","Aleea Istru 2A, Bucuresti 061912"
MzI1LTI1NzU0Njc3OTEtMzQxMDkxNTY0NA,finished,in_app,21.1,5.1,8.5,35.6,0.4,2.1,28-06-26,22:19:57,"Strada Simion Mehedinai 2, Bucuresti 060458","Noar Hall, Strada Ion Campineanu, Bucharest, Romania"
MzI1LTI1NzQzNjMxODQtMzQwODQxMjY1Mw,finished,in_app,33.9,7,7.9,53.6,1.4,3,28-06-26,4:39:19,"Bulevardul Timisoara 71, Bucuresti 061323","Gara de Nord, Bucuresti, Romania"
MzI1LTI1NzQzMzQ5MTYtMzQwODMzMzQ3NQ,finished,in_app,52.8,7.7,19.8,23.4,1.6,3,28-06-26,4:13:31,"Calea Rahovei 145, Bucuresti","Strada Trenului 5-7, Militari, Bucuresti"
MzI1LTI1NzQzMTM1MDktMzQwODI3NTg1Nw,finished,cash,19,2,8.2,15,2.2,5,28-06-26,3:54:48,"Intrare JW Marriott Grand Hotel, JW Marriott Grand Hotel Bucuresti","Strada Sabinelor 70, Bucuresti"
MzI1LTI1NzQyODU0NDAtMzQwODIwNDE3OA,finished,in_app,57,8.9,17.1,31.3,2.3,4.1,28-06-26,3:31:43,"Soseaua Nordului 7-9, Bucuresti 014101","Strada Mihail Sebastian 31, Bucharest"
MzI1LTI1NzQyNTMzMDktMzQwODExODM5MQ,finished,in_app,23.5,5.9,11.7,30.3,0.7,1.9,28-06-26,3:04:52,"Intrarea Parului 30, Bucuresti","Strada Doamna Ghica 18, Colentina, Bucuresti"
MzI1LTI1NzQyMTYyNjgtMzQwODAyNzE5Mw,finished,in_app,53.2,9.6,23.8,24.3,0,0.1,28-06-26,2:37:38,"Rome Square / Lipscani Street, Old Town","Str. Liviu Rebreanu 46-58, Titan - Balta Alba, Bucuresti"
MzI1LTI1NzQxODQ4ODItMzQwNzk0OTU1MQ,finished,in_app,29.9,2.8,6.8,24.9,0.4,1.1,28-06-26,2:17:06,"Hanul lui Manuc, Centrul Vechi","Cminul de Garnizoan Slaj/ Comandamentul garnizoanei Bucuresti, Strada Nasaud, Bucuresti, Romania"
MzI1LTI1NzQxMzQ2ODktMzQwNzgyMjg0Mw,finished,cash,39.9,9.7,22.4,25.9,1.2,2,28-06-26,1:47:04,"Strada George Georgescu 35A, Bucuresti 040131","Strada Gladiolelor 14, Bucuresti 040146"
MzI1LTI1NzQxMTA5MDktMzQwNzc2NTE4Ng,finished,in_app,17,3.2,7.8,24.7,1.3,3.6,28-06-26,1:32:59,"Strada Vasile Voiculescu 16, Bucuresti","Soseaua Viilor 101, Sector 5, Bucuresti"
MzI1LTI1NzQwOTM5MTYtMzQwNzcyNDQ1MA,finished,in_app,17,2.9,5.7,30.6,1.6,3.1,28-06-26,1:23:29,"Soseaua Olteniaei 204-210, Bucuresti 041325","Club Guesthouse, Splaiul Unirii 160, Tineretului, Bucuresti"
MzI1LTI1NzQwNDk1OTQtMzQwNzYxNjQzNw,finished,cash,25.9,6.5,11.8,33.1,0.7,1.6,28-06-26,0:58:59,"Calea Rahovei 348, Bucuresti 050919","Scoala Gimnaziala Nr. 194, Bulevardul Alexandru Obregia, Bucuresti, Romania"
MzI1LTI1NzQwMTIyNjgtMzQwNzUyODYxNQ,finished,in_app,44.9,8.9,15.5,34.3,1.4,2.6,28-06-26,0:38:27,"Strada Simn Bolvar 10, Primaverii, Bucuresti","Strada Soldat Modoran Ene 9, Rahova, Bucuresti"
MzI1LTI1NzM5OTAzNDgtMzQwNzQ3ODg4OQ,finished,in_app,17,3.5,7.4,28.7,0.6,2.5,28-06-26,0:26:35,"Strada Masina de Paine 1, Bucuresti 021123","Strada Banul Antonache 71, Bucuresti 011664"
MzI1LTI1NzM4MjcyODItMzQwNzEzNzcwOQ,finished,cash,17.2,4,10.7,22.4,0.8,1.9,27-06-26,22:52:41,"Strada Xenopol D. Alexandru 10, Bucuresti 010473","Strada Lt. Constantin Zlatescu 18, Sector 2, Bucharest, Romania"
MzI1LTI1NzM3OTk3MjgtMzQwNzA4NDIxNg,finished,in_app,25.5,5.7,13.5,25.5,0.3,1.4,27-06-26,22:35:48,"Strada Zizin 8, Bucuresti 041713","Random House, Strada Vasile Lascar 69, Sector 2, Bucuresti"
MzI1LTI1NzM3ODg5ODQtMzQwNzA2MjU3NQ,finished,cash,21.9,3.6,5.3,40.8,1.3,3,27-06-26,22:29:05,"Soseaua Olteniaei 103, Bucuresti 041303","Strada Zizin 18, Bucuresti"
MzI1LTI1NzM3NDk0NjQtMzQwNjk3ODA4Mg,finished,in_app,47.9,9.6,21.4,27.1,1.1,2.5,27-06-26,22:03:26,Bulevardul Ion Mihalache 11,"Statie autobuz, Spitalul Clinic de Urgenaa ""Bagdasar-Arsenie"
MzI1LTI1NzM3MDI3NjEtMzQwNjg4NzA1OA,finished,in_app,50,12.8,21.6,35.6,1.9,3.9,27-06-26,21:35:58,"Strada Campia Libertaaii 12, Bragadiru 077025","Str. Turda 121, Bucharest, Romania"
MzI1LTI1NzM2NjA0NzgtMzQwNjc5MTc4MA,finished,in_app,29,6.7,16.2,24.8,0.4,0.9,27-06-26,21:08:04,"Main entrance, Northern Railway Station","Rahova Bus Station, Soseaua Alexandriei, Bucharest, Romania"
MzI1LTI1NzM2MzkyOTktMzQwNjc0MzUyNQ,finished,cash,26,6.2,10.7,34.9,1.1,3.2,27-06-26,20:55:17,"Strada Dezrobirii 43, Bucuresti 060982","Bulevardul Dinicu Golescu 31, Bucuresti 010865"
MzI1LTI1NzM2MDk5MjYtMzQwNjY3NjAyMQ,finished,in_app,29.4,5.5,11,30.1,1,3.3,27-06-26,20:38:11,"Calea Giulesti 47, Bucuresti","Str. Apusului 96, Bucuresti 062291"
MzI1LTI1NzI0NTI0NTgtMzQwNDI1MjQ5MQ,finished,in_app,28.1,3.5,10.4,20.1,0.2,0.5,27-06-26,4:30:53,"Manuc's Inn, Old Town","Strada Doctor Petre Herescu 16, Bucuresti"
MzI1LTI1NzI0Mjc3MjQtMzQwNDE5MTkxNw,finished,in_app,49.9,11.6,21.4,32.5,1.3,2.4,27-06-26,4:06:17,Strada Verii 23,"Bulevardul Corneliu Coposu 1A, Centrul Istoric, Bucuresti"
MzI1LTI1NzIzNzIyMDctMzQwNDA2OTQzNQ,finished,in_app,74.8,30.6,30.6,59.9,0,0.1,27-06-26,3:16:12," Intrarea secundara, Academia de politie","Strada Ciurari 4, Olteni, Romania"
MzI1LTI1NzIzMzc5NTItMzQwMzk5MTg3Mw,finished,cash,21.5,4.9,10.5,28.3,1.6,3.3,27-06-26,2:45:46,"Bulevardul Dimitrie Cantemir 24, Bucuresti 040245","Piaaa George Enescu, Sectorul 1, Bucuresti"
MzI1LTI1NzIzMzI3NzgtMzQwMzk3ODE5NA,finished,in_app,22.5,2.2,5,26,0.6,0.5,27-06-26,2:40:11,"Strada Doctor Constantin Istrati 1, Bucuresti 040542","Bulevardul Mircea Voda 40, Bucuresti"
MzI1LTI1NzIzMDI3MjgtMzQwMzkxMjY2Mg,finished,in_app,44.3,9.7,18.5,31.4,0.9,1.8,27-06-26,2:14:50,"Calea Mosilor 94, Bucuresti 030152","Intrarea Ferentari A 3, Bucuresti"
MzI1LTI1NzIyNTcwNDgtMzQwMzgwOTQ1Ng,finished,in_app,22.2,6,11.9,29.9,0.5,2.1,27-06-26,1:41:08,"Strada Ramnicu Valcea 3, Dristor, Bucuresti","Strada Sinesti 58A, Bucharest"
MzI1LTI1NzIyMTQ2NzMtMzQwMzcwODU3NA,finished,in_app,17,2.5,5.4,27.5,0.7,1.7,27-06-26,1:11:46,"Aleea Postavarul 2, Bucuresti","B-dul. Camil Ressu 15, Bucharest 031733"
MzI1LTI1NzIxNzE2MzktMzQwMzYwOTQ3Ng,finished,in_app,48.3,7.3,14.2,30.7,1.3,3.5,27-06-26,0:44:05,"Strada Arcului 6, Bucuresti 021033","Aleea Vlahita 2, Bucuresti"
MzI1LTI1NzIxNjE2MTEtMzQwMzU4ODMwNw,finished,in_app,18.7,1.8,5,21.2,0.5,0.8,27-06-26,0:37:51,"Strada Matei Voievod 67, Bucuresti 021452","Strada Doctor Paleologu 28, Bucuresti"
MzI1LTI1NzIxMTYwMTUtMzQwMzQ5NDA2Mw,finished,cash,36.2,7.7,20.1,22.9,2.7,3.2,27-06-26,0:09:54,"Piaaa Presei Libere, Piata Presei","Aleea Lunguletu 2, Bucuresti"
MzI1LTI1NzIwNzk0NDYtMzQwMzQyMDQyOA,finished,in_app,31.5,10.1,14.9,40.6,0.3,0.8,26-06-26,23:46:58,"Piaaa Montreal 10, Bucuresti 014790","Federaaia Romana de Tir Sportiv, Judea dIlfov"
MzI1LTI1NzIwMzAxOTAtMzQwMzMxOTY1MA,finished,in_app,42.8,12.3,29.3,25.2,1.5,1.9,26-06-26,23:12:08,"Aleea Pacala 41-43, Bucuresti","Face Club, Romexpo Arena"
MzI1LTI1NzIwMTQ1ODYtMzQwMzI4OTQxNA,finished,in_app,18.9,3.3,7.4,26.8,0.1,1.1,26-06-26,23:01:38,"Calea Vitan 13-19, Bucuresti 031281","Soseaua Vitan-Barzesti 7D, Bucuresti 042121"
MzI1LTI1NzE5OTU0MTQtMzQwMzI1MjAzMQ,finished,in_app,21.9,3.5,8.3,25,1,2.5,26-06-26,22:47:29,"Bulevardul Naaiunile Unite 6, Bucuresti","Strada Vlaicu Voda 14, Bucuresti"
MzI1LTI1NzE5Nzg0NDYtMzQwMzIyMDc4MA,finished,in_app,17,3.1,9.1,20.7,1.1,3.2,26-06-26,22:34:50,"Strada Vasile Lascar 216, Bucuresti 020513","P+1, Calea Victoriei, Bucuresti, Romania"
MzI1LTI1NzE5NTkwODQtMzQwMzE4NDA1Ng,finished,in_app,21.9,5.1,10.5,29,0.5,1.3,26-06-26,22:20:25,"Strada 9 Mai 1, Bucuresti","Strada Aurel Vlaicu 83, Bucuresti 020093"
MzI1LTI1NzEyNTc0MTMtMzQwMTc0MjI2MQ,finished,cash,49,7.7,26,17.8,1.2,5.4,26-06-26,15:04:31,"Bulevardul Pache Protopopescu 39, Bucuresti 021406","Strada Aviator Popisteanu 54B, Bucuresti 012095"
MzI1LTI1NzEyMTY3NjAtMzQwMTY1NDk2Ng,finished,in_app,41.5,5,16.3,18.4,2.3,8.4,26-06-26,14:38:18,"Bulevardul Mihail Kogalniceanu 55, Bucuresti 050104","Strada Remus 6, Bucarest, Roumanie"
MzI1LTI1NzExNjM5NjItMzQwMTU0NjEzNA,finished,cash,25.9,4.4,27.1,9.7,0.8,5.5,26-06-26,14:04:02,"Strada Maria Rosetti 49 A, Bucuresti, Romania","Spitalul Universitar de Urgenaa Bucuresti, Splaiul Independenaei 169, Cotroceni, Bucuresti"
MzI1LTI1NzExMzI4NDQtMzQwMTQ4MjYyNg,finished,in_app,19.9,2.6,9.8,16.1,0.8,4.1,26-06-26,13:43:48,"Soseaua Colentina 1, Bucuresti 021151","Rosetti Hotel, Strada Maria Rosetti 4, Sectorul 2, Bucuresti"
MzI1LTI1NzAzMDg4MjMtMzM5OTg1NDEwOA,finished,in_app,19.9,5.5,10.7,31,0.7,2.1,26-06-26,0:03:50,"Strada Prisaca Dornei 8E, Bucuresti","Roua, Strada Nerva Traian, Nerva Traian, Bucuresti"
MzI1LTI1NzAyODcyNTAtMzM5OTgwNTg5MQ,finished,in_app,35.7,7.6,13.5,33.7,1.7,6.5,25-06-26,23:44:08,"Strada C. A. Rosetti 34, Bucuresti","B-dul. Pictor Nicolae Grigorescu 47, Bucuresti 030444"
MzI1LTI1NzAyNzUyMjYtMzM5OTc4MDM3MA,finished,business,23.8,4.2,9.3,27.3,1.3,2,25-06-26,23:32:31,"Parcul Regele Mihai I, Sectorul 1, Bucuresti","Strada Vasile Lascar 113, Sector 2, Bucuresti"
MzI1LTI1NzAyNjIyNDYtMzM5OTc1MjM4NA,finished,business,31.9,1,8,7.5,1.8,3.9,25-06-26,23:19:39,"Isoletta, Sector 1, Bucuresti","Soseaua Nordului 94W, Bucuresti"
MzI1LTI1NzAyMTcxNDAtMzM5OTY1ODIwOA,finished,in_app,18.9,4.4,12.1,21.7,1.4,2.6,25-06-26,22:37:52,"Splaiul Unirii 4, Bucuresti","Calea Plevnei 141C, Bucuresti 060015"
MzI1LTI1NzAyMDAzNzQtMzM5OTYyNTM0NQ,finished,in_app,17,3,7,26,0.6,3.1,25-06-26,22:21:53,"Strada Maior Boroczin 3, Bucuresti","Strada Padesu 12, Bucuresti 030467"
MzI1LTI1NzAxNzM2ODctMzM5OTU3MzcxMA,finished,business,19.9,4.6,14.4,19.1,1.7,3.4,25-06-26,21:58:08,"Paul Entrance, Park Lake Mall","Bulevardul Tineretului 41A, Bucuresti 020992"
MzI1LTI1NzAxNDQzMjEtMzM5OTUxNzI0OQ,finished,in_app,20.5,6,12.5,28.6,0.4,1,25-06-26,21:30:40,"Strada Traian Popovici 104, Bucuresti","Drumul Gura Putnei 147, Titanul Nou, Bucuresti"
MzI1LTI1NzAxMzI2MDctMzM5OTQ5NDUzMQ,finished,cash,19.9,2.8,9.4,18,0.6,0.8,25-06-26,21:19:51,"Calea Serban Voda 72, Bucuresti 040212","Strada Traian Popovici 128A, Centrul Civic, Bucuresti"
MzI1LTI1NzAxMDUwOTgtMzM5OTQ0MjEyNg,finished,in_app,20.7,5,14.8,20.3,0.6,1.9,25-06-26,20:56:08,"Strada General Henri Mathias Berthelot 73, Bucuresti","Strada Progresului 2, Bucuresti 052034"
MzI1LTI1NzAwODE0NDMtMzM5OTM5NjYwMA,finished,cash,25.9,5.8,13.4,26,1.4,4.2,25-06-26,20:35:27,"Halo Events Center, Romexpo Arena","Ibis Styles Bucharest City Center, Sectorul 1, Bucuresti"
MzI1LTI1NzAwNDIzODktMzM5OTMxNzI3Ng,finished,in_app,27.6,7.3,17.8,24.7,1,3.5,25-06-26,20:04:06,"Bulevardul Ghica Tei 137, Bucuresti 023705","Beraria H, Beraria H"
MzI1LTI1NzAwMTUyNjEtMzM5OTI2MDM2Mw,finished,in_app,30.3,6.1,18.2,20.2,1.3,2.1,25-06-26,19:43:10,"Strada Franceza 13, Bucuresti 030106","Strada Opanez 3, Bucuresti 023772"
MzI1LTI1Njk5OTQ5NjUtMzM5OTIxODE5OQ,finished,in_app,17.3,3.4,8.5,23.8,0.8,2.3,25-06-26,19:28:11,"Calea 13 Septembrie 102, Bucuresti","Unirea Shopping Center, Piaaa Unirii 1, Bucuresti"
MzI1LTI1Njk5Njk0NTctMzM5OTE2NTcwMQ,finished,in_app,30.9,5.6,16.5,20.4,0.5,1.3,25-06-26,19:09:35,"Strada Simion Mehedinai 7, Bucuresti 060457","Restaurant TAJ, Calea 13 Septembrie, Bucuresti, Romania"
MzI1LTI1Njg4NjE2NjAtMzM5NzAxMTUwNA,finished,in_app,29.2,6.3,15,25.1,1.5,4.3,25-06-26,0:26:53,"Bulevardul Regina Maria 36, Bucuresti 040125","Strada George Mihai Zamfirescu 50, Bucuresti"
MzI1LTI1Njg4NDQ5MTUtMzM5Njk3MTA1NA,finished,in_app,18.9,2.4,7.2,20,2.8,5,25-06-26,0:09:47,"Strada Episcopul Chesarie 24, Bucuresti 040183","Strada Anton Pann 18A, Bucuresti 030796"
MzI1LTI1Njg4MjE4MzUtMzM5NjkxNjA4OA,finished,in_app,20.9,5.6,8.4,39.9,1.4,3.3,24-06-26,23:45:16,"Calea Dudesti 144, Bucuresti","Bulevardul Constantin Brancoveanu 118, Bucuresti"
MzI1LTI1Njg3OTk4ODAtMzM5Njg2ODY1OQ,finished,in_app,25.6,5.3,9.6,33.4,1.7,4.2,24-06-26,23:22:04,"Strada Nerva Traian 4, Bucuresti","Strada Prisaca Dornei 16, Bucuresti"
MzI1LTI1Njg3ODM5NzgtMzM5NjgzNjMyNQ,finished,in_app,23.8,2.2,5,26.1,1.5,3.5,24-06-26,23:06:59,"Strada Nerva Traian 35, Bucuresti 031214","Strada Gladiaei 12, Bucuresti"
MzI1LTI1Njg3NzAzNDgtMzM5NjgwNTU3MQ,finished,cash,17,3,7.5,24.4,0.8,1.6,24-06-26,22:53:14,"Bulevardul Decebal 13, Bucuresti 030964","Strada Avalansei 7, Sectorul 4, Bucuresti"
MzI1LTI1Njg3NTcwMTUtMzM5Njc3ODAyMw,finished,in_app,20.4,4.2,11.3,22.1,0.1,1.4,24-06-26,22:39:32,"Intrarea Rigas 29B, Bucuresti 010152","Duman Oriental Cuisine, Bulevardul Decebal 13, Bucharest"
MzI1LTI1Njg3NDg5ODQtMzM5Njc2MjEwMQ,finished,in_app,23.1,2.5,6.2,23.6,0.6,1.6,24-06-26,22:31:16,"Strada Silvestru 43, Bucuresti","Apollo111, Strada Actor Ion Brezoianu 23-25, Bucharest"
MzI1LTI1Njg3Mjk0MzItMzM5NjcyNDA4Mw,finished,in_app,39.9,5.9,14.2,24.8,3.6,4.5,24-06-26,22:11:26,"Soseaua Grozavesti 84, Bucuresti","Strada Toamnei 94-96, Bucharest"
MzI1LTI1Njg2NjQ4OTEtMzM5NjYwNDMyNg,finished,in_app,28.6,7.5,23.8,18.8,1.1,4.3,24-06-26,21:06:47,"Strada Wolfgang Amadeus Mozart 1, Bucuresti 020251","Strada Economu Cezarescu 34-42, Bucuresti"
MzI1LTI1Njg2NTc4NjMtMzM5NjU5MTY0NA,finished,in_app,17.3,3.3,8.3,23.6,0,0.2,24-06-26,21:00:23,"Calea Floreasca Bvd. exit, Promenada Mall","Str. Tunari 62-64, Sector 2, Bucuresti"
MzI1LTI1Njg2NTA3NjAtMzM5NjU3ODIzNQ,finished,in_app,17,3.2,6.6,29.6,1,2,24-06-26,20:53:14,"Strada Locotenent Aviator Iuliu Tetrat 11, Bucuresti","Iesire Calea Floreasca, Mall Promenada"
MzI1LTI1Njg2MzE3OTItMzM5NjU0MTgyNQ,finished,in_app,22.9,5.8,14.5,24,0.6,2.4,24-06-26,20:35:04,"Strada Nada Florilor 5, Bucuresti 023602","Terasa Baraka, Bulevardul Maresal Constantin Prezan 1, Sector 1, Bucuresti"
MzI1LTI1Njg2MDUxNjItMzM5NjQ5MDMwNQ,finished,in_app,25.1,7.1,18.7,22.8,1,1.8,24-06-26,20:10:45,Bulevardul Gheorghe Sincai 11,"Strada Brasoveni 26, Tei, Bucuresti"
MzI1LTI1Njg1NzgxNTEtMzM5NjQzOTkyNA,finished,in_app,25.7,6.7,16.4,24.6,0.9,1.8,24-06-26,19:48:43,"Bulevardul 1 Decembrie 1918 38, Bucuresti 032466","Dance District, Strada Tabacarilor, Bucharest, Romania"
MzI1LTI1Njg1NTc5MjMtMzM5NjM5OTU3Mg,finished,cash,20.8,4.6,14.3,19.3,1.1,2.5,24-06-26,19:31:13,"Bulevardul Basarabia 88, Bucuresti 022119","Strada Colonel Iosif Albu 74B, Titan - Balta Alba, Bucuresti"
MzI1LTI1Njg1MjY1NTYtMzM5NjMzNzgxMA,finished,in_app,17,3.6,9.3,23,0.4,2.9,24-06-26,19:06:17,"Strada Gheorghe Petrascu 45, Bucuresti","Baza sportiva ASPOL, Soseaua Vergului 14K, Pantelimon, Bucuresti"
MzI1LTI1Njg1MDA2ODAtMzM5NjI4OTE0NQ,finished,in_app,23.9,3.5,10.9,19.1,1.6,3.5,24-06-26,18:45:57,"Strada Subl Cristescu Dima 5, Bucuresti","Strada Capitan Nicolae Licarea, Bucharest"
MzI1LTI1Njg0ODY2NDItMzM5NjI2ODEzMw,finished,in_app,22.9,1.3,3.5,22.3,1.3,2.1,24-06-26,18:37:26,"Bulevardul Basarabia 23, Bucuresti","Bazinul Lia Manoliu, Belvedere, Bucharest, Romania"
MzI1LTI1Njg0MzE0MTAtMzM5NjE1ODMzNw,finished,in_app,51.6,11.9,38.2,18.7,1.1,3.5,24-06-26,17:52:31,"Bulevardul Constructorilor 20, Bucuresti 060512","Sala Gloria, Strada Bucovina 6, Titan - Balta Alba, Bucuresti"
MzI1LTI1NjgwODM4NjUtMzM5NTUzNDExOA,finished,in_app,17,2.6,8.3,19.2,0.5,0.9,24-06-26,13:18:59,"Strada Grigore Cobalcescu 8, Bucuresti 010194","Soseaua Panduri Intrare, Universitatea din Bucuresti"
MzI1LTI1NjYxMTgwMjItMzM5MTgwMjk5OA,finished,cash,17,3.5,6.4,33.2,1.3,5.2,23-06-26,0:43:36,"Strada Gentianei 9, Dudu 077041","Strada Viitorului 5, Rosu 077042"
MzI1LTI1NjYxMTA3ODctMzM5MTc4MzIyOQ,finished,cash,17,2.1,6.5,19.3,1.2,1.9,23-06-26,0:33:34,"Strada Tineretului 17, 077042",Strada Weiner Palada 8
MzI1LTI1NjYwOTA3MDctMzM5MTczMDIwNg,finished,business,61,13.4,20.8,38.9,1,5.2,23-06-26,0:07:13,Bulevardul General Gheorghe Magheru 28-30,"Strada Tineretului 65, Chiajna, Romania"
MzI1LTI1NjYwNzM0NDItMzM5MTY4NTY3MQ,finished,in_app,18.8,4,8.1,30.1,1.7,4,22-06-26,23:46:58,"Strada Negoiu 21, Bucuresti 031125","Strada Batistei 1-3, Bucuresti"
MzI1LTI1NjYwNTY5MzMtMzM5MTY0NTEwMg,finished,in_app,29.9,6.1,13.3,27.5,1.3,2.5,22-06-26,23:28:34,"Calea Floreasca 60, Bucuresti 014462","Strada Agricultori 112, Bucuresti 021495"
MzI1LTI1NjYwNDI3MDctMzM5MTYwOTQ5OA,finished,in_app,21,4.8,8.1,35.3,2,5.9,22-06-26,23:13:21,Piaaa Alba Iulia 1,"Embassy of Egypt, Bulevardul Dacia 67, Sector 1, Bucuresti"
MzI1LTI1NjYwMzUxOTctMzM5MTU4NzEyMQ,finished,in_app,26,1.8,3.7,29.4,1.3,3.5,22-06-26,23:04:12,"Strada Radu Voda 17, Bucuresti 040273","Strada Piscului 14, Bucuresti"
MzI1LTI1NjYwMDQ3MTMtMzM5MTUxMzcyMg,finished,business,37.9,8.1,19.1,25.6,1.8,5,22-06-26,22:32:06,"Soseaua Grozavesti 84, Bucuresti","Strada Alexander von Humboldt 30, Bucuresti"
MzI1LTI1NjU5OTYxOTEtMzM5MTQ5NDE5Mw,finished,in_app,32.9,2.8,6.7,24.9,1,1.7,22-06-26,22:23:23,"Intrarea principala, Gara de Nord","Strada George Ranetti 15, Grozavesti, Bucuresti"
MzI1LTI1NjU5NzQ3MDgtMzM5MTQ0MjMyMQ,finished,in_app,17,4.6,8.6,32.3,0.9,3.6,22-06-26,22:01:38,"Calea Giulesti 52, Bucuresti 060282","Strada Caransebes 2, Bucuresti"
MzI1LTI1NjU5NTM0NDktMzM5MTM5NDY4Mw,finished,in_app,18.9,5,11.2,27,0.7,2.1,22-06-26,21:38:36,"Strada Serg. Alexandru Cutieru 30, Bucuresti 061422","Strada Mehadia 16, Bucuresti 060543"
MzI1LTI1NjU5MzU0NDgtMzM5MTM2NDY1Mg,finished,in_app,17,3.6,8.9,24.1,1.4,3.4,22-06-26,21:23:28,"Strada Serbota 1, Bucuresti 051734","Bulevardul Timisoara 16B Bl. C3, Bucuresti 061329"
MzI1LTI1NjU5MjEwNjUtMzM5MTMyMDU0Mw,finished,cash,23.1,6.5,14,28.1,0.5,2.6,22-06-26,21:03:09,"Strada Anghel Moldoveanu 27, Bucuresti","Strada Barca 24, Bucuresti"
MzI1LTI1NjU5MDQ3MjktMzM5MTI4NDcwOQ,finished,in_app,31,8.3,16.4,30.2,0.8,1.4,22-06-26,20:46:18,"Drumul Sarii 124, Bucuresti","Intrarea Sisesti 2A, Sectorul 4, Bucuresti"
MzI1LTI1NjU4ODc3MzUtMzM5MTI0NDU4Nw,finished,cash,17.3,4.2,7.8,32,0.3,0.9,22-06-26,20:28:45,Strada Margelelor 44,"Bus station, Carrefour, Alexandria Road 152"
MzI1LTI1NjU4NTg0MjktMzM5MTE4Nzg4NA,finished,in_app,36,9.6,24,24.1,0.1,0.2,22-06-26,20:06:02,"Strada Sfantul Constantin 12A, Bucuresti 010219","Strada Diamantului 164 L, Bragadiru, Romania"
MzI1LTI1NjU4NDA3MTMtMzM5MTE0MjAxNg,finished,in_app,23.9,4.4,13.6,19.3,1.7,5.7,22-06-26,19:45:14,"Strada Axinte Uricariul 12, Bucuresti 011604","Str. Ostasilor 2, Bucuresti 010204"
MzI1LTI1NjU4MjQxNDQtMzM5MTExMDE4Nw,finished,in_app,17,3.7,11.5,19.4,0.4,1.6,22-06-26,19:31:23,"Strada Domniaa Anastasia 4, Bucuresti","Strada Profesor Ion Ursu 13, Bucuresti"
MzI1LTI1NjU3OTY3MzktMzM5MTA1Mjg1NQ,finished,in_app,38.9,5.3,17.1,18.5,3.1,4.7,22-06-26,19:06:59,"Splaiul Independenaei 315, Bucuresti 060042","The Marmorosch Entrance, The Marmorosch Bucharest, Autograph Collection"
MzI1LTI1NjM0MTI0NTktMzM4NTkwMzMwMw,finished,in_app,37.8,9,19.1,28.2,1,1.9,21-06-26,2:07:22,"Strada Theodor D. Speranaia 61, Bucuresti","Calea Crangasi 22, Bucuresti"
MzI1LTI1NjMzNDUxNDUtMzM4NTczMzQ3Mg,finished,cash,48.2,8.8,19.9,26.5,0.9,1.9,21-06-26,1:31:18,"Calea Victoriei 118, Bucuresti 010066","Strada Jean Alexandru Steriadi 6, Bucuresti 032498"
MzI1LTI1NjMyNjgyNDctMzM4NTU1NDQzOQ,finished,in_app,44.8,8,26.1,18.4,1,4.5,21-06-26,0:56:22,"Calea Victoriei 212, Bucuresti","La Grande Bellezza, Calea Victoriei 147, Sector 1, Bucuresti"
MzI1LTI1NjMyNDIyNzEtMzM4NTQ3NDI3OQ,finished,in_app,29.4,5.4,15.8,20.5,0.9,2.4,21-06-26,0:39:12,"Strada Agricultori 28, Bucuresti 021491","Strada Locotenent Colonel Paul Ionescu 1, Gara de Nord, Bucuresti"
MzI1LTI1NjMyMjM1NDUtMzM4NTQyODcwMg,finished,in_app,21,3.7,9.3,23.6,0.3,0.2,21-06-26,0:28:53,"Piaaa Unirii 1, Bucuresti 030119","Soseaua Iancului 8, Bucuresti, Romania"
MzI1LTI1NjMxNzMwOTYtMzM4NTMxNDI1NA,finished,in_app,34.9,8.9,22.9,23.3,3.2,2.3,21-06-26,0:01:09,Strada Atomistilor 66,"Bulevardul Dimitrie Cantemir 16, Sectorul 4, Bucuresti"
MzI1LTI1NjMxNDgxMDktMzM4NTI1OTA4Nw,finished,in_app,29.9,6.8,10.6,38.3,1.2,1.9,20-06-26,23:47:02,"Bulevardul 1 Mai 37, Bucuresti 061627","Strada Begoniei, Bucuresti, Romania"
MzI1LTI1NjMwNzM0NzYtMzM4NTA5OTI1NQ,finished,cash,59,10.2,17.8,34.3,1.5,6.4,20-06-26,23:03:50,"Strada Glodeni 3, Bucuresti","Hanul Drumeaului, Bulevardul 1 Mai 28, Bucuresti"
MzI1LTI1NjMwNTIyMjktMzM4NTA1NDY3Ng,finished,in_app,20.4,4.7,14,20.3,0,0.1,20-06-26,22:51:12,"Bulevardul Nicolae Balcescu 4, Bucuresti 010051","Str. Gheorghe Titeica 6, Bucuresti 020301"
MzI1LTI1NjMwMjM3MTItMzM4NDk5NjI5NA,finished,in_app,32.5,6.6,18.2,21.7,0.2,0.1,20-06-26,22:33:05,"Bulevardul Timisoara 14A, Bucuresti","Grand Hotel Bucharest, Bulevardul Nicolae Balcescu 4, Sectorul 2, Bucuresti"
MzI1LTI1NjI5NzE1MTgtMzM4NDg5MTM3MQ,finished,in_app,31.5,7,16.4,25.5,1.4,3.4,20-06-26,22:01:34,"Strada Tache Ionescu 8, Bucuresti 010354","Profi City, Strada Constantin Moise, Bucharest, Romania"
MzI1LTI1NjI5NTkxMjctMzM4NDg2NTk4NA,finished,in_app,17,2.1,7.2,17.5,0.5,1.8,20-06-26,21:53:53,"Strada Constantin Esarcu 1, Bucuresti 010293","LEV OR APARTMENTS, Strada Occidentului 41, Bucharest, Romania"
MzI1LTI1NjI5Mzc1ODctMzM4NDgyMjcwMw,finished,in_app,25.1,4.9,9.7,30.4,1.8,2.9,20-06-26,21:40:08,"Arenele Romane Exit, Park Carol I","Bulevardul General Gheorghe Magheru 9, Bucuresti"
MzI1LTI1NjI4ODE0MjgtMzM4NDY5NjkyMA,finished,in_app,77.7,20.5,29.1,42.2,0,1,20-06-26,21:04:12,"Departures Terminal, Bucharest Henri Coanda Airport (OTP)","Serena Apartaments, Rahova, Bucharest"
MzI1LTI1NjI4NDA4NjYtMzM4NDU5MzgzMw,finished,cash,67.7,20,26,46.3,1.1,3.5,20-06-26,20:39:50,"Strada Fabrica de Chibrituri 3-5, Bucuresti","Departures Terminal, Bucharest Henri Coanda Airport (OTP)"
MzI1LTI1NjI3OTc4ODMtMzM4NDQ4NTExNA,finished,cash,24.9,6,16.1,22.2,0.8,1.7,20-06-26,20:14:42,"Strada Masina de Paine 57, Bucuresti","Strada Capitan Gheorghe Preoaescu 26, Bucuresti, Romania"
MzI1LTI1NjI3NTk5OTQtMzM4NDM4ODI4NA,finished,in_app,43.4,10.8,19.6,33,0.9,5,20-06-26,19:53:47,"Drumul Taberei 38, Bucuresti 061389","Strada Cristea Mateescu 9, Bucuresti 023665"
MzI1LTI1NjI3NDA5NjktMzM4NDM0MjIxMA,finished,cash,23.8,3.8,6,38.3,1.9,4,20-06-26,19:43:58,"Entrance, Crangasi Parc","Drumul Taberei Park's Greenhouses, Bucharest, Romania"
MzI1LTI1NjEzNzk2NDgtMzM4MTQ2ODYzNw,finished,in_app,18.9,1.8,3.9,27.3,0.7,1.3,20-06-26,0:43:11,"Splaiul Independenaei 290, Bucuresti","Strada George Valsan 22, Bucuresti 060471"
MzI1LTI1NjEzNTI4NTItMzM4MTQxNDAyNg,finished,in_app,24.9,5,10.2,29.6,1,2,20-06-26,0:28:36,"Strada Doctor Constantin Istrati 1, Bucuresti 040542","Splaiul Independenaei 210, Bucuresti 060021"
MzI1LTI1NjEzMDM3NjItMzM4MTMxNjg0OQ,finished,in_app,40.4,6.9,15.7,26.5,0.6,3.2,20-06-26,0:02:26,"Strada Ion Ghica 1, Bucuresti 030044","Str. Paduroiu 1, Bucharest 041471"
MzI1LTI1NjEyNjk4MzAtMzM4MTI0OTgxOQ,finished,in_app,21.4,6.6,13.7,28.8,1.1,3.5,19-06-26,23:42:57,"Aleea Poiana Vadului 1, Bucuresti","Hilton Garden Inn, Old Town"
MzI1LTI1NjEyNDQ5ODUtMzM4MTIwMDkwMw,finished,in_app,38.6,5.1,10.6,28.8,0.1,0.3,19-06-26,23:27:26,"Strada Halelor 1, Bucuresti","Strada Mihaela Ruxandra Marcu 4, Bucuresti 061525"
MzI1LTI1NjEyMjkxNjctMzM4MTE3MDUzNg,finished,cash,17.7,5.5,13.4,24.6,0.9,2.9,19-06-26,23:17:19,"Aleea Livezilor 15, Bucuresti 052452","Hanul lui Manuc, Centrul Vechi"
MzI1LTI1NjExOTQ4NjUtMzM4MTEwNTIxNg,finished,business,21.9,4.4,9.8,26.8,1.8,4.1,19-06-26,22:55:58,"Strada Razoare 32, Bucuresti 061344","Strada Iazului 1, Bucuresti 052018"
MzI1LTI1NjExNzk1MjEtMzM4MTA3NTAxOQ,finished,cash,17,2.5,5.9,24.9,0.2,1.2,19-06-26,22:45:46,"Calea Rahovei 323, Bucuresti 050904","Calea 13 Septembrie 237, Bucuresti 050723"
MzI1LTI1NjExNDk1ODgtMzM4MTAxNzcxNw,finished,cash,29.9,7.1,15.3,27.8,4,4.8,19-06-26,22:25:02,"Strada Ana Ipatescu 38a, Jilava, Romania","Calea Rahovei 329, Rahova, Bucuresti"
MzI1LTI1NjExMDEwNTEtMzM4MDkyNzA5NQ,finished,in_app,39.4,13.5,26.3,30.7,0.7,2.5,19-06-26,21:52:28,"Strada Ion Campineanu 21, Bucuresti 010033","Strada Tineretului, Jilava, Romania"
MzI1LTI1NjEwODAxNzYtMzM4MDg4OTEwNw,finished,in_app,17.6,2.5,9.3,16,0.8,2.7,19-06-26,21:37:53,"Strada Armoniei 10, Bucuresti","AveForchetta, Strada Matei Millo, Bucharest, Romania"
MzI1LTI1NjEwNTA2OTAtMzM4MDgzMzkwNA,finished,in_app,17,4.2,12.8,19.6,1.3,3.8,19-06-26,21:17:54,"Str. Stirbei Voda 47-45, Bucuresti 010103","Calea Mosilor 227, Bucuresti 020868"
MzI1LTI1NjA5Mjc0NDEtMzM4MDU5MDc2OA,finished,cash,74.1,10.8,39.3,16.5,1,3.8,19-06-26,19:59:16,"Bulevardul Iuliu Maniu 500, Bucuresti","Rome Square / Lipscani Street, Old Town"
MzI1LTI1NjA4OTgzOTItMzM4MDUzMjM0OA,finished,cash,40.8,4.4,13.9,18.9,2.5,5.1,19-06-26,19:41:49,"Bulevardul Uverturii 2, Bucuresti 060941","Auchan, Bulevardul Iuliu Maniu 546-560, Militari"
MzI1LTI1NjA4Nzg2MTAtMzM4MDQ5MjE3Mw,finished,in_app,28.7,1.8,7.6,14.4,0.9,3.2,19-06-26,19:30:01,"Strada Prunaru 6, Bucuresti","Calea Crangasi 42, Bucuresti 060343"
MzI1LTI1NTk1OTUyNTEtMzM3NzkxNDc4Mg,finished,in_app,18.9,3,7.5,23.7,3,6.2,19-06-26,0:18:38,"Strada Ioviaa 23-27, Bucuresti 050683","Strada Economu Cezarescu 34-42, Grozavesti, Bucuresti"
MzI1LTI1NTk1NzM2MDQtMzM3Nzg2MDc0OA,finished,cash,18.7,2.8,7.5,22.5,1.6,3,18-06-26,23:59:13,"Strada Margeanului 66, Bucuresti","Soseaua Salaj 420-424, Rahova, Bucuresti"
MzI1LTI1NTk1NjA1NDYtMzM3NzgyNzk2Nw,finished,in_app,17,3.2,8.6,22.4,0.6,1.8,18-06-26,23:46:10,"Strada Voitin 15, Bucuresti 052045","Strada Antiaeriana 6a, Bucuresti, Romania"
MzI1LTI1NTk1MzEzNzAtMzM3Nzc2MjAwOQ,finished,cash,51.2,8.9,20.2,26.3,1.4,2.3,18-06-26,23:17:48,"Dinicu Golescu entrance, Northern Railway Station","Cartier Confort Urban, Rahova"
MzI1LTI1NTk1MDk3MDgtMzM3NzcxNTQ4Nw,finished,in_app,29.8,8.6,15.5,33,1.7,3.8,18-06-26,22:58:10,"Starbucks Entrance, Park Lake Mall","Soseaua Nicolae Titulescu 92, Griviaa, Bucuresti"
MzI1LTI1NTk0ODI5MzMtMzM3NzY1OTI4Mg,finished,in_app,37.2,7.7,17.2,26.8,3.4,6.5,18-06-26,22:33:24,"Calea Plevnei 135, Bucuresti 010225","Bloc 28 Bis, Intrarea Reconstrucaiei, Bucharest, Romania"
MzI1LTI1NTk0NDczNzYtMzM3NzU4NzY3Mg,finished,cash,21.9,4.7,13.3,20.9,1.4,2.9,18-06-26,22:00:36,"Galaxy Entrance, Afi Palace Cotroceni Mall","Strada 9 Mai Nr 1A, Bucharest, Romania"
MzI1LTI1NTk0MjczMjktMzM3NzU1MTY2NQ,finished,cash,17,2.6,8.8,17.8,0.6,1.8,18-06-26,21:43:00,"Intrare Parcare Nord, Mall Plaza Romania","Str. Apusului 96, Bucuresti"
MzI1LTI1NTk0MTYzMDQtMzM3NzUyOTA4OQ,finished,cash,17,2,3.7,32.2,1.3,3.4,18-06-26,21:31:30,"Strada Valea Oltului 93-95, Bucuresti","Drumul Taberei 140, Bucuresti 061415"
MzI1LTI1NTkzODE3OTgtMzM3NzQ2NDE3MQ,finished,in_app,32,9.8,25.8,22.8,1.3,3.2,18-06-26,21:00:43,"Calea Serban Voda 174, Bucuresti 040214","Prelungirea Ghencea 94-100, Bucuresti 061715"
MzI1LTI1NTkzNjAxMzMtMzM3NzQyMzcyOQ,finished,in_app,19.9,3,8.9,20.4,1.1,2,18-06-26,20:41:04,"Piaaa Garii de Nord 1-3, Bucuresti 010858","Hanu' Berarilor, Strada Colonel Bordea Poenaru 2, Centrul Civic, Bucuresti"
MzI1LTI1NTkzNDY3NDEtMzM3NzM5OTIxNA,finished,cash,24.9,6.5,10.1,38.9,0.4,2,18-06-26,20:29:06,"Strada Nasaud 77, Bucuresti 052034","Intrarea secundara, Gara de Nord"
MzI1LTI1NTkzMzIwMjgtMzM3NzM3MjM1Ng,finished,cash,17.1,3.3,11.2,17.7,0,0.1,18-06-26,20:16:43,"Hanul lui Manuc, Centrul Vechi","Central Address Residence, Rahova, Bucuresti"
MzI1LTI1NTkzMDMxNzAtMzM3NzMxODU4Mw,finished,in_app,22.5,4.1,18.1,13.5,0.9,1.4,18-06-26,19:53:54,"Strada Petru Rares 5-9, Bucuresti 011101","Rome Square / Lipscani Street, Old Town"
MzI1LTI1NTkyNTk5OTMtMzM3NzIzNDA3Mw,finished,in_app,46.2,9.2,21.1,26,3.6,10.4,18-06-26,19:21:31,"Bloc A2, Strada Preciziei 24, Bucuresti 062204","Main entrance, Northern Railway Station"
MzI1LTI1NTkyMzM0NTItMzM3NzE4MTE5MQ,finished,in_app,18.7,2.6,12.2,12.7,0.7,2.9,18-06-26,19:03:01,"Soseaua Virtuaii 1, Bucuresti 060781","Strada Gura Leului 18, Rosu"
MzI1LTI1NTkyMTcwMTEtMzM3NzE0OTUwMg,finished,cash,24.1,4.8,9.4,30.8,0.1,1.6,18-06-26,18:51:04,"Calea Giulesti 381, Bucuresti","Sos. Virtutii 17, Militari, Bucuresti"
MzI1LTI1NTkyMDE2ODktMzM3NzExOTU2MA,finished,in_app,37.9,4,8.8,26.8,0.9,1.8,18-06-26,18:40:50,"Strada Nicolae Filimon 7, Bucuresti 060301","Calea Giulesti 371, Giulesti Sarbi, Bucuresti"
MzI1LTI1NTgwMDk1MzYtMzM3NDgzMjU5NQ,finished,cash,17,2.6,5,31.4,1.4,2.8,17-06-26,23:18:56,"Strada Sibiu 27, Bucuresti 061537","Strada Lujerului 2, Bucuresti"
MzI1LTI1NTc5ODk0NTItMzM3NDc5MTI4Mg,finished,business,45.6,5.6,12.2,27.6,0.5,1.7,17-06-26,23:01:26,"Strada Georges Clemenceau 1, Bucuresti","B-dul. Ghencea 24, Bucuresti 061694"
MzI1LTI1NTc5NzE5NTYtMzM3NDc1MjExNQ,finished,business,23.7,6,15.3,23.4,2,2.6,17-06-26,22:44:38,Bulevardul General Paul Teodorescu 4,"Strada D. I. Mendeleev 43, Bucuresti, Romania"
MzI1LTI1NTc5NTQ0MTEtMzM3NDcxOTM4Mw,finished,in_app,22,3,7.8,22.6,1.4,3.7,17-06-26,22:30:01,"Bulevardul Ghencea 79, Bucuresti 061699","Aleea Poiana Sibiului 6, Bucuresti"
MzI1LTI1NTc5MzIwMzItMzM3NDY3NzA5Mw,finished,in_app,52.5,6.9,16.1,25.8,0.9,3.2,17-06-26,22:11:28,"Strada Vasile Lascar 29, Bucuresti 020491","Strada Vladeasa 4, Bucuresti 061673"
MzI1LTI1NTc5MTU5ODktMzM3NDY0MzQwNw,finished,in_app,18.9,3.8,8.4,26.8,1.5,3,17-06-26,21:57:22,"Bulevardul Libertaaii 14, Bucuresti 050706","Sarroglia Hotel, Strada Vasile Lascar, Bucharest, Romania"
MzI1LTI1NTc4OTU2NzEtMzM3NDYwNTI5NA,finished,in_app,38.5,9.2,18.1,30.5,0.5,1.1,17-06-26,21:37:01,"Strada Biruinaei 172, Popesti-Leordeni","Autogara Filaret, Strada Doctor Constantin Istrati, , "
MzI1LTI1NTc4NjM1MjMtMzM3NDU0NTAyNg,finished,in_app,36.1,10.5,23.9,26.3,1.5,5,17-06-26,21:05:49,"Strada Calusei 77, Bucuresti 021353","Galaxy Residence Bloc 4 Tronson 1, Strada Biruinaei, Popesti-Leordeni, Romania"
MzI1LTI1NTc4NDU1NTItMzM3NDUxMTIyMA,finished,in_app,18.9,3.9,13.5,17.4,0.7,2.6,17-06-26,20:48:58,"Strada Ion Ghica 4, Bucuresti 030044","Vivere Rezidential, Aleea Avrig 3, Bucuresti, Romania"
MzI1LTI1NTc4MTQ0ODMtMzM3NDQ1MjgyNw,finished,in_app,34.9,8.4,21.1,23.9,0.9,2.3,17-06-26,20:20:11,"Aleea Coloana Infinitului 9, Bucuresti 062111","Strada Ion Brezoianu 39, Bucuresti"
MzI1LTI1NTc3ODU5NDQtMzM3NDM5OTc1Ng,finished,in_app,35.4,8.6,20,25.7,1,3.6,17-06-26,19:56:11,"Bulevardul Regina Elisabeta 48, Bucuresti 050018","Aleea Cuminaenia Pamantului 10, Bucharest 062141"
MzI1LTI1NTc3NjExMTctMzM3NDM1NDM1Nw,finished,in_app,23.9,6.4,14.8,26,0.8,2.4,17-06-26,19:36:03,"Strada George Valsan 41, Bucuresti 060471","Strada Dr. Paul Orleanu 8, Bucuresti, Romania"
MzI1LTI1NTc3NTEyODgtMzM3NDMzNTA0OQ,finished,in_app,17,1,3.4,17.1,1.1,5.1,17-06-26,19:27:55,"Calea Crangasi 29, Bucuresti 060334","Calea Giulesti 44, Bucuresti"
MzI1LTI1NTYzMTE3NTItMzM3MTc3NTY3MA,finished,in_app,59.9,12.6,24.2,31.4,1.5,3.8,16-06-26,20:36:00,"Barrier Regie, Complexul Studenaesc Regie","Strada Fabrica de Gheaaa 1, Bucuresti 022502"
MzI1LTI1NTYyOTMxNTQtMzM3MTczOTMyOQ,finished,cash,17,2.7,4.7,34.1,1.7,3.8,16-06-26,20:18:18,"Strada Valea Oltului 31-35, Bucuresti","Drumul Taberei 44A, Bucuresti 061391"
MzI1LTI1NTYyODA4NzQtMzM3MTcxNTEzMw,finished,in_app,17,2.4,6.9,21.3,0.6,2.4,16-06-26,20:07:34,"Prelungirea Ghencea 2, Bucuresti 061704","Str. Arefu 32, Bucuresti 052766"
MzI1LTI1NTYyNTA2NDUtMzM3MTY1OTcyNQ,finished,in_app,33.5,7.4,17.4,25.7,0.6,3.5,16-06-26,19:41:13,"Academiei Street, Old Town","Drumul Taberei 134A, Bucuresti 061415"
MzI1LTI1NTYyMzcwNTUtMzM3MTYzMzM5Mg,finished,in_app,23.9,5.4,12.3,26.6,0.8,2.9,16-06-26,19:29:13,"Strada Cararuia 40, Bucuresti","Bulevardul Regina Elisabeta 12, Bucuresti 030016"
MzI1LTI1NTYyMjQ2ODAtMzM3MTYwOTcxNg,finished,in_app,22.1,2.2,6.9,19.4,1.6,3.4,16-06-26,19:19:06,"Intrarea Tarcau 13, Bucuresti 031526","Soseaua Olteniaei 59, Bucharest"
MzI1LTI1NTYxNjEzOTMtMzM3MTQ5MDQ4MA,finished,in_app,98.8,24.4,46.5,31.5,0.2,0.6,16-06-26,18:30:39,"Therme Bucharest, Therme Bucharest","Staaia de metrou Timpuri Noi, Bucharest, Romania"
MzI1LTI1NTYwMTYxNzgtMzM3MTIyMzA4MQ,finished,in_app,117.9,22,46.8,28.2,1.4,5.1,16-06-26,16:39:18,"Splaiul Independenaei 332, Bucuresti 060033","Therme Bucharest, Therme Bucharest"
MzI1LTI1NTQ5ODgzNTgtMzM2OTIwNzk3Ng,finished,in_app,17,3.8,8.2,27.7,1,6,15-06-26,21:29:37,"Bulevardul Timisoara 26, Bucuresti 061331","Strada Locotenent Saidac Gheorghe 2A, Bucuresti 060342"
MzI1LTI1NTQ5NzA5NTEtMzM2OTE3MTM4Ng,finished,in_app,17,4.8,8.7,32.8,1.5,3.2,15-06-26,21:11:11,"Bulevardul Timisoara 101Y, 062142","Bulevardul Timisoara 14A, Bucuresti, Romania"
MzI1LTI1NTQ5NTMxMTEtMzM2OTEzNDc5OQ,finished,cash,19.1,3.6,12.6,17.4,0.4,3.7,15-06-26,20:52:48,"Intrarea Silistraru 30, Bucuresti 061427","Dedeman, Strada Valea Cascadelor 26F, Militari, Bucuresti"
MzI1LTI1NTQ5MzcwNjYtMzM2OTEwMzEwOQ,finished,in_app,26.6,5.2,14.8,20.8,0.3,1.9,15-06-26,20:35:48,"Intrarea principala, Gara de Nord","Bulevardul Timisoara 16B, Bucuresti 061421"
MzI1LTI1NTQ5MTM3MDItMzM2OTA1MzU4Nw,finished,cash,34.5,8.3,20.8,24,1.2,3.8,15-06-26,20:12:19,"Strada Soldat Lica Gheorghe 3, Bucuresti","Gara de Nord, Gara de Nord, Bucharest"
MzI1LTI1NTQ5MDE0ODAtMzM2OTAyODE4MA,finished,in_app,18.7,2.2,6.1,21.1,0.5,1.1,15-06-26,20:01:07,"Soseaua Olteniaei 61, Bucuresti","Str. Tortei 12, Bucuresti"
MzI1LTI1NTQ4ODkzNDItMzM2OTAwNDYyMw,finished,in_app,20,1.8,6.2,17.6,1.6,5,15-06-26,19:49:41,"Strada Alunisului 2-4, Bucuresti 040745","Intrarea Piaaa Sudului, Mall Sun Plaza"
MzI1LTI1NTQ4NTIyMTYtMzM2ODkzMjYyNA,finished,in_app,46.9,8.5,23.9,21.3,1.8,5.1,15-06-26,19:16:41,"Intrare Dinicu Golescu, Gara de Nord","Str. Baldana 18, Bucuresti 041381"
MzI1LTI1NTQ4MTQ1ODgtMzM2ODg2MDAyOA,finished,cash,41.8,5.9,16.6,21.5,0.8,8.4,15-06-26,18:45:26,"Soseaua Pantelimon 242, Bucuresti 021313","Leonardo Hotel City Centre, Calea Victoriei 166, Sector 1, Bucuresti"
MzI1LTI1NTQ3OTQxNzYtMzM2ODgyMTU1Nw,finished,in_app,32.9,5.3,17.6,18.1,0.6,3.4,15-06-26,18:29:07,"Strada Vasile Conta 1, Bucuresti 020951","Aleea Ilia 5, Bucuresti"
MzI1LTI1NTQ3NjY0NzYtMzM2ODc2ODc0MQ,finished,in_app,54.9,4.8,14.4,19.9,2.3,4.1,15-06-26,18:06:18,"Strada Stoica Ludescu 19, Bucuresti 012213","Sala Palatului, Strada Ion Campineanu 28, Sectorul 1, Bucuresti"
MzI1LTI1NTM1NzI0NTMtMzM2NjM2MTI3OQ,finished,in_app,41.2,12.1,30.4,23.9,0.8,1.8,14-06-26,21:49:16,"Main Exit - Subway, Alexandru Ioan Cuza Park","Strada Lujerului 42H, Bucharest"
MzI1LTI1NTM1NTU1NDUtMzM2NjMyODA0Ng,finished,in_app,14.2,3.8,11.5,19.5,0.4,0.4,14-06-26,21:31:54,"Bulevardul Pierre de Coubertin 6, Bucuresti 021902","Str. Burdujeni 10, Bucuresti 032729"
MzI1LTI1NTM1NDI3MTgtMzM2NjMwNTMyOQ,finished,cash,12.8,4.3,8.8,29,1.3,2.7,14-06-26,21:19:24,"Strada Sfanta Vineri 23, Bucuresti 030203","Intrare Parcare, Mega Mall"
MzI1LTI1NTM1MjExOTQtMzM2NjI2NDgxOQ,finished,in_app,20.4,6.8,19.1,21.4,0,0.3,14-06-26,20:57:59,"Bulevardul Iuliu Maniu 17, Bucuresti 061075","Aici, Bulevardul Unirii, Centrul Civic, Bucuresti"
MzI1LTI1NTM1MDU0MjQtMzM2NjIzNDY3MQ,finished,in_app,19.7,6,11.3,31.9,1.4,4.8,14-06-26,20:42:03,"Strada Visarion 10, Bucuresti 010424","Bulevardul Iuliu Maniu 17, Bucuresti 061075"
MzI1LTI1NTM0ODc4MzQtMzM2NjE5OTY1Mw,finished,cash,12.8,3.6,11.4,19.1,0.6,2.2,14-06-26,20:24:28,"Strada Soldat Gheorghe Zamfir 16, Bucuresti","Spitalul Floreasca, Calea Floreasca 8, Floreasca, Bucuresti"
MzI1LTI1NTM0NjUwNDgtMzM2NjE1MTU0Ng,finished,cash,29.9,9.1,16.4,33.2,1.2,3.9,14-06-26,20:03:42,"Strada Tarnava 24, Voluntari 077190","Strada Nicolae Paraschiv 18, Tei, Bucuresti"
MzI1LTI1NTM0NTIyNTgtMzM2NjEyNTcwMw,finished,cash,14.6,4.2,10.4,24.2,0.8,2.1,14-06-26,19:52:07,"Strada Craiovei 106, Voluntari","Strada Scolii 40A, Voluntari 077190"
MzI1LTI1NTM0MzYwMjEtMzM2NjA5MzUwMA,finished,cash,14.8,4.7,10.8,26.1,1.9,4,14-06-26,19:38:00,"Soseaua Andronache 7, Bucuresti","Strada Matei Millo 140G, Voluntari 010667"
MzI1LTI1NTM0MTk1MDAtMzM2NjA2MDM4Mw,finished,cash,12.8,2.3,6.2,22.2,0.6,2.1,14-06-26,19:23:38,"Soseaua Colentina 76, Bucuresti 021188","Strada Soldat Ene Niaa 87, Bucuresti"
MzI1LTI1NTM0MTE3ODctMzM2NjA0Mjk3MA,finished,cash,12.8,3.4,6.9,29.9,0.8,3.4,14-06-26,19:16:24,"Strada Drumul Garii 30, Dobroesti 077085","Bus station, Motodrome Park"
MzI1LTI1NTMzOTQ3OTItMzM2NjAwOTc1OQ,finished,cash,13.5,4.8,13.8,20.7,0.9,2.2,14-06-26,19:01:29,"Soseaua Colentina 426, Bucuresti 021195",Strada Piersicului 8
MzI1LTI1NTMzODMyMTEtMzM2NTk4NjYyOQ,finished,cash,12.8,1.9,3.8,30.3,1.2,1.8,14-06-26,18:51:05,"Soseaua Colentina 461, Bucuresti 021197","Strada Savinesti 6, Voluntari 077190"
MzI1LTI1NTMzNjQxODAtMzM2NTk0OTI0MA,finished,cash,21.6,7.3,9.8,44.5,1.4,3.6,14-06-26,18:34:06,"Bulevardul Lacul Tei 109, Bucuresti 020377","Strada Cugetarii 18, Voluntari 077190"
MzI1LTI1NTMzNTc2NTAtMzM2NTkzNjU4Mg,finished,cash,12.8,1.6,4.1,23.9,0.9,2.5,14-06-26,18:28:08,"Strada Maiorului 22, Bucuresti","Strada Dumitrana 16, Bucuresti"
MzI1LTI1NTMzMzcwMTMtMzM2NTg5Nzg5OQ,finished,business,26.9,6.3,13.2,28.7,1.6,3,14-06-26,18:09:33,"Strada Tony Bulandra 27, Bucuresti 021967","Floreasca Residence Faza II - Bloc 3-4, Strada Dambovicioarei 10-12, Tei, Bucuresti"
MzI1LTI1NTMzMTU0NTYtMzM2NTg1NzQxMw,finished,in_app,26,9.4,21.9,25.7,0.3,0.4,14-06-26,17:50:08,"Strada Vintila Mihailescu 21, Bucuresti 060395","Soseaua Iancului 21, Bucuresti 021715"
MzI1LTI1NTE5NjI5MTQtMzM2MzA0NDEwMA,finished,cash,21.8,6.1,12.8,28.7,0.9,2.4,13-06-26,22:06:40,"Strada Sulfinei 8, Pantelimon 077145","Strada Colonel Iosif Albu 122, Bucuresti, Romania"
MzI1LTI1NTE4NzQ5OTctMzM2Mjg3MzU5NQ,finished,in_app,41.9,15.5,34.1,27.3,0.6,1.4,13-06-26,21:11:17,"Piaaa Presei Libere, Piata Presei","Drumul Garii 181b, Pantelimon, Romania"
MzI1LTI1NTE4MzY5NjgtMzM2Mjc5MzQ5Mg,finished,cash,21.4,8.2,19.3,25.6,0.4,1.1,13-06-26,20:46:55,"Bulevardul Ion Constantin Bratianu 42, Bucuresti","Kong Herastrau, Soseaua Pavel Dimitrievici Kiseleff 32C, Sectorul 1, Bucuresti"
MzI1LTI1NTE4MTE1ODEtMzM2Mjc0MjA1Ng,finished,cash,12.8,3.2,14.4,13.2,0.8,2.9,13-06-26,20:31:21,"Main entrance, Northern Railway Station","Bulevardul I. C. Bratianu 6, Bucarest, Rumana"
MzI1LTI1NTE3ODc4NDUtMzM2MjY5MTc0Ng,finished,cash,13.2,2.4,7.9,18.3,1.9,3.6,13-06-26,20:16:50,"Intrare Starbucks, Centrul Comercial Orhideea","Intr. Marin Alexe 6, Bucuresti 010838"
MzI1LTI1NTE3MzYxNDctMzM2MjU4MzY5Nw,finished,in_app,15.4,2.8,7.5,22.7,1,4.3,13-06-26,19:46:17,"Calea Griviaei 6-10, Bucuresti","Soseaua Orhideelor 19, Bucuresti 060071"
MzI1LTI1NTE3MDk3MzctMzM2MjUyODEyMQ,finished,in_app,16.9,5,12.9,23,0.2,1.2,13-06-26,19:31:09,"Soseaua Nordului 41C, Bucuresti","Sagakura Calea Victoriei, Calea Victoriei 87, Bucuresti"
MzI1LTI1NTE2NDExODMtMzM2MjM5MTU2MA,finished,cash,32.9,10.5,26.1,24.1,0.5,1.7,13-06-26,18:51:00,"Strada Ramnicu Valcea 18, Bucuresti 031809","Kanz, Soseaua Nordului, Bucuresti, Romania"
MzI1LTI1NTE2MTkyNTEtMzM2MjM0ODIwNg,finished,in_app,17.2,3.6,10.1,21.6,0.8,4.8,13-06-26,18:38:30,"Soseaua Mihai Bravu 124, Bucuresti","Strada Racari 53, Bucuresti 022328"
MzI1LTI1NTE1OTQ2MjEtMzM2MjMwMTMwMw,finished,in_app,18.5,2.3,8,17.4,2.3,5.1,13-06-26,18:23:54,"Soseaua Stefan cel Mare 33, Bucuresti 020131","Strada Horei 5B, Bucuresti"
MzI1LTI1NTE1NjA4NjgtMzM2MjIzNTk3NA,finished,in_app,25.6,9.4,19.6,28.9,0.8,2,13-06-26,18:01:51,"Centrul Medical Dr. Furtuna Dan RMN/CT, Strada Progresului, Bucuresti, Romania","Strada Ritmului 24, Pantelimon, Bucuresti"
MzI1LTI1NTE1Mzg0MjEtMzM2MjE5NDIzNQ,finished,in_app,17.9,6,12.7,28.3,0.6,1.2,13-06-26,17:47:35,"Strada Nicolae Oncescu 37, Bucuresti 060463","Strada Doctor Ion Ghiulamila 29, Bucuresti"
MzI1LTI1NTA0NzEwNTgtMzM2MDA3NzIyNg,finished,in_app,12.8,1.4,2.9,29.7,1.7,2,13-06-26,1:06:17,"Splaiul Unirii 160, Bucuresti 040041","One Timpuri Noi, Strada Ion Minulescu 13, Bucuresti"
MzI1LTI1NTAzNjUyNzMtMzM1OTg2NzQ4OA,finished,in_app,18.5,6.2,11.8,31.5,1,2.4,13-06-26,0:02:32,"Strada Alexandru Locusteanu 8, Bucuresti","Aleea Lamotesti 2, Bucuresti 041028"
MzI1LTI1NTAzMTg3NzMtMzM1OTc4MzI1NQ,finished,business,28.6,12.4,23.1,32.2,3.4,6,12-06-26,23:33:13,Strada Preciziei 3N,"Strada Dunavaa 11, Rahova, Bucuresti"
MzI1LTI1NTAyOTgzMjgtMzM1OTc0Njg4Mg,finished,in_app,17,5.7,9.9,34.3,0.9,2.8,12-06-26,23:19:35,"Calea Crangasi 8, Bucuresti 060336","Str. Petuniei 1, Bucharest 061491"
MzI1LTI1NTAyNjgyMzItMzM1OTY5MjA5MA,finished,in_app,12.8,4.5,10.9,24.5,0.9,1.5,12-06-26,22:59:35,"Strada Moinesti 12, Bucuresti","Calea Crangasi 44, Bucuresti 060343"
MzI1LTI1NTAwODI4MzgtMzM1OTM1NjA3MA,finished,in_app,54.1,12.9,32.4,23.9,1.6,4.5,12-06-26,20:51:10,"Intrare Paul, Park Lake Mall","Strada Elevului 8, Bucuresti, Romania"
MzI1LTI1NTAwNTM5ODYtMzM1OTMwMzIxMw,finished,cash,16.4,3.6,12.6,17.3,0.2,2.1,12-06-26,20:31:28,"Strada Racari 22, Bucuresti 010706","Trattoria Monza, Strada Baba Novac 25, Bucuresti"
MzI1LTI1NTAwMzAzNDMtMzM1OTI2MDM3Nw,finished,cash,14,2.7,10.5,15.6,0,0.3,12-06-26,20:15:54,"Intrare Paul, Park Lake Mall","Strada Crivaaului 3, Vitan, Bucuresti"
MzI1LTI1NTAwMTkyNTYtMzM1OTIzOTY3NQ,finished,in_app,15.2,2.8,10.6,16,0.7,2.8,12-06-26,20:08:43,"Bulevardul Basarabia 112, Bucuresti 022124","Intrare Paul, Park Lake Mall"
MzI1LTI1NDk5NTgwMjQtMzM1OTEyODYxNg,finished,cash,52.4,10.9,31,21.2,2.5,5.8,12-06-26,19:31:06,"Calea Crangasi 26, Bucuresti 060339","Strada Murgeni 59, Bucuresti, Romania"
MzI1LTI1NDk5MzY3NzctMzM1OTA5MTI4NA,finished,cash,24.4,3.9,8.1,29.1,1.2,2.8,12-06-26,19:18:52,"Strada Scaeni 18, Bucuresti 060211","Strada Sangerului 29, Giulesti, Bucuresti"
MzI1LTI1NDgyMDU2ODUtMzM1NTY1ODgxNQ,finished,cash,17.2,2.5,11.8,12.5,0.9,2.1,11-06-26,18:14:08,"Bulevardul Carol I 45, Bucuresti 020914","Strada George Georgescu 19, Bucuresti 040131"
MzI1LTI1NDgxNzU5MzEtMzM1NTU5ODc0NQ,finished,in_app,20.8,2.3,12.4,11,1.8,4.8,11-06-26,17:55:15,"Bulevardul Pierre de Coubertin 2, Bucuresti 021902","Paque Bistro & More, Bulevardul Pache Protopopescu 60, Sectorul 2, Bucuresti"
MzI1LTI1NDgxNDgwNTUtMzM1NTU0MTQ1MA,finished,in_app,34.6,3.6,15.5,14.2,0.3,1.6,11-06-26,17:36:26,"Strada Aristide Pascal 39, Bucuresti","Strada Dumitru Marinescu 44, Bucuresti 021934"
MzI1LTI1NDgxMTg5OTUtMzM1NTQ4MTE3MA,finished,cash,17.3,2.3,10.2,13.4,1.2,6,11-06-26,17:16:39,"Intrarea Sectorului 1, Bucuresti 030353","Intrare Calea Dudesti, Bucuresti Mall"
MzI1LTI1NDgwNDk0NzAtMzM1NTM0NDgyNg,finished,in_app,47.1,6.1,34.9,10.4,0.1,1.1,11-06-26,16:30:25,"Strada Ermil Pangratti 20, Bucuresti 011884","Calea Calarasilor 253, Centrul Civic, Bucuresti"
MzI1LTI1NDgwMjgyMTktMzM1NTMwNTExMg,finished,in_app,22.5,2.4,15.3,9.4,0.9,3.1,11-06-26,16:15:51,"Strada Dumitru Zosima 86, Bucuresti 011539","Strada Emil Pangratti, Romanian Television"
MzI1LTI1NDgwMTU1ODYtMzM1NTI4MDQzNg,finished,in_app,14.9,3.3,9.1,21.7,0.5,2.8,11-06-26,16:07:09,"Strada Gheorghe Polizu 30, Bucuresti","Kunnai, Griviaa, Bucuresti"
MzI1LTI1NDgwMDM2ODYtMzM1NTI1ODUwNA,finished,in_app,20.5,3.6,7.2,30,0.7,1.4,11-06-26,15:59:29,"Strada Amilcar C. Sandulescu 6-10, Bucuresti","Intrarea de la metrou, Gara de Nord"
MzI1LTI1NDc5NjM1NzctMzM1NTE4MTg1Ng,finished,in_app,18.9,3.4,11.1,18.1,0.4,1.3,11-06-26,15:33:53,"Bulevardul Geniului 42C, Bucuresti","Metrou Lujerului, Militari, Bucuresti"
MzI1LTI1NDc5MzMxNzMtMzM1NTEyNzIwMw,finished,in_app,21.8,4.3,18.9,13.8,0.6,3,11-06-26,15:13:09,"Bulevardul Nicolae Balcescu 4, Bucuresti 010051","Panduri Road Entrance, The University of Bucharest"
MzI1LTI1NDc4OTk3MTEtMzM1NTA2Nzg0NQ,finished,in_app,14.2,2.4,17.7,8,0.1,0.8,11-06-26,14:50:47,"Calea Dorobanailor 133, Bucuresti","Str. Tudor Arghezi 4, Bucuresti"
MzI1LTI1NDc4NzEyNDctMzM1NTAxNTI3MQ,finished,in_app,16.4,2.8,12.4,13.5,2.2,8.9,11-06-26,14:31:53,"Strada Comana 52, Bucuresti 011274","Strada Washington 40, Bucuresti 011796"
MzI1LTI1NDc4NTMyMzQtMzM1NDk4MTk0Mw,finished,in_app,12.8,3.6,10.2,21.4,0.1,0.8,11-06-26,14:19:53,"AFI Park 2, Afi Palace Cotroceni Mall","Strada Bihor 34, Bucuresti 010944"
MzI1LTI1NDc4MzExOTgtMzM1NDk0MTgxMA,finished,cash,17.9,5.5,14.6,22.4,0.7,2.6,11-06-26,14:04:11,"Strada Roma 42A, Bucuresti 011775","Intrare Galaxy, Afi Palace Cotroceni"
MzI1LTI1NDc3OTUxNDAtMzM1NDg3NzEwMQ,finished,in_app,14.2,2.5,19.5,7.6,0.8,4,11-06-26,13:39:05,"Bulevardul Ion Mihalache 45, Bucuresti 011173","Aleea Modrogan 14, Bucuresti"
MzI1LTI1NDc3NjY0NDctMzM1NDgyNzgxOQ,finished,in_app,21.1,3.9,11.9,19.8,1.8,2.7,11-06-26,13:18:57,"Calea Crangasi 40, Bucuresti 060342","Bulevardul Banu Manta 39, Griviaa, Bucuresti"
MzI1LTI1NDcwODE5ODUtMzM1MzQzOTUxOQ,finished,in_app,12.8,6.7,10.4,38.4,0.3,0.3,11-06-26,0:33:26,"Strada Olimpului 13, Bucharest 040196","Calea Griviaei 148, Gara de Nord, Bucuresti"
MzI1LTI1NDcwNjU3NDAtMzM1MzQwMzk2Mg,finished,in_app,14.2,2,13.1,9.4,1.9,3.3,11-06-26,0:15:41,"Bulevardul Carol I 2, Bucuresti 030163","Strada Ienachiaa Vacarescu 47, Bucuresti 040157"
MzI1LTI1NDcwNDYyNzUtMzM1MzM1ODkzMQ,finished,in_app,12.9,3.8,9.3,24.2,0.3,2.1,10-06-26,23:56:02,"Bulevardul Dimitrie Cantemir 2-2A, Bucuresti 040231","Soseaua Olteniaei 50-52, Bucuresti 041317"
MzI1LTI1NDcwMDUzNjctMzM1MzI3Mjc3Mg,finished,in_app,24.7,7.7,19.8,23.4,1.6,4.9,10-06-26,23:14:25,"Strada Biserica Amzei 12, Bucuresti 010394","Strada Sublocotenent Popa 8, Bucuresti"
MzI1LTI1NDcwMDA2MDEtMzM1MzI2MjY5Nw,finished,in_app,12.8,2.4,6.6,21.4,0.1,0.5,10-06-26,23:10:03,"Strada Economu Cezarescu 47, Bucuresti 060754","ZAP AMANET - Gara de Nord, Bulevardul Gheorghe Duca, Bucuresti, Romania"
MzI1LTI1NDY5NzkwODgtMzM1MzIxOTE4Nw,finished,in_app,19.4,4.8,12.3,23.7,1.2,3.5,10-06-26,22:50:56,"Strada Ankara 12, Bucuresti 011833","Str. Alexandru Iacobescu 23, Bucuresti 060755"
MzI1LTI1NDY5NzI2NTQtMzM1MzIwNDM0NQ,finished,in_app,12.8,2.5,6.8,21.5,1,2.4,10-06-26,22:43:45,"Piaaa Roma / Strada Lipscani, Centrul Vechi","Capital Plaza Hotel, Bulevardul Iancu de Hunedoara 54, Dorobanai, Bucuresti"
MzI1LTI1NDY5NDkyMjctMzM1MzE1NzMyMQ,finished,cash,18.7,7.4,15.7,28.4,0,0.5,10-06-26,22:20:54,"Strada Gura Padinii 15, Bucuresti","Dristor Doner Kebap (Budapesta), Bulevardul Dimitrie Cantemir 22A, Sectorul 4, Bucuresti"
MzI1LTI1NDY5MzgxODQtMzM1MzEzNTM3NA,finished,cash,12.8,3.4,8.9,22.8,1.1,3.1,10-06-26,22:11:10,"Aleea Imasului 4, Bucuresti 052335","Strada Gura Padinii 19, Bucuresti, Romania"
MzI1LTI1NDY5MjY5ODctMzM1MzExMjI4NA,finished,cash,12.8,4.5,8.5,31.9,0.6,1,10-06-26,22:01:08,"Bulevardul Dimitrie Cantemir 10B, Bucuresti","Zeaarilor, Ferentari, Bucuresti"
MzI1LTI1NDY5MDcxNDYtMzM1MzA3MjA4Mw,finished,in_app,14.3,4.1,10.9,22.8,1.7,5.8,10-06-26,21:43:11,"Strada Stirbei Voda 168, Bucuresti 010121","Strada Cuza Voda 50, Sector 4, Bucuresti"
MzI1LTI1NDY4OTI4NjMtMzM1MzA0NDgzMQ,finished,in_app,14,3.5,10.8,19.2,1.4,2.1,10-06-26,21:29:58,"Calea Vitan 12, Bucuresti 031296","Mario's Osteria Van, Strada Domniaa Anastasia 4, Bucuresti"
MzI1LTI1NDY4NjI2ODMtMzM1Mjk4NzE2Ng,finished,in_app,25.5,8.6,24.2,21.4,1.7,1.9,10-06-26,21:03:21,"Strada Afluentului 1, Bucuresti 010945","Soseaua Mihai Bravu 434, Bucuresti 030329"
MzI1LTI1NDY4NDI1NzktMzM1Mjk1MDM5MQ,finished,in_app,13.3,4,14.3,16.9,0,0.9,10-06-26,20:46:16,"Strada Serg. Ion Marcu 2, Bucuresti 061424","Beat Bar Umanist, Calea Plevnei 137A, Sector 6, Bucuresti"
MzI1LTI1NDY4MjUyNDMtMzM1MjkxODEwMQ,finished,in_app,17.8,4.4,11.6,22.6,2.4,4.4,10-06-26,20:31:29,"Splaiul Independenaei 290C, Bucuresti","Strada Serg. Alexandru Cutieru 25A, Bucharest 061422"
MzI1LTI1NDY3OTEyMTAtMzM1Mjg1NDkxNA,finished,cash,21.6,5.8,20.4,17.2,1.7,1.4,10-06-26,20:02:43,"Calea Floreasca 194, Bucuresti 014472","Strada Porumbacu 58, Bucuresti"
MzI1LTI1NDY3NzQ1MzgtMzM1MjgyNTIzNQ,finished,in_app,23.6,7.1,16.4,25.9,0.6,1.4,10-06-26,19:49:19,"Strada Zboina Neagra 7, Bucuresti 060453","Calea Floreasca Bvd. exit, Promenada Mall"
MzI1LTI1NDUyMDI2MjgtMzM0OTkxODAzNA,finished,cash,52,8.5,27.9,18.2,1.4,4.3,09-06-26,18:02:48,"Strada Profesor Doctor Stefan S. Nicolau 7, Bucuresti","Strada Radulescu Musat 5, Bucuresti"
MzI1LTI1NDUxNzcxMDEtMzM0OTg3MTQzNQ,finished,in_app,22.4,2.4,14.8,9.5,0.7,2.8,09-06-26,17:43:05,"Strada Rodiei 3, Bucuresti","Bulevardul Camil Ressu 15, Bucuresti 031733"
MzI1LTI1NDUxNTQzMDQtMzM0OTgyODg1Mw,finished,cash,24.9,1.4,8,10.9,0.4,2.5,09-06-26,17:25:50,"Strada Siminocului 38A, Bucuresti","Piaaa Alba Iulia 5, Bucharest, Romania"
MzI1LTI1NDUxMjM4NTAtMzM0OTc3MDk5OA,finished,cash,21,2.9,19,9.1,1,4.3,09-06-26,17:03:30,"Strada Mantuleasa 22, Bucuresti 023962","Strada Branduselor 2-4, Centrul Civic, Bucuresti"
MzI1LTI1NDUxMDk1NzAtMzM0OTc0NDI5MQ,finished,in_app,16.5,1.9,6.5,17.4,0.5,1.4,09-06-26,16:53:05,"Splaiul Unirii 165, Bucuresti 030133","Strada Robescu F. Constantin 21, Bucharest, Romania"
MzI1LTI1NDUwNjY1NDgtMzM0OTY2NTc2MQ,finished,in_app,36.8,5.3,28.8,10.9,1,3.1,09-06-26,16:20:58,"cole Franaise Internationale de Bucarest, Bulevardul Dacia 12, Sectorul 1, Bucuresti",Strada Calugareni 10
MzI1LTI1NDUwNDA0NTYtMzM0OTYxODU5NA,finished,in_app,16.5,2.6,15.2,10.2,0.8,3.9,09-06-26,16:02:10,"Strada Venezuela 8, Bucuresti 011834","Strada Semicercului 2, Bucuresti 010975"
MzI1LTI1NDUwMjYwMTctMzM0OTU5MjI2MQ,finished,in_app,18.9,2.9,8.8,19.4,0.9,3,09-06-26,15:52:05,"Strada Nicolae Iorga 30, Bucuresti","Strada Nicolae Constantinescu 10, Bucuresti 011713"
MzI1LTI1NDQ5NzY5NzctMzM0OTUwMzc1MQ,finished,in_app,33.2,9.9,30.8,19.4,0.3,0.7,09-06-26,15:17:33,"Strada Semenic 1, Bucuresti 041033","Universitatea Nationala de Arte Bucuresti (UNArte), Bucuresti"
MzI1LTI1NDQ5Mjk5MTYtMzM0OTQyMjEwNA,finished,in_app,39.7,9.4,26.2,21.4,1,3.1,09-06-26,14:43:21,"Bulevardul 1 Mai 43, Bucuresti 061628","Aleea Cetatea Veche 4, Bucuresti 041025"
MzI1LTI1NDQ5MTMxNTgtMzM0OTM5MzQ4MQ,finished,in_app,12.8,2,7,17.5,1.3,3.1,09-06-26,14:31:34,"Intrarea Mistretului 47, Bucuresti","Aleea Compozitorilor 20, Bucuresti 061606"
MzI1LTI1NDQ4ODg2OTItMzM0OTM1MjA0Mg,finished,cash,13.7,4.2,14.2,17.6,0.9,3.5,09-06-26,14:13:21,"Calea 13 Septembrie 133, Bucuresti","Drumul Taberei 138, Bucuresti 061415"
MzI1LTI1NDQ4NTczMzAtMzM0OTMwMDgwNg,finished,cash,15.7,6.7,18.7,21.4,1.8,5.2,09-06-26,13:49:21,"Strada Moinesti 2B, Bucuresti","Salon Beauty Carita, Strada Mihail Sebastian, Bucuresti, Romania"
MzI1LTI1NDQ4MjE1MjYtMzM0OTI0MzI5Ng,finished,in_app,12.8,4.5,13.5,20.1,0.8,3.3,09-06-26,13:22:39,"Strada Mehadia 16, Bucuresti 060543","Strada Fabricii 46g, Bucharest, Romania"
MzI1LTI1NDQwMjkzNDktMzM0Nzc5MDI1Ng,finished,cash,17.9,4.5,13.5,20,1.6,4.7,08-06-26,19:54:06,"Strada Zambilelor 4, Bucuresti 023783","Gara de Nord, Gara de Nord, Bucuresti"
MzI1LTI1NDQwMDI2MjMtMzM0Nzc0MzI0Nw,finished,in_app,17.9,4.8,14,20.7,0.8,2.1,08-06-26,19:28:10,"Bulevardul Octavian Goga 6, Bucuresti 030982","Strada Teiul Doamnei 14, Bucuresti"
MzI1LTI1NDM5Nzk1MjQtMzM0NzcwMjMzNw,finished,in_app,16.3,5,15.9,18.7,0.6,2.7,08-06-26,19:07:09,"Strada George Enescu 21, Bucuresti 010303","Strada Alexandru Moruzzi Voievod 4, Bucuresti"
MzI1LTI1NDM5NDEwMDItMzM0NzYzNTE4MQ,finished,in_app,25.7,6.6,20.9,19,1,5.3,08-06-26,18:34:09,"Aleea Ilia 5, Bucuresti","Str. Caderea Bastiliei 12, Bucuresti 010615"
MzI1LTI1NDM5MTIwOTQtMzM0NzU4MjUwNg,finished,cash,19.7,4.4,23.9,11,0.3,2,08-06-26,18:09:08,"Piaaa Pache Protopopescu 12, Bucuresti 021402","Strada Delfinului 24, Bucuresti 022356"
MzI1LTI1NDM4NjQ1MzItMzM0NzQ5NzkxMw,finished,in_app,20,4.5,15.8,17.3,0.6,3.8,08-06-26,17:29:38,"Strada Colonel Iosif Albu 17, Bucuresti","18 Gym Fitness Club Bucuresti, Pantelimon, Bucuresti"
MzI1LTI1NDM4MjAzODktMzM0NzQyMDM4Nw,finished,cash,65.8,23.8,32.9,43.3,1.2,3,08-06-26,16:53:30,"Strada Principala 351, Sintesti 077187","Strada Sergent Petre Petre, Bucuresti, Romania"
MzI1LTI1NDM3OTgwMzYtMzM0NzM4Mjk1MA,finished,cash,34.6,9.9,16.6,35.8,0.5,1.5,08-06-26,16:35:32,"Strada Turnu Magurele 28, Bucuresti 041711","Biserica Sintesti, Sintesti"
MzI1LTI1NDM3ODY3NzMtMzM0NzM2MzcwNw,finished,cash,12.8,2.2,6.5,20.5,0.7,2.9,08-06-26,16:26:36,"Strada Eternitaaii 29, Bucuresti","Strada Luica 198-202, Sectorul 4, Bucuresti"
MzI1LTI1NDM3NTkzMjYtMzM0NzMxNzAyMw,finished,cash,20.2,4.6,20.3,13.7,0.8,2.3,08-06-26,16:04:45,"Strada Mitropolitul Veniamin Costache 18, Bucuresti, Romania","Stadionul Progresul, Giurgiului, Bucuresti"
MzI1LTI1NDM3MzE5MjYtMzM0NzI2OTIwNQ,finished,in_app,23.9,6.3,18,21.1,0.5,1.2,08-06-26,15:43:26,"Aleea Istru 7, Bucuresti 061911","Gradinita Ana Lugojana, Strada Constantin Miculescu, Bucharest, Romania"
MzI1LTI1NDM2OTQxMTMtMzM0NzIwMzUyMg,finished,in_app,26.2,7.9,23.6,20.1,0.4,5.8,08-06-26,15:13:31,"Flanco Entrance, Orhideea Commercial Center","Prelungirea Ghencea 38-40, Sector 6, Bucuresti"
MzI1LTI1NDI5ODg0ODQtMzM0NTg2MjM4OQ,finished,in_app,30,9.8,17.4,33.7,1.4,2.6,08-06-26,1:05:32,"Strada Liviu Rebreanu 17, Bucuresti 031775","Bulevardul Banu Manta 18, Griviaa, Bucuresti"
MzI1LTI1NDI5NzAyNjYtMzM0NTgxMjAwMg,finished,cash,38.5,8,14.3,33.4,3.4,6.4,08-06-26,0:36:59,"Strada Poiana Florilor 10, Bucuresti 040147","Bulevardul 1 Decembrie 1918 35, Bucuresti 032456"
MzI1LTI1NDI5NjU1MzktMzM0NTc5ODI1MQ,finished,business,19.9,1.6,4.8,19.8,1.6,4.5,08-06-26,0:29:23,"Calea Rahovei 358, Bucuresti 050918","Strada Peciu Nou 31A, Ferentari, Bucuresti"
MzI1LTI1NDI5NDI3MTMtMzM0NTc0MjQ1NA,finished,cash,17,1.8,3.2,33.4,1.6,2.6,07-06-26,23:58:49,"Strada Coralului 4, Bragadiru 077025","Strada Nazuinaei 10, Bragadiru 077025"
MzI1LTI1NDI5MjE2MzctMzM0NTY5NTYyMg,finished,cash,49.9,9.7,17.1,34,2.9,3.2,07-06-26,23:32:46,"Strada Sfantul Ilie 2, Bucuresti 040114","Store entrance, Leroy Merlin Bragadiru"
MzI1LTI1NDI5MTA5MTAtMzM0NTY3MDU1OQ,finished,cash,20.4,1.5,3.3,26.7,3.4,4.2,07-06-26,23:19:03,"Strada Crivaaului 2, Bucuresti","Aleea Tandala 5, Bucuresti 030138"
MzI1LTI1NDI4OTY1NzMtMzM0NTYzOTgzMg,finished,cash,17,1.6,2.2,44,1.5,2.5,07-06-26,23:03:21,"Strada Turnu Magurele 14, Bucuresti","Strada Moldoviaa 15, Bucuresti 041812"
MzI1LTI1NDI4NjQxNTAtMzM0NTU3MzQ5Mw,finished,cash,67.4,17.2,32.5,31.7,0,0.2,07-06-26,22:27:37,"Beraria H, Beraria H","Strada Postalionului 79B, Bucuresti, Romania"
MzI1LTI1NDI4NDU2MzAtMzM0NTUzODMxMg,finished,cash,22,3.6,6.3,34.5,1,2.2,07-06-26,22:08:29,"Calea Giulesti 109, Bucuresti 060257","Strada Arhitect Ion Mincu 7, Aviatorilor, Bucuresti"
MzI1LTI1NDI0NDM1MzMtMzM0NDgxNzQzMw,finished,in_app,22.9,5.7,11.3,30.1,0.7,2.3,07-06-26,15:16:14,"Strada Selari 2, Bucuresti","Strada Amilcar C. Sandulescu 6-10, Bucuresti"
MzI1LTI1NDI0MjMyMjQtMzM0NDc4MzEzMg,finished,cash,22.1,3.9,13.8,17.1,1.5,4,07-06-26,14:54:48,"Soseaua Colentina 2, Bucuresti 021172","Manastirea Radu Voda, Strada Radu Voda 24A, Centrul Civic, Bucuresti"
MzI1LTI1NDIzOTA4NDUtMzM0NDcyODc1MQ,finished,in_app,72.6,18.4,33.3,33.2,0.3,1.1,07-06-26,14:20:59,"Bulevardul Aeroportului 13, Hilton Garden Inn Otopeni","Bulevardul Dacia 136, Bucuresti, Romania"
MzI1LTI1NDIzMDY3NjAtMzM0NDU5MTMwNA,finished,in_app,84.9,17,30.9,32.9,1.7,4.4,07-06-26,12:52:41,"Radisson Blu, Radisson Blu Hotel Bucharest","Departures Terminal, Bucharest Henri Coanda Airport (OTP)"
MzI1LTI1NDE1OTIxMzAtMzM0MzEyODA4MA,finished,cash,29.1,4,9.8,24.5,0.9,2.8,07-06-26,0:38:35,"Bulevardul Regina Elisabeta 12, Bucuresti 030016","Strada Chiristigiilor 30, Bucuresti 021563"
MzI1LTI1NDE1MTY2MjUtMzM0Mjk3MjMzNQ,finished,in_app,63.2,14.8,21.2,41.8,3.7,7.1,07-06-26,0:01:43,"Str. Campului 6, Otopeni","Intrarea Stirbei Voda 5, Bucuresti"
MzI1LTI1NDE0NzQ3MzMtMzM0Mjg3NzIzMg,finished,cash,89.9,20.9,22.6,55.4,1.7,4.6,06-06-26,23:36:18,"Strada Tache Ionescu 1, Bucuresti, Romania","Strada Primaverii 4, Tunari, Romania"
MzI1LTI1NDE0NDk1NzYtMzM0MjgyNTUxNA,finished,in_app,27.7,3.1,9.9,18.6,1.5,3.5,06-06-26,23:21:37,"Strada Traian 179, Bucuresti 024043","Strada Ion Brezoianu 34, Bucuresti"
MzI1LTI1NDE0MTc3MjItMzM0Mjc2MjY2Mg,finished,in_app,59.8,8.9,15.7,34,0.1,1.1,06-06-26,23:02:35,"Drumul Sarii 1, Bucuresti 060151","Soseaua Colentina 1, Bucuresti 021151"
MzI1LTI1NDEzODI2ODItMzM0MjY5MzQ0NQ,finished,in_app,17,3.5,6.1,34.7,0.7,1.8,06-06-26,22:39:42,"Strada Slt. Gheorghe Ionescu 22A, Bucuresti","Strada Luica 37, Bucuresti"
MzI1LTI1NDEzNDMzMjgtMzM0MjYxOTA3MQ,finished,in_app,53.4,10.5,21.8,28.9,0.8,1.4,06-06-26,22:12:02,"Bulevardul Timisoara 4A, Bucuresti 061344","Strada Orgu Tanase 15, Bucuresti"
MzI1LTI1NDEzMDEwNjctMzM0MjUzOTM4Ng,finished,in_app,48.3,12.2,21.1,34.8,1.6,3.7,06-06-26,21:42:04,"Drumul Lunca Tarnavei 20E, Bucuresti","Str. Petre Ispirescu 3, Bucuresti 051021"
MzI1LTI1NDEyODcyOTUtMzM0MjUxMzczOQ,finished,cash,17,2.6,6.4,24.1,1,1.3,06-06-26,21:31:24,"Bulevardul Nicolae Grigorescu 45, Bucuresti 030443","Aleea Perisoru 8, Bucuresti"
MzI1LTI1NDEyNTU2NzgtMzM0MjQ1NTUzMg,finished,in_app,21,5,13,23,0.6,3.3,06-06-26,21:07:41,"Intrare Principala, Mega Mall","Aleea Fetesti 6, Bucuresti"
MzI1LTI1NDEyMzgwNjAtMzM0MjQyMjAyMA,finished,cash,22.9,5.3,11.6,27.5,0.8,2.4,06-06-26,20:54:56,"Strada Locotenent Nicolae Pascu 2, Bucuresti","Aleea Hobiaa 1A, Pantelimon, Bucuresti"
MzI1LTI1NDEyMjA2NjctMzM0MjM4ODI2MA,finished,in_app,20.9,5,11.9,25.3,0,0.1,06-06-26,20:42:27,"Bulevardul Ion Constantin Bratianu 34, Bucuresti","Aleea Sublocotenent Adrian Carstea 1, Bucuresti"
MzI1LTI1NDEyMDMwOTYtMzM0MjM1NDg0NQ,finished,cash,17.2,2.1,7.3,17.6,1.3,2,06-06-26,20:30:09,"Calea Calarasilor 156, Bucuresti 030628","Rome Square / Lipscani Street, Old Town"
MzI1LTI1NDExOTE1NzQtMzM0MjMzMTUwOA,finished,in_app,17,2.8,6.7,24.6,0.8,3.4,06-06-26,20:21:39,"Strada C. A. Rosetti 34, Bucuresti","Gloria Jean's Coffees Traian, Bulevardul Unirii, Bucharest, Romania"
MzI1LTI1NDExNjYxOTYtMzM0MjI4MzUwNw,finished,cash,21.9,4,11.2,21.7,2.3,5,06-06-26,20:04:16,"Entrance JW Marriott Grand Hotel, JW Marriott Bucharest Grand Hotel","Radisson Blu, Radisson Blu Hotel Bucharest"
MzI1LTI1NDExMjk5MTctMzM0MjIxMjM4MQ,finished,in_app,50.5,6,18.4,19.4,3.6,6.2,06-06-26,19:39:05,"Aleea Baia de Aries 3, Bucuresti","Cinemateca ""Eforie"", Strada Eforie, Bucharest, Romania"
MzI1LTI1NDAwNzc5MzctMzM0MDMwNjI2OA,finished,in_app,54.4,13.1,22.6,34.7,1.1,1.4,06-06-26,1:50:34,"Strada Lotrioara 3, Bucuresti 032162","Strada Valea Ialomiaei 4, Drumul Taberei, Bucuresti"
MzI1LTI1NDAwNTg0MTItMzM0MDI2Nzk4MA,finished,business,22,5.2,6.7,46.2,0.6,1.1,06-06-26,1:34:59,"Aleea Suraia 4, Bucuresti","Hils Pallady, Bulevardul Theodor Pallady 66A, Titanul Nou"
MzI1LTI1NDAwMzEzOTctMzM0MDIxNjMxMg,finished,in_app,34.8,7.3,14.6,30,0.9,2.4,06-06-26,1:15:29,"Strada Cornelia 26, Bucuresti 040181","Bulevardul Theodor Pallady 5, Bucuresti"
MzI1LTI1Mzk5OTAzOTctMzM0MDEzNTE1MQ,finished,in_app,20.1,3.8,7.6,29.8,1.1,2.5,06-06-26,0:47:40,"Strada Doctor Mihai Ciuca 10, Bucharest","Club Expirat, Strada Doctor Constantin Istrati 1"
MzI1LTI1Mzk5NzQ2NzgtMzM0MDEwMzEwOQ,finished,cash,29.9,2.3,5.6,24.2,0.5,0.3,06-06-26,0:36:24,"Splaiul Independenaei 179, Bucuresti 010271","Strada Progresului 29, Bucuresti"
MzI1LTI1Mzk5NTIyMDMtMzM0MDA1ODY5NQ,finished,business,20.6,1.1,5.3,12.3,0.2,0.8,06-06-26,0:21:14,Drumul Taberei 89B,"Strada Delinesti 6, Drumul Taberei, Bucuresti"
MzI1LTI1Mzk5MzA2MDAtMzM0MDAyMjk5MA,finished,cash,29.4,6.2,9.9,37.5,1.7,2.6,06-06-26,0:08:48,"Strada Zinca Golescu 28, Bucuresti 060241","Strada Segarcea 1, Bucharest"
MzI1LTI1Mzk5MDQ1NDEtMzMzOTk2ODE2MA,finished,in_app,22.1,5.8,10.5,33.3,0.4,2,05-06-26,23:49:52,"Strada Sibiu 7, Bucuresti 061344","Str. Nicolae Oncescu 6, Bucharest 060465"
MzI1LTI1Mzk4OTQ1NzQtMzMzOTk0OTU1Mw,finished,in_app,19.9,2.8,6.5,26.3,1,2,05-06-26,23:42:54,"Strada Doctor Carol Davila 57, Bucuresti","Strada Sibiu 10, Drumul Taberei, Bucuresti"
MzI1LTI1Mzk4NjkwMDctMzMzOTkwMzQ3NQ,finished,in_app,29.4,5.2,12.7,24.8,1.3,3.4,05-06-26,23:25:23,"Arcul de Triumf, Sectorul 1, Bucuresti","Strada Doctor Petre Herescu 16, Cotroceni, Bucuresti"
MzI1LTI1Mzk4NDgzMDUtMzMzOTg2NTc1NA,finished,in_app,31.5,4.7,12.3,22.7,0.9,2.4,05-06-26,23:10:32,"Strada C. A. Rosetti 34, Bucuresti","Bulevardul Ion Mihalache 123, Bucuresti"
MzI1LTI1Mzk4MjE3OTYtMzMzOTgyMTEzNg,finished,in_app,34.9,8.5,16.5,30.9,2.7,4.5,05-06-26,22:52:43,"Strada Emil Racoviaa 39, Voluntari 077190","Bucharest National Theatre TNB, Universitatii Square"
MzI1LTI1Mzk3OTcwODUtMzMzOTc3NTkwOQ,finished,in_app,44.1,6.2,10.9,34.1,0.2,0.9,05-06-26,22:31:56,"Strada Serban Cantacuzino 186, Voluntari 077190","Strada Constelaaiei 42G, 077191"
MzI1LTI1Mzk3Njg5MzUtMzMzOTczMDQ5OA,finished,in_app,39.9,12.7,22.1,34.4,1.7,2.4,05-06-26,22:10:03,"Strada Grigore Cobalcescu 7, Bucuresti 010191","Strada Serban Cantacuzino 59, Voluntari"
MzI1LTI1Mzk3NDIwMjItMzMzOTY4NDI2MA,finished,in_app,24.3,6.8,18.3,22.3,1.3,2.6,05-06-26,21:49:17,"Strada Postavarul 94, Bucuresti 032425","Manuc's Inn, Old Town"
MzI1LTI1Mzk3MDMyNDUtMzMzOTYyMDc0NQ,finished,cash,24.1,6.3,14.6,26.1,1.7,3.9,05-06-26,21:19:10,"Bulevardul Alexandru Obregia 37, Bucuresti 041732","Strada Vlahiaa 6, Titan - Balta Alba, Bucuresti"
MzI1LTI1Mzk2Mzc2ODctMzMzOTUwNjQwNQ,finished,in_app,33.7,5.2,13.6,23,0.2,0.8,05-06-26,20:30:52,"Aleea Oltului 2b, 077160 Popesti-Leordeni, Romania","Bulevardul Metalurgiei 57-59, Bucharest 042147"
MzI1LTI1Mzk2MjA1NjMtMzMzOTQ3NzI3Mw,finished,cash,17.9,3.5,7.5,27.9,0.4,1.1,05-06-26,20:18:51,"Strada Anton Bacalbasa 17, Bucuresti 042054","Strada Bateriei 46s, Popesti-Leordeni 077160"
MzI1LTI1Mzk1NjU5NzMtMzMzOTM4NjA5Nw,finished,in_app,23.9,4.2,11.6,21.8,1.4,5.2,05-06-26,19:43:42,"Intrarea Solca 30, Bucuresti","Strada Caporal Ion Gheorghe 9, Bucuresti"
MzI1LTI1Mzk1NDUzMTUtMzMzOTM1MDA5NQ,finished,cash,17.2,2.9,8.5,20.1,0.3,0.5,05-06-26,19:29:51,"Strada Trompetului 66A, Bucuresti 052277","Strada Motrului 20, Giurgiului, Bucuresti"
MzI1LTI1Mzk1MDMwMDAtMzMzOTI3NTcwOQ,finished,in_app,43.9,7.9,19.6,24.2,1.7,5.7,05-06-26,19:02:18,"Calea Griviaei 176A, Bucuresti 010748","Strada Lacul Orza 13, Bucuresti 052285"
MzI1LTI1Mzk0OTYwNTgtMzMzOTI2MzE0MQ,finished,cash,18.9,1.3,4,20.1,0.3,0.5,05-06-26,18:57:58,Calea Crangasi 14,"Strada Prunaru 6, Giulesti, Bucuresti"
MzI1LTI1MzgzMDAxMTYtMzMzNzEyNjczNw,finished,business,17,2.9,6.2,27.8,0.9,7.3,04-06-26,22:43:23,"Strada Liviu Rebreanu 30F, Titan - Balta Alba, Bucuresti","Strada Campia Libertaaii 46, Bucuresti, Romania"
MzI1LTI1MzgyODA3NzItMzMzNzA4OTM1NQ,finished,in_app,31.7,5.8,11.6,29.9,1.1,4,04-06-26,22:24:45,"Strada Matei Voievod 66bis, Bucuresti 021456","Aleea Onisifor Ghibu 6, Bucuresti 032447"
MzI1LTI1MzgyNDA0OTMtMzMzNzAxMjEzMw,finished,in_app,73.6,16.9,36.4,27.8,0,0.2,04-06-26,21:46:43,"Splaiul Independenaei 202D, Bucuresti 060022","Strada Theodor D. Speranaia 123, Centrul Civic, Bucuresti"
MzI1LTI1MzgyMjAyNTYtMzMzNjk3NDk5Ng,finished,in_app,29.6,6.7,19.3,20.8,1.1,2.2,04-06-26,21:26:52,"Strada Piscului 11, Bucuresti 040402","Splaiul Independenaei 202H, Bucuresti 060022"
MzI1LTI1MzgxOTI1NzUtMzMzNjkyNTIxOA,finished,cash,22.6,6,13.5,26.8,0.6,2.5,04-06-26,21:00:08,"Calea 13 Septembrie 229, Bucuresti","Staaia Metrou Constantin Brancoveanu, Sectorul 4, Bucuresti"
MzI1LTI1MzgxODE3NjYtMzMzNjkwNjU0OA,finished,in_app,17,2.5,7.1,20.8,1.5,2.7,04-06-26,20:49:38,"Galaxy Entrance, Afi Palace Cotroceni Mall","Strada Novaci 6, Bucuresti 051728"
MzI1LTI1MzgxNjczNDUtMzMzNjg4MDg4NQ,finished,in_app,21,5,10.1,29.9,0.1,0.6,04-06-26,20:35:42,"Far Entrance, Afi Palace Cotroceni Mall","Splaiul Independenaei 313A, Bucharest 060042"
MzI1LTI1MzgxMjc0NTktMzMzNjgwOTYwNA,finished,in_app,31.8,3.6,11.6,18.7,1.7,4.3,04-06-26,19:59:41,"Aleea Politehnicii 10, Bucuresti","Bulevardul Timisoara 16B, Bucuresti 061421"
MzI1LTI1MzgxMDM5ODgtMzMzNjc2ODg2Mw,finished,cash,22.5,4,14.5,16.7,1.4,5,04-06-26,19:39:13,"Bulevardul Banu Manta 83, Bucuresti","Bingo Chez Gabi, Bulevardul Iuliu Maniu 11, Militari, Bucuresti"
MzI1LTI1MzgwODkyNDItMzMzNjc0MzE5NA,finished,in_app,27.2,3.5,9.3,22.5,0.8,3,04-06-26,19:26:45,"Calea Crangasi 29, Bucuresti 060312","Cinema Muzeul Taranului, Soseaua Pavel Dimitrievici Kiseleff 3, Sectorul 1, Bucuresti"
MzI1LTI1MzcwNjYwMTItMzMzNDkzMDkxNA,finished,in_app,21.8,6,18,20.2,1.3,2.7,04-06-26,0:37:59,"Strada Dumitru Papazoglu 1, Bucuresti","Camin E, Grozavesti, Bucuresti"
MzI1LTI1MzcwNTAwNTEtMzMzNDg5MDMzMw,finished,cash,18.8,2.3,6.3,21.8,0.8,2.3,04-06-26,0:21:36,"Strada Schitului 9, Bucuresti 032041","Rainbow, Bulevardul Decebal 14, Centrul Civic, Bucuresti"
MzI1LTI1MzcwMjk3NTktMzMzNDg0MjQzMw,finished,in_app,25.5,5.2,10.4,29.9,1.6,5.8,04-06-26,0:03:05,"Strada Popa Nan 7, Bucuresti 024075","Strada Lacramioarei 54, Vitan, Bucuresti"
MzI1LTI1MzcwMTM5MDUtMzMzNDgwNTUwMA,finished,in_app,33.6,5.3,12.2,26,2.8,5.2,03-06-26,23:48:11,"Calea Victoriei 224, Bucuresti 010099","Soseaua Iancului 19, Bucuresti 021714"
MzI1LTI1MzY5OTg1NTAtMzMzNDc3MjA3OQ,finished,in_app,17,2.2,3.8,34.8,1.9,2.6,03-06-26,23:32:33,"Strada Dimitrie Grozdea 10, Bucuresti","Soseaua Pantelimon 3-15, Bucharest, Romania"
MzI1LTI1MzY5NTgzOTQtMzMzNDY4NzIzOQ,finished,cash,53.5,13,24.4,32,1.1,3.1,03-06-26,22:53:30,"Strada Benjamin Franklin 1-3, Bucuresti 010287","Strada Prelungirea Garii Caaelu 48, Bucuresti, Romania"
MzI1LTI1MzY5MzE0NDItMzMzNDYzNzgxMg,finished,in_app,31.9,7.6,16.4,28,2.4,7.6,03-06-26,22:28:45,"Strada Valea Morii 6A, Bucuresti 014356","Control Club, Strada Constantin Mille, Bucharest, Romania"
MzI1LTI1MzY5MTkxOTYtMzMzNDYwNzU0NQ,finished,cash,27.7,2.8,12.2,13.9,1.6,0.8,03-06-26,22:14:11,"Bulevardul Pipera 1i, 077190","Metrou Pipera, Bucuresti"
MzI1LTI1MzY4ODIzMTEtMzMzNDUzNDY3Mg,finished,cash,35.3,9,18.5,29.1,0.7,2.6,03-06-26,21:39:18,"Bulevardul General Gheorghe Magheru 1, Bucuresti 010281","Vitamed Beauty, Soseaua Bucuresti Nord, Voluntari, Romania"
MzI1LTI1MzY4NjQ3MzUtMzMzNDQ5NzQwNg,finished,in_app,17,1.8,5.3,20.3,1.7,2.7,03-06-26,21:22:19,"Strada Nicolae Leonard 12, Bucuresti 021888","Old Mike, Strada Matei Elina Voievod 67, Sector 2, Bucuresti"
MzI1LTI1MzY4MjQ5MTktMzMzNDQwODYyNA,finished,in_app,47.4,12.6,30.8,24.6,0.1,0.6,03-06-26,20:47:00,"Bloc A6, Drumul Taberei 65, Bucharest, Romania","Strada Elev Stefan Stefanescu 11, Bucharest, Romania"
MzI1LTI1MzY3OTM2MzQtMzMzNDMzNTgzOA,finished,cash,27.1,5.5,14.2,23.4,1.4,2.5,03-06-26,20:20:29,"Intrare vizitatori, Spitalul Universitar de Urgenaa Bucuresti","Str. Pascani 1, Bucuresti 062081"
MzI1LTI1MzY3Nzc2ODMtMzMzNDI5OTQ2Nw,finished,in_app,23.9,3.8,10.4,21.5,1.4,3,03-06-26,20:07:31,"Strada Rasuri 19, Bucuresti","Intrare Dinicu Golescu, Gara de Nord"
MzI1LTI1MzY3NDU0MzUtMzMzNDIyOTY2MQ,finished,in_app,31.5,6.2,15,24.8,0.5,1.9,03-06-26,19:42:22,"Calea Griviaei 142, Bucuresti 010741","Strada Teiul Doamnei 1, Bucuresti"
MzI1LTI1MzY3MzI1NDItMzMzNDIwMDMxMg,finished,in_app,18.9,4.1,10.9,22.6,0.3,0.5,03-06-26,19:32:03,"Bulevardul General Paul Teodorescu 4, Bucuresti 061344","Gara de Nord, Gara de Nord, Bucuresti"
MzI1LTI1MzY3MTU2MDAtMzMzNDE2NTQ4Mw,finished,in_app,27,4.5,11.3,23.8,2.6,4.4,03-06-26,19:19:08,"Strada Inginer Zablovschi 26, Bucuresti","Intrare Galaxy, Afi Palace Cotroceni"
MzI1LTI1MzQzNTY5NDQtMzMyOTg5Njk4MA,finished,cash,18.8,3.6,9.4,23.4,1.7,5.8,02-06-26,2:19:09,"Calea Victoriei 21, Bucuresti 030023","Soseaua Nicolae Titulescu 95-103, Bucuresti 011135"
MzI1LTI1MzQzNDM4NDktMzMyOTg3MDQ2NQ,finished,in_app,50.4,16.6,28.1,35.3,1.8,2.8,02-06-26,1:41:33,"Strada Cristalului 1, Bragadiru 077025","Strada Ritmului 35, Bucuresti 021676"
MzI1LTI1MzQzMzQzNDMtMzMyOTg1MTQyNA,finished,business,51.6,12,17.1,42.2,2.9,7.1,02-06-26,1:19:24,Strada Luterana 2,Strada Nazuinaei 10
MzI1LTI1MzQzMTk3MzItMzMyOTgxNzQzNA,finished,cash,29.2,3.8,9,25.5,1.5,13.9,02-06-26,0:49:22,"Strada George Enescu 27, Bucuresti 010303","Strada Vanatori 5-11, Centrul Civic, Bucuresti"
MzI1LTI1MzQzMDk0NjctMzMyOTc5MTIwNw,finished,cash,21.1,4.5,14.8,18.3,1.5,2,02-06-26,0:31:38,"Soseaua Pantelimon 111, Bucuresti 021597","Control Club, Sector 1, Bucuresti"
MzI1LTI1MzQyOTkxNDgtMzMyOTc2NTE3MA,finished,cash,30.3,4,12,20,1.4,2.4,02-06-26,0:15:13,"Bulevardul Carol I 54, Bucuresti 020925","Strada Ziduri Intre Vii 19, Bucuresti"
MzI1LTI1MzQyODc3NDctMzMyOTczNjg4OA,finished,business,24.5,1.6,3.9,24.8,1.7,5.7,01-06-26,23:59:21,"Sheraton Bucharest Hotel, Sheraton Bucharest Hotel","Strada Toamnei 103, Sector 2, Bucuresti"
MzI1LTI1MzQyNzczODgtMzMyOTcxMDA5OA,finished,in_app,34.6,4.2,8.5,29.5,0.9,1.1,01-06-26,23:44:38,"Calea Serban Voda 34, Bucuresti 040212","Str. Dr. Felix Iacob 7, Bucharest 011031"
MzI1LTI1MzQyNTExMDUtMzMyOTY0ODU3Mw,finished,in_app,63.9,8.8,19.3,27.4,1.4,3.4,01-06-26,23:11:55,"Intrarea principala, Gara de Nord","Bulevardul Alexandru Obregia 2, Bucuresti 041733"
MzI1LTI1MzQyMzcxMTktMzMyOTYxMzE3Mw,finished,in_app,25.5,4.5,11.6,23.4,2.7,4.6,01-06-26,22:54:57,"Calea Victoriei 1-5, Bucuresti 030021","Str. Teodosie Rudeanu 12, Bucuresti 011258"
MzI1LTI1MzQyMDk3OTYtMzMyOTU1MjUyOA,finished,cash,22.9,4.2,7.3,34.8,1.7,4.5,01-06-26,22:23:57,"Splaiul Unirii 162, Bucuresti 040042","Bulevardul Metalurgiei 7-11, Bucuresti 041831"
MzI1LTI1MzQxOTU0MzItMzMyOTUyMTEzNg,finished,cash,24.9,6.9,16.1,25.9,1.6,3,01-06-26,22:08:28,"Strada Acaiunii 81, Bucuresti","Strada Ion Minulescu 67-93, Flaros"
MzI1LTI1MzQxNzczNDYtMzMyOTQ4Mjc2MA,finished,in_app,49,7.8,15.4,30.2,1.4,2.3,01-06-26,21:50:11,"Bulevardul Profesor Doctor Gheorghe Marinescu 53, Bucuresti 061344",Strada Alexandru Anghel 1B
MzI1LTI1MzQxNTMxOTgtMzMyOTQzMjk3Mg,finished,cash,29.9,5,11.5,25.9,0.9,3.2,01-06-26,21:23:13,"Soseaua Olteniaei 44, Bucuresti 041316","Iesire Cobadin, Parc Sebastian"
MzI1LTI1MzQxNDA3NDItMzMyOTQwODUxNw,finished,cash,37.3,4.7,10.2,27.9,2.6,5.5,01-06-26,21:10:42,"Bulevardul Eroilor 33, Bucuresti","Eroii Revoluaiei, Sector 4, Bucuresti"
MzI1LTI1MzQxMjgyNzctMzMyOTM4NDIxMQ,finished,in_app,37.9,5.5,10.3,32.3,1.1,1.9,01-06-26,20:58:05,"Strada Mircea Vulcanescu 97, Bucuresti","ibis Bucharest Politehnica, Splaiul Independenaei 313A, Militari, Bucuresti"
MzI1LTI1MzQwOTg2MTYtMzMyOTMyNTkwOA,finished,in_app,29,3.9,10.5,22.1,0.7,2.5,01-06-26,20:27:39,"Bulevardul Iancu de Hunedoara 2, Bucuresti 010673","Strada Inginerilor Tei 4, Bucuresti 023717"
MzI1LTI1MzQwODUwNDEtMzMyOTI5OTQ3NA,finished,cash,21.9,3.8,9.8,23.3,1.5,2.9,01-06-26,20:14:20,"Strada Casin 28, Bucuresti","Strada Doctor Iacob Felix 32, Sector 1, Bucuresti"
MzI1LTI1MzQwNjYwNTgtMzMyOTI2MjkwNA,finished,in_app,19.9,3.9,13.1,18.1,1.9,5.3,01-06-26,19:57:35,"Strada Avionului 11, Bucuresti","Str. Alexandru Constantinescu 35, Domenii, Bucuresti"
MzI1LTI1MzQwMjUxOTYtMzMyOTE4MDg5NA,finished,cash,45.9,10.7,25.7,25,0.8,2.5,01-06-26,19:21:00,"Strada Soldat Coman Ion 23, Bucuresti 051073","Ilie Nastase Tennis Academy, Strada Tarmului, Aviaaiei, Bucuresti"
MzI1LTI1MzQwMTYzNzYtMzMyOTE2MTYxMg,finished,in_app,20.1,3.6,8.3,26,1.2,2.2,01-06-26,19:13:16,"Strada Nehoiasi 64, Bucuresti","Strada Topolniaa 10, Bucuresti"
MzI1LTI1MzQwMDA3MjItMzMyOTEzMTEyNw,finished,cash,17,2.4,7.8,18.5,0.6,2.9,01-06-26,19:00:21,"Lidl, Drumul Gazarului 1, Giurgiului, Bucuresti","Strada Zabrauaului 13, Bucuresti"
MzI1LTI1MzM5Njg4NjEtMzMyOTA2ODY1NA,finished,in_app,61.9,8.9,23.3,23,0.3,1.1,01-06-26,18:33:41,"Gara Basarab, Gara Basarab, Cringasi","Str. Ghimpati 17, Bucuresti 040751"
MzI1LTI1MzI5MDQ0ODMtMzMyNzAwMTIyNw,finished,in_app,22.4,6,9.2,39.3,1.9,2,31-05-26,22:58:07,"Soseaua Grozavesti 84, Bucuresti","Strada Lizeanu 19, Bucuresti 021111"
MzI1LTI1MzI4NTI0MzUtMzMyNjg5NTYwNg,finished,business,78.8,20.2,39.9,30.4,1.4,3.8,31-05-26,22:07:59,"Drumul Sarii 150, 13 Septembrie, Bucuresti","Strada Ierbei 2, Militari, Bucuresti"
MzI1LTI1MzI4MjU0MzktMzMyNjg0MjgyNg,finished,cash,22.4,6.9,15.2,27.5,1.3,1.2,31-05-26,21:43:19,"Subway entrance, Northern Railway Station","Strada Raul Doamnei 5, Bucuresti 061762"
MzI1LTI1MzI4MDc2MTgtMzMyNjgwNzU0Mg,finished,in_app,12.8,3.8,11,20.6,0.1,1.2,31-05-26,21:26:05,"Strada Hepites Stefan 22, Bucuresti","Str. Serg. Ion Nutu 44, Bucuresti"
MzI1LTI1MzI3ODk2NjgtMzMyNjc3MzM4Nw,finished,in_app,13.9,3.4,6,34.1,1.1,3.3,31-05-26,21:08:54,"Strada Trestiana 11, Bucuresti 040374","Soseaua Olteniaei 63, Bucuresti"
MzI1LTI1MzI3Nzc5NjItMzMyNjc1MTAxOA,finished,in_app,26.5,4.9,9.1,32.3,0.7,1.2,31-05-26,20:57:38,"Calea Plevnei 133, Bucuresti 010225","B-dul. Gheorghe Sincai 11, Bucuresti 040313"
MzI1LTI1MzI3NjA0NDQtMzMyNjcxODM4Ng,finished,in_app,12.8,3.6,10.6,20.6,0,0.2,31-05-26,20:41:04,"Galaxy Entrance, Afi Palace Cotroceni Mall","Strada Stirbei Voda 164, Bucharest"
MzI1LTI1MzI3NDk5MTItMzMyNjY5ODQwOQ,finished,in_app,14.9,4.1,6.9,35.8,1.2,3.1,31-05-26,20:30:52,"Bulevardul Aviatorilor 8, Bucuresti 011861","Galaxy Entrance, Afi Palace Cotroceni Mall"
MzI1LTI1MzI3Mzc2NjEtMzMyNjY3MzQ4OQ,finished,in_app,12.8,2.7,7.2,22.6,0.7,1.8,31-05-26,20:19:07,"Strada Fainari 55, Bucuresti 021222","Raiffeisen Bank, Piaaa Dorobanailor, Bucharest, Romania"
MzI1LTI1MzI3MTA4NTQtMzMyNjYxNzY4Nw,finished,cash,21.5,6.6,14.6,27.1,0.5,2.1,31-05-26,19:54:35,"Strada Lucacesti 31, Bucuresti 060244","Str. Episcopul Radu 37, Bucuresti"
MzI1LTI1MzE1OTMzOTgtMzMyNDQxMjkwNA,finished,in_app,18.1,5.1,12.4,24.5,1,2.8,31-05-26,1:29:10,"Calea Griviaei 55, Bucuresti 010704","Strada Magura Vulturului 70, Bucharest"
MzI1LTI1MzE1NTAwMzUtMzMyNDMyNjc4Mg,finished,cash,24.5,4.7,10.8,26.2,1.1,1.9,31-05-26,1:10:01,"Strada Armeneasca 45, Bucuresti 021043","Strada Barierei 17A, Bucuresti 010943"
MzI1LTI1MzE0ODM3MTQtMzMyNDIwMjM5MQ,finished,cash,21.1,5.4,9,36,4.7,9.5,31-05-26,0:42:08,"Strada Cuiului 54A, Bucuresti","Strada Sighet 65A, Bucuresti"
MzI1LTI1MzE0NDExNjItMzMyNDEyNzMwNg,finished,in_app,14.9,4.2,5.9,42.8,6.5,9.1,31-05-26,0:24:02,"Strada Somes 2b, Voluntari 077190","Strada Caporal Musat 43, Voluntari, Romania"
MzI1LTI1MzEzODQ1NTItMzMyNDAyNzQ0Mw,finished,cash,59.9,16.1,24.7,39.2,0.1,0.8,30-05-26,23:59:02,"Strada Gabroveni 61, Bucuresti 030087","Str. Castanului 10, Creauleasca"
MzI1LTI1MzEzNDQ0NjItMzMyMzk1ODg2MA,finished,in_app,16.8,5.3,12,26.4,0.7,0.9,30-05-26,23:40:19,"Strada Margeanului 134, Bucuresti","Piaaa Roma / Strada Lipscani, Centrul Vechi"
MzI1LTI1MzEyNjE5NjctMzMyMzgyMzIwMQ,finished,in_app,88.4,15.5,22.1,42.1,0.9,0.9,30-05-26,23:01:32,"Splaiul Independenaei 307A, Bucuresti","La Jan Restaurant, Strada Bucuresti, Varteju, Romania"
MzI1LTI1MzEyMjk0NzUtMzMyMzc2NTQyNA,finished,in_app,27.5,6.5,13.1,29.8,0.5,2.1,30-05-26,22:44:44,"Strada Stirbei Voda 18-16, Bucuresti","Sos. Virtuaii 60a, Bucuresti"
MzI1LTI1MzExODY2MDMtMzMyMzY4NDAzMg,finished,in_app,27.1,4.8,12.5,22.8,0.4,1.2,30-05-26,22:21:28,"Splaiul Independenaei 253-257, Bucuresti 060042","Casa Fratelli, Strada Nicolae Golescu, Bucuresti, Romania"
MzI1LTI1MzExNTIxMDAtMzMyMzYxNjgzNA,finished,in_app,18.2,4.7,12.8,22.2,0.7,2,30-05-26,22:03:24,"Bulevardul Libertaaii 22, Bucuresti","Str. Economu Cezarescu 61a, Bucharest, Romania"
MzI1LTI1MzEwOTM3MzgtMzMyMzUxMjY3MA,finished,in_app,18.8,5.8,14.8,23.5,0.6,1.8,30-05-26,21:21:09,"Strada Rasaritului 6, Militari, Bucuresti","Calea 13 Septembrie 79, Bucuresti"
MzI1LTI1MzEwNjQ1OTAtMzMyMzQ2MDA1Ng,finished,in_app,21.3,4.7,11.2,25.2,1.9,3.5,30-05-26,21:00:48,"Strada Mehadia 59, Bucuresti","Intrarea Crainicului 5, Militari, Bucuresti"
MzI1LTI1Mjk2NjU0NTAtMzMyMDY0NDc4NA,finished,in_app,36.2,9.4,20.2,28,2,5,30-05-26,0:52:18,"Strada Vlad Judeau 4, Bucuresti 031307","Bulevardul Timisoara 16B, Bucuresti 061421"
MzI1LTI1Mjk2NDE3ODEtMzMyMDU4OTYxNQ,finished,in_app,44.2,6.5,14.2,27.5,1.2,1.8,30-05-26,0:35:51,"Strada Colaei 2, Bucuresti 030246","Strada Sapte Drumuri 18, Titan - Balta Alba, Bucuresti"
MzI1LTI1Mjk2MTAwNTctMzMyMDUyNzI5Mw,finished,in_app,23.1,3.5,6.8,30.4,1.7,4.3,30-05-26,0:15:58,"AFI Park 2, Afi Palace Cotroceni Mall","Strada Nasaud 95, Bucuresti"
MzI1LTI1Mjk1OTA0MDgtMzMyMDQ4OTE2Mg,finished,in_app,26.6,4.4,10.8,24.4,0.5,2.5,30-05-26,0:03:57,"Strada Halelor 1, Bucuresti","Strada Economu Cezarescu 47, Bucuresti 060754"
MzI1LTI1Mjk1NTM4ODItMzMyMDQxOTA2OA,finished,cash,35.2,5.4,10.7,30.5,2.5,3.4,29-05-26,23:41:15,"Soseaua Stefan cel Mare 2, Bucuresti 011737","Strada Traian Popovici 130, Bucuresti"
MzI1LTI1Mjk1NDE4MzItMzMyMDM5NzEzMA,finished,business,26.2,1.5,4.6,19,0.7,2.8,29-05-26,23:33:21,"Calea Plevnei 141, Grozavesti, Bucuresti","Strada Petru Rares 28, Bucuresti"
MzI1LTI1Mjk1MDY0OTUtMzMyMDMzMjEwOQ,finished,in_app,44.9,6.9,14.7,28.3,1.8,2.5,29-05-26,23:09:31,"Strada Ion Slatineanu 12, Bucuresti 010602","Drumul Taberei 35, Bucuresti"
MzI1LTI1MjkzNTMxNDktMzMyMDA3MzA3MA,finished,in_app,41.6,16.4,25.9,38,0,0.2,29-05-26,21:19:08,"Departures Terminal, Bucharest Henri Coanda Airport (OTP)","Strada Ghiocei 27, Bucuresti 020571"
MzI1LTI1MjkzMjgzNDctMzMyMDAyNDMxNg,finished,in_app,44.3,12.9,16.6,46.9,2.5,5.7,29-05-26,20:59:40,"Blvd. Pipera 168a, 077191","Departures Terminal, Bucharest Henri Coanda Airport (OTP)"
MzI1LTI1MjkyODM2NzUtMzMxOTk0MjU2NQ,finished,cash,44.9,11.1,31.3,21.3,1.7,3,29-05-26,20:28:19,"Princess Club, Strada Sergent Constantin Ghercu 14, Regie, Bucuresti","Str. Erou Nita Pintea 5, Pipera, Voluntari"
MzI1LTI1MjgwNDY2MzMtMzMxNzY2NDI1MA,finished,in_app,28.4,9.1,15.8,34.5,2.3,5.9,29-05-26,2:45:08,"Strada Selari 2, Bucuresti","Novum Residence Lacul Morii, Drumul Manastirea Varatec 7-11, Bucuresti"
MzI1LTI1MjgwMzg5NDYtMzMxNzY0ODUyMg,finished,in_app,24.9,5.4,13.1,24.9,0.4,0.4,29-05-26,2:27:36,"Strada Mihail Moxa 16, Bucuresti","Bulevardul Mircea Voda 39, Nerva Traian, Bucuresti"
MzI1LTI1MjgwMzI3NDYtMzMxNzYzNjUwOA,finished,in_app,21.2,3.7,8.5,26.1,2.3,6.8,29-05-26,2:15:25,"Manuc's Inn, Old Town","Strada Mihail Moxa 11, Bucuresti 010961"
MzI1LTI1MjgwMjUxMTctMzMxNzYyMDg3OQ,finished,in_app,14.2,3.8,10.3,22.1,1.1,4.5,29-05-26,2:02:05,"Strada Paul Orleanu 6, Bucuresti","Str. Viorele 95, Bucuresti 040425"
MzI1LTI1MjgwMTA5MjEtMzMxNzU4ODQ1MA,finished,business,21.3,7.7,17.2,27,2.2,3.8,29-05-26,1:37:53,Bulevardul Dimitrie Pompeiu 6E,"Old Town, Manuc's Inn"
MzI1LTI1Mjc5OTIzMjctMzMxNzU0NjA3MQ,finished,cash,29.1,10.4,16.9,37.1,1.1,4.5,29-05-26,1:12:49,"Strada Doamnei 13, Bucuresti","Jubile CONCEPT, Strada Emil Racoviaa 7, Voluntari"
MzI1LTI1Mjc5ODMxNDMtMzMxNzUyNjE5NA,finished,in_app,12.8,4.1,11,22.4,1.1,3.3,29-05-26,1:02:18,"Strada Traian Popovici 128, Bucuresti 031422","Gentlemen's Poker Club, Bulevardul Ion C. Bratianu 29-33, Centrul Istoric, Bucuresti"
MzI1LTI1Mjc5NzYxMDQtMzMxNzUwOTgxNQ,finished,cash,12.8,1.4,3.1,27.8,1.3,2.6,29-05-26,0:53:48,"Calea Vitan 233, Bucuresti 031294","Calea Vitan 111, Bucuresti 031282"
MzI1LTI1Mjc5NjkzNTQtMzMxNzQ5NDI0OA,finished,cash,14,2.1,4.5,28.9,0.8,4.6,29-05-26,0:45:50,"Bulevardul Camil Ressu 1, Bucuresti","Strada Lacramioarei 35-37, Bucuresti 032081"
MzI1LTI1Mjc5NTE0MjUtMzMxNzQ1NjYwMA,finished,cash,22.4,3.9,10.3,23,2.9,7.7,29-05-26,0:27:04,"Bulevardul Unirii 25-27, Bucuresti 040103","Str. Drumul Murgului 10, Bucuresti 031714"
MzI1LTI1Mjc5MjMyNjAtMzMxNzM5NTQyNA,finished,in_app,40.4,6.1,12.9,28.1,1.5,2.9,29-05-26,0:01:20,"Strada Biserica Amzei 11, Bucuresti","Str. Constantin Manescu 2, Bucuresti 050213"
MzI1LTI1Mjc5MDk1OTMtMzMxNzM2OTQyOA,finished,cash,23,1.5,5,18.4,2.1,3.4,28-05-26,23:50:26,"Strada Boisoara 49, Bucuresti 060227","Gara de Nord, Gara de Nord, Bucuresti"
MzI1LTI1Mjc0ODU2ODYtMzMxNjU3NTY5MA,finished,business,37.4,5.5,29.2,11.3,0.6,4.9,28-05-26,17:58:08,"Strada Doamna Oltea 4, Bucuresti 020231","Strada Iosif Iser 4-8, Bucuresti"
MzI1LTI1Mjc0NTA0ODAtMzMxNjUwODU0NA,finished,in_app,18.1,3.8,17.4,13.1,0.8,4,28-05-26,17:32:55,"Bulevardul Aviatorilor 44, Bucuresti 011863",Bulevardul Lacul Tei 75
MzI1LTI1Mjc0MzkwNDEtMzMxNjQ4NzM5Mw,finished,in_app,14.9,1.9,6.1,19,1,4.2,28-05-26,17:24:44,"Bulevardul Primaverii 17, Bucuresti 011972","Consiglieri, Dorobanai, Bucuresti"
MzI1LTI1Mjc0MDc4MTEtMzMxNjQyNzc2Nw,finished,business,14.9,2,7.1,17.2,1.9,9.4,28-05-26,17:02:40,"Strada Ankara 10, Bucuresti 011833","Strada Wolfgang Amadeus Mozart 27, Bucuresti"
MzI1LTI1MjczODA5NTItMzMxNjM3NzEwNA,finished,in_app,22.4,4.7,15.2,18.4,0.7,3.2,28-05-26,16:44:05,"Bulevardul Timisoara 4A, Bucuresti 061344","TAROM Office Victoriei, Strada Buzesti, Bucharest, Romania"
MzI1LTI1MjczNTAyOTktMzMxNjMxODUwOQ,finished,in_app,35.8,4.8,16.9,17.2,1.6,3,28-05-26,16:22:50,"Calea Griviaei 188, Bucuresti 010752","Drumul Taberei 4, Drumul Taberei, Bucuresti"
MzI1LTI1MjczMTI0MTMtMzMxNjI0ODI3NA,finished,cash,25.1,4.6,19.8,14,1.5,5.5,28-05-26,15:56:20,"Strada Toamnei 101, Bucuresti 020704","Gara de Nord, Gara de Nord, Bucuresti"
MzI1LTI1MjcyNjAyNTgtMzMxNjE1NDUxMw,finished,in_app,23.6,4.8,23.3,12.2,1.2,3.5,28-05-26,15:20:08,"Penny, Bulevardul Pipera 2, Voluntari, Romania","Strada Doamna Ghica 22, Bucuresti, Romania"
MzI1LTI1MjcxOTc1MjEtMzMxNjA0NTcxOA,finished,in_app,26.9,9.3,23.2,24.1,0.4,3.4,28-05-26,14:35:06,"Gogoasa Munteneasca, Bucuresti, Romania","Strada Erou Chivu Dumitru 17, Voluntari 077190"
MzI1LTI1MjcxNDIwMDAtMzMxNTk0OTk3MA,finished,business,17.9,5,18.9,15.9,0.6,1.7,28-05-26,13:54:10,"Strada Aviator Jean Texier 4, Bucuresti","Soseaua Fabrica de Glucoza 21, Bucuresti 020331"
MzI1LTI1MjcxMjEyODYtMzMxNTkxNDY4Mw,finished,in_app,26.9,5.8,15,23.2,0.7,1.1,28-05-26,13:38:50,Strada George Valsan 65,"Bulevardul Primaverii 16, Primaverii, Bucuresti"
MzI1LTI1MjY1MTA2NjMtMzMxNDgzNjUwNg,finished,cash,18.2,5.8,12.3,28.1,2.3,4.7,28-05-26,1:01:29,"Strada Postasului 24, Bucuresti","Aleea Hobiaa 4, Bucuresti"
MzI1LTI1MjY0OTMyMTYtMzMxNDc5NDkyMA,finished,in_app,33.7,8.1,17.3,28.1,1.6,4.8,28-05-26,0:37:50,"Strada Poliaiei 3A, Bucuresti","Aleea Ion Agarbiceanu 3-11, Bucuresti"
MzI1LTI1MjY0ODI5NDAtMzMxNDc3NTQ0Mw,finished,business,18.2,1.6,7.2,13.5,0.2,0.5,28-05-26,0:27:06,Piaaa Unirii 1,"Centrul Medical MEMORMED, Strada George Georgescu 54, Centrul Civic, Bucuresti"
MzI1LTI1MjY0MzkwMzQtMzMxNDY3MjE5MQ,finished,business,44.6,16.2,31.6,30.7,1.7,4.2,27-05-26,23:38:10,"Veranda Mall, Intrare Principala","Strada Nicolae Draganu 5A, Sectorul 5, Bucuresti"
MzI1LTI1MjY0MjM5NTUtMzMxNDY0MTg5NA,finished,cash,30.3,6,10.8,33.1,4.5,6.6,27-05-26,23:22:18,"Strada Laculea 1, Bucuresti","Soseaua Colentina 49, Colentina, Bucuresti"
MzI1LTI1MjYzOTU3ODItMzMxNDU4MzQxNw,finished,in_app,30.7,8.9,17.4,30.8,1.1,2.2,27-05-26,22:53:20,"Calea Floreasca 133, Bucuresti 014456","Calea Giulesti 483, Bucuresti"
MzI1LTI1MjYzNjU3NTItMzMxNDUzOTkzOA,finished,business,25,7.8,11.3,41.7,0.8,1.1,27-05-26,22:30:42,Strada Erou Iancu Nicolae 67A,"Strada Nada Florilor 6, Tei, Bucuresti"
MzI1LTI1MjYzNTczNzAtMzMxNDUwNzQ1OQ,finished,in_app,41.2,12.2,15.4,47.3,1.6,4.1,27-05-26,22:14:11,"Calea Crangasi 29, Bucuresti 060312","Strada Erou Iancu Nicolae 124, Voluntari 077190"
MzI1LTI1MjYxNTk3MjItMzMxNDEyODY3OQ,finished,in_app,13.6,3.5,8.6,24.5,0.9,2.7,27-05-26,19:18:32,"Aleea Tibles 44, Bucuresti 060233","B-dul. Iancu De Hunedoara 2, Bucuresti 011741"
MzI1LTI1MjUwOTk1NzYtMzMxMjE5MzQxMw,finished,cash,20.8,3.9,10.2,23.2,1.8,1.6,27-05-26,2:43:49,"Strada Halelor 17, Bucuresti 030106","Intrarea Frumoasa 6, Sector 1, Bucuresti"
MzI1LTI1MjUwODg1OTYtMzMxMjE3MzgxOA,finished,in_app,17.2,3.4,9.7,20.8,2.5,5.5,27-05-26,2:10:24,"Strada Baraaiei 33, Bucuresti 030167","Strada Baba Novac 2, Bucuresti 031627"
MzI1LTI1MjUwODAxMDctMzMxMjE1NzY1MQ,finished,business,24.7,7.2,14.2,30.3,3.3,6.1,27-05-26,1:49:09,"Piaaa Charles de Gaulle 15, Bucuresti 011857","Strada Vlad Dracul 13, Bucuresti"
MzI1LTI1MjUwNzAyODgtMzMxMjEzNzAwMA,finished,in_app,26.9,9.2,16.4,33.8,1.7,2.6,27-05-26,1:26:04,"Bulevardul Decebal 14, Bucuresti 030967","Pullman Hotel, Romexpo Arena"
MzI1LTI1MjUwNDc4NTctMzMxMjA4OTI1MQ,finished,cash,32.5,12.3,25.9,28.4,2.6,5.6,27-05-26,0:45:24,"Intrare Calea Piscului, Parcul Tineretului","Str. Culesului 62, Bucuresti 032964"
MzI1LTI1MjUwMzg1MjMtMzMxMjA2OTA2Mw,finished,in_app,12.8,2.6,6.5,24.4,1.3,4,27-05-26,0:30:53,"Strada Liviu Rebreanu 7, Bucuresti 031772","Biserica Raul Vieaii, Aleea Gura Calnaului 12-22, Vitan, Bucuresti"
MzI1LTI1MjUwMjM2NTktMzMxMjAzNTIxMA,finished,business,27.7,6.6,11.5,34.3,1.2,2.6,27-05-26,0:11:00,"Strada Aurel Vlaicu 20, Bucuresti 020096","Strada Liviu Rebreanu 1, Bucuresti"
MzI1LTI1MjUwMTY1ODAtMzMxMjAyNTMzOA,finished,business,22.4,3.2,6.3,30.3,1.1,2.5,27-05-26,0:05:40,"Strada Ermil Pangratti 30A, Bucuresti 011884","Intrarea Legendei 3, Sector 2, Bucuresti"
MzI1LTI1MjUwMDU4MjYtMzMxMTk5Njc2Nw,finished,in_app,23.6,9.4,12,46.7,1.7,3,26-05-26,23:49:53,"Piaaa Sudului Entrance, Sun Plaza Mall","Str. Emanoil Porumbaru 31, Bucharest"
MzI1LTI1MjQ5NzkxMDgtMzMxMTk0Mzg2NQ,finished,business,48.4,10.5,20,31.6,2.4,4,26-05-26,23:18:28,"B-dul. Pache Protopopescu 105, Bucuresti 021409",Strada Biruinaei 71B
MzI1LTI1MjQ3OTE2NDktMzMxMTU5MjE3Nw,finished,in_app,22.1,6.6,14.4,27.3,0.8,0.2,26-05-26,20:04:47,"Calea Crangasi 12, Bucuresti 060337","Bulevardul Lacul Tei 118A, Bucuresti 020395"
MzI1LTI1MjM2NDAzNjAtMzMwOTQ0NDY0MQ,finished,cash,17.6,5.1,13,23.7,4.2,7,25-05-26,23:35:07,"Galaxy Entrance, Afi Palace Cotroceni Mall","Strada Porumbacu 72, Crangasi, Bucuresti"
MzI1LTI1MjM2MjQ1NDEtMzMwOTQwOTkwMQ,finished,in_app,27.4,2.8,7.8,21.7,1.6,4.8,25-05-26,23:13:18,"Manuc's Inn, Old Town","Autogara Filaret, Piaaa Gara Filaret 1, "
MzI1LTI1MjM2MDgwNzItMzMwOTM3NTE4Mg,finished,in_app,32.2,4.8,9.8,29.6,0.7,4.6,25-05-26,22:53:10,"Strada Mamulari 2, Bucuresti 030772","Strada Istriei 18, Titan - Balta Alba, Bucuresti"
MzI1LTI1MjM1NzQxMTQtMzMwOTMxMzkyNw,finished,in_app,59.9,22,28.3,46.6,4.9,6.3,25-05-26,22:16:58,"Therme Bucharest, Therme Bucharest","Strada Radu Calomfirescu 5, Centrul Istoric, Bucuresti"
MzI1LTI1MjM1MzUxOTgtMzMwOTIyNjc4MA,finished,in_app,89.9,27.3,35.3,46.5,1.8,8.3,25-05-26,21:27:08,"Entrance - South, Romanian Athenaeum","Strada Toamnei 21, Ostratu, Romania"
MzI1LTI1MjM1MTgxNjQtMzMwOTE5NDY1Nw,finished,in_app,15.5,4.8,13.8,20.6,1.4,2.8,25-05-26,21:07:41,"Strada Sergent Ion Nuau 15, Bucuresti","Strada Domniaa Anastasia 15, Sector 5, Bucuresti"
MzI1LTI1MjM1MTE2NzYtMzMwOTE4MjgzMw,finished,in_app,12.8,1.9,4.4,26.3,1.2,0.9,25-05-26,21:00:38,"Regie Bridge, Politehnica University of Bucharest","Bulevardul General Paul Teodorescu 4, Bucuresti 061346"
MzI1LTI1MjM0ODc5NDctMzMwOTE0MDMyNg,finished,cash,19,5.9,11.1,31.7,1.6,3.9,25-05-26,20:34:02,"Strada Ioniaa Cegan 3, Bucuresti","Strada Orsova 85, Militari, Bucuresti"
MzI1LTI1MjM0NTA3OTktMzMwOTA3MTA3Mg,finished,in_app,38.2,15,31,29.1,0,0.2,25-05-26,19:55:42,"Entrance, Bucharest Baneasa Airport (BBU)","Strada Sublocotenent Popa 10, Bucharest"
MzI1LTI1MjM0MTA5NjEtMzMwOTAwNzYwMg,finished,in_app,37.4,12.4,34.2,21.8,1.1,2.8,25-05-26,19:22:20,"Bulevardul Ramnicu Sarat 25, Vitan, Bucuresti","Entrance, Bucharest Baneasa Airport (BBU)"
MzI1LTI1MjMzNzgzNzgtMzMwODkzNjcyMQ,finished,in_app,47.9,9.6,27.4,21.1,1.6,4.2,25-05-26,18:48:46,"IDM Basarab, Soseaua Orhideelor 31-33, Sectorul 1, Bucuresti","Rin Grand Residence, Soseaua Vitan-Barzesti 7D, Vitan, Bucuresti"
MzI1LTI1MjE5NTc4MDEtMzMwNjEyNzgxMA,finished,in_app,26.4,6,11.3,32,1.3,5.7,24-05-26,18:43:24,"Bulevardul Constantin Brancoveanu 118, Bucuresti 041455","Sos. Mihai Bravu 384, Bucuresti 030324"
MzI1LTI1MjExNTE0ODktMzMwNDUwMTYzNQ,finished,in_app,17.3,2.7,5.7,28.6,1.9,3,24-05-26,4:07:27,"Soseaua Grozavesti 84, Bucuresti","Shaormeria Baneasa, Crangasi, Bucuresti"
MzI1LTI1MjExMzc3OTYtMzMwNDQ2NjM4NQ,finished,in_app,31.5,7.7,13,35.5,0.6,1.6,24-05-26,3:55:48,"Roa by zrx, Alee Principala Herastrau, Bucuresti","Bulevardul Iuliu Maniu 6R, Bucuresti 061103"
MzI1LTI1MjEwNzE4ODAtMzMwNDMwMTE1NQ,finished,in_app,48.7,16.8,18.5,54.6,1.6,3,24-05-26,3:07:01,"Strada Mihai Eminescu 190, Bucuresti","Departures Terminal, Bucharest Henri Coanda Airport (OTP)"
MzI1LTI1MjEwNTkwMDAtMzMwNDI2MDUxMw,finished,in_app,17.6,3.3,7.3,27.1,1.3,3.9,24-05-26,2:56:11,"Calea Victoriei 145, Bucuresti 010449","Socului Kebap Obor, Soseaua Stefan cel Mare, Bucuresti, Romania"
MzI1LTI1MjEwMzg5NjktMzMwNDIwNzc5Mg,finished,in_app,21.7,6.6,12.7,31,0.4,0.1,24-05-26,2:42:27,"Strada Doctor Constantin Istrati 1, Bucuresti 040542","MyContinental Bucuresti Gara de Nord, Calea Griviaei, Bucarest, Roumanie"
MzI1LTI1MjA5NzM1NTAtMzMwNDA0NTE0MQ,finished,in_app,16.5,2,5.8,21.1,1.1,1.2,24-05-26,2:02:57,"Strada Panait Cerna 9, Bucuresti","Platforma Wolff, Strada Doctor Constantin Istrati 1, Sectorul 4, Bucuresti"
MzI1LTI1MjA5NTIzMzgtMzMwMzk5NjgyNw,finished,cash,22.1,3.6,8.2,26.2,0.5,0.6,24-05-26,1:50:32,"Soseaua Stefan cel Mare 240, Bucuresti 020165","Amira Zair Rochii de Mireasa - Elegance Ama, Bulevardul Unirii, Bucharest, Romania"
MzI1LTI1MjA5MjI0MTUtMzMwMzkyODQyNw,finished,in_app,21,3,7.4,24.4,1.5,8.2,24-05-26,1:32:51,"Strada Plantelor 1, Bucuresti 023971","Aleea Luncsoara 2E, Bucuresti 021234"
MzI1LTI1MjA4NzAxMTctMzMwMzgwOTIwOA,finished,in_app,34.4,2.6,9.6,16.2,3,15.9,24-05-26,1:06:01,"Bulevardul Pache Protopopescu 105, Bucuresti 021409","Hilton Garden Inn, Old Town"
MzI1LTI1MjA4MjQ2NzgtMzMwMzY5NzcyMw,finished,cash,33.9,3.9,14.3,16.3,4.2,9.8,24-05-26,0:42:50,"Soseaua Iancului 53, Bucuresti 021719","Hilton Garden Inn, Old Town"
MzI1LTI1MjA3Nzk2NTUtMzMwMzYwMDAxMg,finished,in_app,32.9,2.6,9.7,16.2,1.8,3.4,24-05-26,0:23:43,"Strada Theodor D. Speranaia 104, Bucuresti","Piaaa Unirii 1, Bucuresti 030119"
MzI1LTI1MjA3NDYwNzMtMzMwMzUzMDA5Ng,finished,in_app,34.4,3.4,9.2,22.5,1.8,8.7,24-05-26,0:09:53,"Gradina Olari, Strada Olari 8, Sector 2, Bucuresti","Bloc 1, Intrarea Simbolului 11, Bucharest, Romania"
MzI1LTI1MjA2OTc4NzMtMzMwMzQxODE3Mw,finished,cash,23.3,6.8,19.3,21.2,0.9,2,23-05-26,23:46:59,"Strada Tanganului 26, Bucuresti","Hilton Garden Inn, Centrul Vechi"
MzI1LTI1MjA2Njk5MzEtMzMwMzM1Njc0OA,finished,in_app,33.7,4.5,9.8,27.4,0.6,2,23-05-26,23:33:11,"Eroilor, Sectorul 5, Bucuresti","Strada Constantin Titel Petrescu 3, Bucuresti"
MzI1LTI1MjA2MTI3NzAtMzMwMzIzODQwMA,finished,business,23.9,7.4,24.3,18.2,0.4,1.4,23-05-26,23:04:10,Strada Vlad Judeaul 2,"Universitatea Artifex din Bucuresti, Strada Economu Cezarescu 47, Bucuresti, Romania"
MzI1LTI1MjA1Nzk5MjAtMzMwMzE3MTQxNA,finished,cash,23.5,6.5,15.3,25.4,1,2.2,23-05-26,22:46:50,"Strada Ziduri Intre Vii 19, Bucuresti","Intrare Calea Vitan, Bucuresti Mall"
MzI1LTI1MjA1NTA5NzUtMzMwMzExMTUxNA,finished,cash,36.2,6.7,11.9,33.6,0.9,1.8,23-05-26,22:30:25,"Strada Fizicienilor 9, Bucuresti 032062","Strada Popa Nicolae 5, Bucuresti"
MzI1LTI1MjA0ODc3NjktMzMwMjk3NzIzNQ,finished,in_app,38.7,13.8,30.9,26.8,0.6,3.3,23-05-26,21:54:25,"Strada Valea Cascadelor 2, Bucuresti","Strada Schitului 9, Bucuresti 032041"
MzI1LTI1MjA0NTU1MjAtMzMwMjkxMTY3OQ,finished,cash,23,6.7,15.8,25.5,0.6,1,23-05-26,21:34:44,"Calea Giulesti 52, Bucuresti 060282","Kaufland, Strada Valea Cascadelor 3, Militari, Bucuresti"
MzI1LTI1MTkxMDIyMDctMzMwMDI5NDI3NA,finished,cash,48.1,7.1,10.3,41.3,0.5,1.6,23-05-26,2:23:29,"Strada Selari 2, Bucuresti","Soseaua Virtuaii 1A, Bucuresti 060781"
MzI1LTI1MTkwODEyMDEtMzMwMDI1MTg3OQ,finished,in_app,12.8,2.4,6.8,21.1,0.6,1.5,23-05-26,2:05:48,"Strada Moldoviaa 21, Bucuresti 041813","Strada Raul Mara 15, Bucuresti 041651"
MzI1LTI1MTkwNDc4NTAtMzMwMDE4ODA2OA,finished,cash,20.3,5.9,14.4,24.5,0.3,1.1,23-05-26,1:40:00,"Strada Turnu Magurele 270B, Bucuresti 041713","Strada Moldoviaa 16, Bucuresti"
MzI1LTI1MTkwMDU2NzktMzMwMDEwMzc3Mw,finished,cash,39.9,12.9,21.9,35.4,4.7,6.5,23-05-26,1:09:41,"Soseaua Nordului 7, Bucuresti 014101","Strada Turnu Magurele 19, Berceni, Bucuresti"
MzI1LTI1MTg5NzY4MjgtMzMwMDA0Nzk4NQ,finished,in_app,39.7,11,18.7,35.2,1.5,2.1,23-05-26,0:51:11,"Bulevardul Unirii 25, Bucuresti 040103","Bd. Pipera 1D, Voluntari 077190"
MzI1LTI1MTg5NDY0MjItMzI5OTk4ODg2NQ,finished,in_app,18.5,4.5,11.3,23.9,0.1,0.6,23-05-26,0:30:40,"Regina Elisabeta Boulevard, University Square, Ghica","Strada Costache Stamate 2, Bucuresti 041206"
MzI1LTI1MTg5MDUxODYtMzI5OTkxMTcyMw,finished,in_app,50.2,11,21.8,30.4,3.2,5.7,23-05-26,0:04:32,"Entrance, Bucharest Baneasa Airport (BBU)","Strada Academiei 4-6, , "
MzI1LTI1MTg4NzE2OTItMzI5OTg1MDc0NQ,finished,in_app,21.2,6.3,13.4,27.9,2,4.3,22-05-26,23:42:39,"Bulevardul Lacul Tei 115, Bucuresti 020381","Iris Ballroom, Bulevardul Poligrafiei, Bucuresti, Romania"
MzI1LTI1MTg4NDE3NDctMzI5OTc5NjAyOQ,finished,in_app,26.3,6,17.3,20.6,0.5,0.8,22-05-26,23:22:53,"Calea Griviaei 183, Bucuresti 010709","Soseaua Colentina 12, Bucuresti 021175"
MzI1LTI1MTg4MzA4OTEtMzI5OTc3NDU5NQ,finished,in_app,13,4.4,11.1,23.8,0.7,2,22-05-26,23:15:11,"Strada Titus 13, Bucuresti 040166","Str. Gara De Nord 2, Bucuresti 00"
MzI1LTI1MTg4MTM2MTYtMzI5OTc0MzY0Mw,finished,cash,12.8,2.9,6,29.3,1.2,3.2,22-05-26,23:04:03,"Strada Dumbrava Noua 35, Bucuresti","Intrarea Calauna 5, Bucuresti 040545"
MzI1LTI1MTg3NTUxNTMtMzI5OTY0MTI5MA,finished,cash,38.5,12.9,28,27.8,1.3,1.5,22-05-26,22:22:46,"Iesire Principala, Parcul Titan - Sud","Str. Valea Timisului 150E, Bucuresti 051497"
MzI1LTI1MTg3MzY0NjgtMzI5OTYwOTE0NQ,finished,in_app,18.1,4.2,10.4,24,0.8,2.4,22-05-26,22:09:30,Wellness Club,"Nr 64 Bl. 34A, Strada Campia Libertaaii, Bucuresti, Romania"
MzI1LTI1MTg3MDk2NjMtMzI5OTU2NDM5Mg,finished,in_app,20.9,3.8,9.8,23.2,1.8,5.3,22-05-26,21:51:08,"Bloc 3, Strada Logofatul Dan 35, Bucuresti","Soseaua Pantelimon 91, Bucuresti"
MzI1LTI1MTg2NzU2ODUtMzI5OTUwMzY5Mg,finished,in_app,29.9,12.1,26.1,27.8,2.9,3.5,22-05-26,21:26:05,"Strada Aviator Popisteanu 43, Bucuresti","Aleea Dobrina 8, Pantelimon, Bucuresti"
MzI1LTI1MTg2NDY3MDItMzI5OTQ1MzU4Mw,finished,cash,12.8,1.4,5.2,16.6,2.3,5,22-05-26,21:05:57,"Strada Crinului 108, Chitila, Bucuresti","Bulevardul Bucurestii Noi 76, Bucurestii Noi, Bucuresti"
MzI1LTI1MTg2MTYzNTYtMzI5OTM5OTI0OA,finished,in_app,21.7,6.8,15.4,26.3,1.3,5.3,22-05-26,20:44:33,"Iesire Strada Maior Stefan Sanatescu, Spitalul Universitar de Urgenaa Elias","Strada Plutasilor 54, Bucuresti"
MzI1LTI1MTg1OTE5NzctMzI5OTM1NjYzNw,finished,in_app,14,2.5,6.2,24.5,0.7,5.1,22-05-26,20:28:09,"Bulevardul Ion Mihalache 11, Bucuresti 011171","Intrarea Casului 32, Bucuresti, Romania"
MzI1LTI1MTg1NzA5MTctMzI5OTMxODA0OA,finished,cash,41.2,3.4,11.5,17.6,1.1,3,22-05-26,20:14:28,"Aleea Tibles 64, Regie, Bucuresti","Strada Veronica Micle 5, Gara de Nord, Bucuresti"
MzI1LTI1MTcyMDIzMDMtMzI5Njg0OTgzNg,finished,business,14.9,3.4,10.9,18.6,1.6,3.8,21-05-26,22:46:48,"Strada George Enescu 42, Bucuresti 010308","Strada Postelnicul Stroe 11, Floreasca, Bucuresti"
MzI1LTI1MTcxOTc3NzEtMzI5Njg0MDk5Ng,finished,cash,17.9,1.2,3.9,18.7,0.6,0.8,21-05-26,22:42:14,"Strada Matei Millo 7, Bucuresti 010144","Radisson Blu, Radisson Blu Hotel Bucharest"
MzI1LTI1MTcxNzk4MTYtMzI5NjgxNDk3NA,finished,in_app,12.8,3.4,11.3,18.2,1.1,0.9,21-05-26,22:28:51,"Strada Sabinelor 125, Bucuresti","Negroni Aperitivo Bar, Strada Matei Millo 5, Sector 1, Bucuresti"
MzI1LTI1MTcxNTQzMTQtMzI5Njc1NTUxMA,finished,in_app,22.3,8.4,17.8,28.3,0.7,3.8,21-05-26,22:00:30,"Calea Calarasilor 177, Bucuresti 030616","Strada Pucheni 3, Bucuresti 051221"
MzI1LTI1MTcxMzIwNDAtMzI5NjcxMzg5MA,finished,cash,17.6,6.3,14.8,25.3,0.9,2.7,21-05-26,21:38:44,"Soseaua Giurgiului 124A, Bucuresti 040678","Strada Valeriu Braniste 53, Bucuresti"
MzI1LTI1MTcxMjU0NjQtMzI5NjcwMTk3MA,finished,cash,12.8,1.6,4.6,20.6,0.8,2.6,21-05-26,21:32:12,"Strada Amara 5, Bucuresti 040793","Strada Constantin Pavel 26, Bucuresti 052556"
MzI1LTI1MTcxMDYzMjYtMzI5NjY2ODQyMA,finished,cash,16.4,6.8,13.7,29.8,1,4.1,21-05-26,21:13:31,"Bulevardul Unirii 27, Bucuresti 040103","Drumul Gazarului 38, Bucuresti 040826"
MzI1LTI1MTcwOTkwMjctMzI5NjY1NTg0OA,finished,in_app,12.8,2.5,5.4,28.1,0.4,1.3,21-05-26,21:06:50,"Strada Visana 3, Bucuresti 040391","Manuc's Inn, Old Town"
MzI1LTI1MTcwODM4ODEtMzI5NjYzMDE4OA,finished,in_app,12.8,4.6,12.1,22.9,0,0.4,21-05-26,20:53:11,"Strada Mihail Cioranu 4, Bucuresti","Shaormerie & Grill Tineretului, Strada Constantin Radulescu Motru 17, Tineretului, Bucuresti"
MzI1LTI1MTcwNjAwMTgtMzI5NjU4OTAyNg,finished,cash,24.6,5.1,15.8,19.2,0.9,3.6,21-05-26,20:30:33,"Strada Hatmanul Arbore 21, Bucuresti 011601","Strada Mihail Cioranu 8, Bucuresti 050901"
MzI1LTI1MTcwNTA0OTYtMzI5NjU3MjgyNA,finished,in_app,12.8,1.4,5.2,16.3,1,2.5,21-05-26,20:21:52,"Strada Dumitrache Banul 2, Bucuresti 023765","Secaia 6, Sector 2, Bucuresti"
MzI1LTI1MTcwMzczMzQtMzI5NjU1MDUwNQ,finished,in_app,14.7,4.8,11.4,25.3,1.5,2.9,21-05-26,20:10:38,"Main Entrance, Mega Mall","Again Pizza & Burgers, Bulevardul Ghica Tei, Bucharest, Romania"
MzI1LTI1MTcwMDM5ODAtMzI5NjQ5MDc0Ng,finished,cash,37.2,8.7,21.3,24.5,0.3,0.9,21-05-26,19:42:01,"Intrare Dinicu Golescu, Gara de Nord","Strada Ritmului 21, Bucuresti 021675"
MzI1LTI1MTY5OTA1NjMtMzI5NjQ2Njg2Mw,finished,cash,15.1,3.4,9.1,22.4,1.4,4.1,21-05-26,19:31:23,"Strada Baniei 3, Bucuresti 030185","Gara de Nord, Gara de Nord, Bucuresti"
MzI1LTI1MTY5Nzc0NDAtMzI5NjQ0MzY3Mw,finished,in_app,14.1,2.5,9,16.6,0.6,1.4,21-05-26,19:20:56,"Strada Capitan Gheorghe Preoaescu 21, Bucuresti","Calea Calarasilor 81, Bucharest 030612"
MzI1LTI1MTY5NDg3OTQtMzI5NjM5NDEzMA,finished,in_app,30.7,6,20.3,17.9,0.6,1.9,21-05-26,18:59:00,"Bulevardul Timisoara 14A, Bucuresti 061329","T5 Social, Strada Olimpului 13, Centrul Civic, Bucuresti"
MzI1LTI1MTY5MzU0OTEtMzI5NjM3MDg1MQ,finished,in_app,25.7,4.7,10,28,0.4,1,21-05-26,18:48:43,"Strada Ceahlaul 20, Bucuresti 060382","Bulevardul Timisoara 35, Drumul Taberei, Bucuresti"
MzI1LTI1MTU4NDcwODctMzI5NDQ1NjM2NA,finished,cash,14.9,5.8,15,23,2,4,21-05-26,0:03:02,"Strada Tarcului 60, Bucuresti","Str. Spineni 12, Bucuresti 040267"
MzI1LTI1MTU4MTM5MzUtMzI5NDM4NjM0NQ,finished,cash,40.4,17.1,27.5,37.4,2.2,2.9,20-05-26,23:24:54,"Soseaua Banatului 3A, Chitila","Strada Toporasi 1-7, Giurgiului, Bucuresti"
MzI1LTI1MTU4MDMwNTQtMzI5NDM2MTkyMw,finished,cash,12.8,2.2,5.8,23,0.5,1.9,20-05-26,23:11:21,"Strada Lautei 11, Bucuresti","Strada Capitan Radu Dragos 2, Bucuresti"
MzI1LTI1MTU3ODQ4NzctMzI5NDMyNDkzMQ,finished,cash,31.7,12.3,19.5,37.9,1.5,3.4,20-05-26,22:51:52,"Academy House, Palace of Parliament, Bucharest","Strada Razelor 46A, Bucuresti"
MzI1LTI1MTU3Njg1MjAtMzI5NDI5NDkzNg,finished,cash,15.3,3.6,7.4,29.7,2.1,3.3,20-05-26,22:34:32,"Bulevardul Iuliu Maniu 7, Bucuresti 061072","Calea Rahovei 330, Bucuresti 050914"
MzI1LTI1MTU3NTI1MDYtMzI5NDI2NDA3NA,finished,in_app,22,5.3,14,22.9,1.6,4.4,20-05-26,22:16:31,"Strada Ion Campineanu 21, Sector 1, Bucuresti","Bloc E2, Intrarea Drumul Taberei 6, Drumul Taberei, Bucuresti"
MzI1LTI1MTU3MTg3NzUtMzI5NDIwMjcwNw,finished,cash,12.8,2.3,6.4,21.9,0.9,4.7,20-05-26,21:42:16,"Aleea Podul Giurgiului 1, Bucuresti 050362","Strada Costila 10, Bucuresti 040935"
MzI1LTI1MTU2OTg2NjYtMzI5NDE2Njg5Ng,finished,in_app,24,7.9,15,31.4,5.7,7.7,20-05-26,21:20:58,"Strada Garii 161, 077120","Strada Ghimpaai 17, Bucuresti 040751"
MzI1LTI1MTU2OTA2MTEtMzI5NDE1MjQ3OA,finished,cash,12.8,1.4,4.4,19.4,0.9,2.8,20-05-26,21:12:35,"Strada Anghel Moldoveanu 59A, Sectorul 4, Bucuresti","Rujan Vet - Cabinet veterinar non-stop Sector 4, Farmacie, Strada Luica, Bucuresti, Romania"
MzI1LTI1MTU2NTA5OTEtMzI5NDA4NjE5Mg,finished,in_app,33.6,11.3,29.7,22.9,0.6,3,20-05-26,20:33:35,"Strada Stefan Negulescu 40, Bucuresti 011654","Strada Odei 82, Bucuresti"
MzI1LTI1MTU2MjgwNTQtMzI5NDA0NzU4MA,finished,cash,24.8,8.4,18.4,27.4,1.2,4.4,20-05-26,20:11:07,"Strada Muresana 4, Bucuresti","Calea Floreasca 91-111, Bucharest, Romania"
MzI1LTI1MTU1OTEyODUtMzI5Mzk4NTI0OQ,finished,cash,15.8,5,16.8,18,0.4,1.9,20-05-26,19:38:24,"Strada Elena Cuza 8, Bucuresti 040331","Strada Fizicienilor 3, Bucuresti 032061"
MzI1LTI1MTU1Nzc1OTItMzI5Mzk2MTg1MA,finished,in_app,12.8,3.7,11.7,19.1,0.4,0.3,20-05-26,19:26:28,"Strada Malcoci 2, Bucuresti 051923","Iron Will HEMA Academy, Piaaa Bucur, Bucharest, Romania"
MzI1LTI1MTU1NDgwNTEtMzI5MzkwOTg4MA,finished,in_app,18.5,5.9,18.7,18.8,0.9,2,20-05-26,19:02:04,"Strada Zarii 6, Bucuresti","Strada Pucheni 42, Rahova, Bucuresti"
MzI1LTI1MTU1MjU4NTctMzI5Mzg3MjcwMg,finished,in_app,12.9,3,14.7,12.2,0.3,2.9,20-05-26,18:44:36,"Bulevardul General Gheorghe Magheru 9, Bucuresti","Beat Bar Umanist, Calea Plevnei 137A, Sector 6, Bucuresti"
MzI1LTI1MTU0OTI1NzAtMzI5MzgxMjE4NQ,finished,cash,26.8,4.7,14.1,20.1,3.3,8.9,20-05-26,18:18:31,"Splaiul Independenaei 313A, Bucuresti 060042","dm drogerie markt, Strada D. I. Mendeleev, Bucuresti, Romania"
MzI1LTI1MTQ0NjQ1MDQtMzI5MjAyMTIyNA,finished,cash,21.8,4.8,12.3,23.6,3.6,5.4,19-05-26,23:35:56,"Strada Bibescu Voda 1, Bucuresti 040151","Bloc 29, Intrarea Reconstrucaiei, Sector 3, Bucharest, Romania"
MzI1LTI1MTQ0NDA2NjctMzI5MTk3MjkwMg,finished,in_app,41.2,10.4,18,34.9,2.3,4.6,19-05-26,23:06:44,"Rekolta, Calea Floreasca 102, Floreasca, Bucuresti","Drumul Gazarului Bl. 50, Bucuresti"
MzI1LTI1MTQ0MjM4MDgtMzI5MTkzODExNQ,finished,cash,14,3.7,11.6,19,0.8,2.4,19-05-26,22:46:44,"Strada Matei Voievod 77, Bucuresti 021452","Str. Dumbrava Rosie 16, Bucuresti"
MzI1LTI1MTQ0MTY2OTgtMzI5MTkyNDM4Mw,finished,cash,13.1,4.3,10.8,23.6,0.9,2.4,19-05-26,22:38:29,"Bulevardul George Cosbuc 83-85, Bucuresti","Strada Tepes Voda 82, Sector 2, Bucuresti"
MzI1LTI1MTQzOTg4NjEtMzI5MTg5MDU0MQ,finished,in_app,20,5.5,11.8,28.1,1.9,5.2,19-05-26,22:18:22,"Strada Ion Ghica 1, Bucuresti 030044","Str. Cap. Preda 2, Bucuresti 051967"
MzI1LTI1MTQzNzMzOTUtMzI5MTgzNzgzNw,finished,cash,13.4,4.8,10.6,27.3,1.6,2.7,19-05-26,21:50:49,"Strada Dristorului 89, Bucuresti","Strada Secuilor 6, Bucuresti 041514"
MzI1LTI1MTQzNjEyMjItMzI5MTgxNTY2Ng,finished,cash,14.1,2.1,6.3,20.1,0.1,0.4,19-05-26,21:36:58,"Bulevardul Camil Ressu 41, Bucuresti 031743","Strada Burdujeni 3A, Bucuresti 032726"
MzI1LTI1MTQzNTE2OTMtMzI5MTc5ODcwNg,finished,in_app,14.1,2.1,7,18.3,0.5,1.2,19-05-26,21:26:28,"Paul Entrance, Park Lake Mall","Aleea Fizicienilor 11, Bucuresti 032111"
MzI1LTI1MTQyOTY2NzYtMzI5MTY5OTU1MQ,finished,cash,17.9,6.3,12.4,30.7,0.7,1.9,19-05-26,20:28:30,"Soseaua Berceni 27, Bucuresti","Earth Globe - Kinetic art object, Bucuresti, Romania"
MzI1LTI1MTQyNjg3MTgtMzI5MTY0NzkzMQ,finished,cash,24.4,7.3,21.5,20.5,1.7,2.9,19-05-26,20:01:21,"Strada Ionel Perlea 6, Bucuresti","Str. Stanjeneilor 4, Bucuresti 041953"
MzI1LTI1MTQyNDU5NTgtMzI5MTYwODY4Mw,finished,in_app,23.3,5.9,14.8,23.8,2.1,4,19-05-26,19:39:53,"Splaiul Independenaei 202K, Bucuresti 060021","Rome Square / Lipscani Street, Old Town"
MzI1LTI1MTQyMDQzMTEtMzI5MTUzMzI3NQ,finished,cash,24.7,8.3,27.9,17.9,0.9,3.7,19-05-26,19:02:47,"Soseaua Iancului 57, Bucuresti","Soseaua Orhideelor 12B, Grozavesti, Bucuresti"
MzI1LTI1MTQxNjY1MzMtMzI5MTQ2NDkyNw,finished,in_app,28.9,7.3,23.8,18.4,0.8,2.5,19-05-26,18:31:20,"Strada Mihail Moxa 12, Bucuresti","Aleea Dobrina 8, Bucharest 022252"
MzI1LTI1MTQxNTQxMTUtMzI5MTQ0MTcwMw,finished,in_app,15.2,3.7,10.6,20.7,0.7,2.4,19-05-26,18:20:52,"Calea Crangasi 36, Bucuresti 060342","Calea Griviaei 91, Sector 1, Bucuresti"
MzI1LTI1MTMyMTA5ODgtMzI4OTgxMzcxNg,finished,in_app,16.7,6,12.8,28.2,1,2,19-05-26,0:48:14,"Strada Vasile Lascar 70, Bucuresti 020504","Strada Barbu Lautaru 8, Bucuresti 011331"
MzI1LTI1MTMyMDY1MTYtMzI4OTgwNDAwOA,finished,cash,12.8,3.3,7,28.6,1.5,1.9,19-05-26,0:39:13,"Soseaua Mihai Bravu 139-145, Bucuresti 021315","Bulevardul Dacia 86, Bucuresti"
MzI1LTI1MTMxOTgwNDktMzI4OTc4NjkxNA,finished,cash,12.8,4.1,6.2,40.4,0.9,2,19-05-26,0:23:46,"Soseaua Mihai Bravu 531-533, Bucuresti","Strada Campia Libertaaii 31, , "
MzI1LTI1MTMxODY5OTQtMzI4OTc2MzE4OA,finished,cash,14,5.7,10.8,31.8,1,1,19-05-26,0:06:43,"Soseaua Olteniaei 56, Bucuresti 041318","Strada Straduinaei 8, Berceni, Bucuresti"
MzI1LTI1MTMxNzgxOTItMzI4OTc0Mzg0OQ,finished,business,15.8,5.8,8.4,41.4,1.6,3.1,18-05-26,23:53:46,"Bucuresti Mall, Intrare Calea Vitan","Strada Soldat Minca Dumitru 15, Berceni, Bucuresti"
MzI1LTI1MTMxNjY3NzUtMzI4OTcxOTU2Mg,finished,cash,12.8,4.4,10.4,25.1,1,2.4,18-05-26,23:35:33,"Strada Plutonier Petre Ionescu 7, Bucuresti","Staaia de metrou Mihai Bravu, Bucuresti, Romania"
MzI1LTI1MTMxNDk0ODQtMzI4OTY4MjgwMQ,finished,in_app,21.5,8,13.8,34.7,1.9,4.8,18-05-26,23:10:44,"Soseaua Colentina 16, Bucuresti 021154","Str. Jean Alexandru Steriadi 22, Bucuresti 032502"
MzI1LTI1MTMxNDE5MjctMzI4OTY2NjI5MA,finished,in_app,12.8,2,3.8,31.8,0.9,3.3,18-05-26,23:01:42,"Strada Doamna Ghica 4, Bucuresti 022832","Strada Lunca Florilor 3, Bucuresti"
MzI1LTI1MTMxMjg1OTQtMzI4OTY0MDE2NA,finished,in_app,28.3,9.1,16.4,33.3,0,0.5,18-05-26,22:45:12,"Barrier Regie, Complexul Studenaesc Regie","Strada Ripiceni 6B, Tei, Bucuresti"
MzI1LTI1MTMxMjIxOTctMzI4OTYyNjI0NA,finished,cash,15.2,5.4,9.9,32.8,1.3,1.6,18-05-26,22:36:11,"Strada Apusului 63, Bucuresti 062282","Barrier Regie, Complexul Studenaesc Regie"
MzI1LTI1MTMwOTYxMDYtMzI4OTU3NDgzMg,finished,in_app,16.3,5,12.4,24.3,0.6,1,18-05-26,22:05:10,"Bulevardul Uverturii 87, Bucuresti",Strada Rezervelor 58C
MzI1LTI1MTMwNjg0MjktMzI4OTUyMjY5MQ,finished,in_app,33.9,7.5,14.4,31.3,2.9,7.3,18-05-26,21:32:36,"Bulevardul Regele Mihai I al Romaniei 32, Bucuresti","Ajustorului Park Residence, Strada Ajustorului, Bucuresti, Romania"
MzI1LTI1MTMwNTU5NTYtMzI4OTQ5OTcyNA,finished,in_app,16.4,7.3,14.7,29.9,1.5,3.8,18-05-26,21:17:51,"Strada Mihail Sebastian 29, Bucharest","Emil Pangratti Street, Televiziunea Romana"
MzI1LTI1MTMwMjM1ODYtMzI4OTQ0MzI4NA,finished,cash,20.3,5.2,13.4,23.4,0.9,4.3,18-05-26,20:41:01,"Strada Mircea Vulcanescu 91, Bucuresti 010817","Strada Docolina 20a, Bucuresti, Romania"
MzI1LTI1MTMwMDQ1MDYtMzI4OTQxMTIyNw,finished,in_app,22.1,6.4,17.2,22.4,0.8,1.7,18-05-26,20:19:32,"Strada Fantanica 3, Bucuresti 021801","Strada Virgiliu 55-57, Sector 1, Bucuresti"
MzI1LTI1MTI5OTAzMTYtMzI4OTM4NjY2NA,finished,in_app,20.6,6.5,12.4,31.7,1.1,2.5,18-05-26,20:04:19,"Intrarea Chefalului 11, Sector 2, Bucuresti","Soseaua Pantelimon 107, Bucuresti 021595"
MzI1LTI1MTI5Nzk3NTctMzI4OTM2OTMzOQ,finished,in_app,15,4.6,10.3,27,0.7,2.4,18-05-26,19:53:58,"Intrare Principala, Veranda Mall","Metrou Pipera, Sectorul 2, Bucuresti"
MzI1LTI1MTI5NDU4ODEtMzI4OTMxMjg2Ng,finished,cash,17.9,4.7,13.1,21.7,0.6,1,18-05-26,19:20:50,"Splaiul Unirii 165, Bucuresti","Intrarea dm, Bucur Obor"
MzI1LTI1MTI5NDI0MTAtMzI4OTMwNzQzNQ,finished,in_app,12.8,2.8,6.3,26.4,0.2,0.4,18-05-26,19:17:39,"Piaaa Sudului Entrance, Sun Plaza Mall","Calea Vacaresti 176-178, Bucuresti 031016"
MzI1LTI1MTI4NzU3NTItMzI4OTE5NjgwNw,finished,in_app,56.2,14.8,36.5,24.4,1.3,5,18-05-26,18:18:29,"Strada Mehadia 49, Bucuresti","Strada Aurel Persu 112-114, Bucuresti"
MzI1LTI1MTA2OTQyMDYtMzI4NTM3NTE1Ng,finished,cash,19.3,7.3,14.3,30.5,1.3,3.8,17-05-26,4:35:39,"Strada Dobrescu Matache 15, Bucuresti","Gara de Nord, Gara de Nord, Bucuresti"
MzI1LTI1MTA2NjI4MDUtMzI4NTI5ODkzOQ,finished,in_app,30.8,10.2,19.2,31.9,0.6,1.6,17-05-26,4:00:50,"Drumul Dealul Bradului 130-134  C2, 041838","Intrarea Horbotei 2A, Bucuresti 030466"
MzI1LTI1MTA2MzU4NjYtMzI4NTIzNTUyMw,finished,in_app,46,17.8,29.9,35.6,0.2,2.1,17-05-26,3:32:49,"Strada Viitorului 10, Rosu 011645",Strada Dumitru Brumarescu 12 D1
MzI1LTI1MTA2MDUyMzYtMzI4NTE2NjA1Ng,finished,cash,56,10,15.1,39.9,4,8.6,17-05-26,3:07:49,"Beraria H, Beraria H","Intrarea Viitorului 8, Rosu 077042"
MzI1LTI1MTA1NzUzNTUtMzI4NTA5NzYyNA,finished,in_app,41.2,7.7,16.5,28.1,0.7,1,17-05-26,2:46:33,"Strada 11 Iunie 46, Bucuresti 040172","Calea Griviaei 401, Bucuresti"
MzI1LTI1MTA1NTE5NjAtMzI4NTA0NTMyOA,finished,in_app,26,3.4,10.4,19.4,0.5,0.7,17-05-26,2:32:49,"Calea 13 Septembrie 102, Bucuresti","Strada Bibescu Voda 1, Bucuresti 040151"
MzI1LTI1MTA1MjI4MzgtMzI4NDk4NjIzMQ,finished,in_app,31.8,3.2,6.8,28,1.6,4.7,17-05-26,2:18:52,"Splaiul Independenaei 45, Bucuresti 030167","Strada Sabinelor 125, Bucharest"
MzI1LTI1MTAzNjU5MjItMzI4NDY1OTY4Mw,finished,in_app,12.8,1.9,5,22.4,0.8,2.1,17-05-26,0:48:10,"Aleea Ramnicu Valcea 14A, Bucuresti","Soseaua Mihai Bravu 510, Bucharest"
MzI1LTI1MTAzNDA5MzMtMzI4NDYwNzIxMQ,finished,cash,16.8,4.3,9,29,0.8,4.8,17-05-26,0:33:08,"Bulevardul Unirii 25-27, Bucuresti 040103","Strada Muresana 4, Bucuresti"
MzI1LTI1MTAzMDY0MzMtMzI4NDUzODQ1NA,finished,in_app,13.7,4.7,11.7,24.3,0.4,1.6,17-05-26,0:13:27,"Strada Petre Ispirescu 29, Bucuresti 051024","Strada Selari 2, Bucuresti"
MzI1LTI1MTAyNzEyNTktMzI4NDQ3MDU2Mw,finished,cash,19.1,5.8,20.1,17.4,0,0.2,16-05-26,23:52:01,"Calea Victoriei 24-22, Bucuresti 010091","Str. Dumbrava Noua 25, Bucuresti 051145"
MzI1LTI1MTAyNTE1MjItMzI4NDQzMTgxNg,finished,in_app,25.2,5.1,12.2,24.8,0.8,1.7,16-05-26,23:39:20,"Bulevardul Iuliu Maniu 6R, Bucuresti 061103","Victoriei Ballroom, Calea Victoriei 21-23, Sector 3, Bucuresti"
MzI1LTI1MTAyMTEyMzMtMzI4NDM1NTcyMQ,finished,business,20,6.7,11.1,36,0.8,2.3,16-05-26,23:13:31,Bulevardul Iuliu Maniu 560A,"Aleea Potaisa 1, Bucuresti 061903"
MzI1LTI1MTAxNjIyMzEtMzI4NDI3MDE1NQ,finished,business,34.4,11.3,23.6,28.9,1.6,5.7,16-05-26,22:41:59,Strada Ankara 7,Strada Tineretului 17
MzI1LTI1MTAxMzc0NzYtMzI4NDIyOTM1Mw,finished,in_app,20.4,6.6,15.5,25.7,1.4,2.6,16-05-26,22:25:26,"Soseaua Pipera 48A, Bucuresti 020112","Animaletto Pizza Bar, Strada Visarion 10, Dorobanai, Bucuresti"
MzI1LTI1MTAxMDQ2NTYtMzI4NDE3MjY2NA,finished,cash,28.7,9.5,17.4,32.8,0.3,0.8,16-05-26,22:03:30,"Soseaua Pantelimon 335, Bucuresti","Strada Nicolae G. Caranfil 76-80, Bucuresti 014285"
MzI1LTI1MTAwODAwNzUtMzI4NDEyOTg0Ng,finished,cash,18.7,5,9,33.1,1.2,2.8,16-05-26,21:47:24,"Strada Liviu Rebreanu 6A, Bucuresti 031784","Bulevardul Victor Dumitrescu 53, Dobroesti 077085"
MzI1LTI1MTAwNTYzNDYtMzI4NDA4OTY4OA,finished,cash,13.1,4.1,8.4,29.1,1.6,3.1,16-05-26,21:32:07,"Strada Hasmasului 29, Bucuresti","Bulevardul Nicolae Grigorescu 31, Bucarest, Rumana"
MzI1LTI1MTAwMzcyODAtMzI4NDA1NDQyMA,finished,in_app,16.8,5,10.9,27.6,1.7,3.9,16-05-26,21:19:07,"Strada Locotenent Aurel Botea 74, Bucuresti","Soseaua Vergului 16, Bucuresti 022448"
MzI1LTI1MTAwMTI1MTAtMzI4NDAxMDA5Nw,finished,cash,17.9,2.1,5.8,22.1,0.7,1.3,16-05-26,21:03:20,"Calea Vitan 55-59, Bucuresti 031281","Strada Matei Basarab 92, Centrul Civic, Bucuresti"
MzI1LTI1MDk5ODE2NzEtMzI4Mzk1NjcyMA,finished,cash,20.1,6.7,16.4,24.5,0.6,1.9,16-05-26,20:43:36,"Strada Cibinului 2, Bucuresti","Din Fu, Strada Alexandru Moruzi Voievod 78, Vitan, Bucuresti"
MzI1LTI1MDk5NDIyODItMzI4Mzg4NTY0NQ,finished,cash,21.8,5.9,16.8,21.2,1.1,3.4,16-05-26,20:18:41,"Calea Griviaei 57, Bucuresti","Strada Teliaa 17A, Bucuresti"
MzI1LTI1MDk5MjE2NDEtMzI4Mzg0ODQzNA,finished,cash,12.8,2.9,8.6,20.5,0.2,1.4,16-05-26,20:05:47,"Calea Victoriei 88, Bucuresti 010085","Gara de Nord, Gara de Nord, Bucuresti"
MzI1LTI1MDk5MDQzODgtMzI4MzgxNzUxNQ,finished,in_app,12.8,3.4,11.2,18.2,0.4,1.8,16-05-26,19:55:32,"Strada Clucerului 39, Bucuresti 011363","Intercontinental Athenee Palace, Intercontinental Athenee Palace"
MzI1LTI1MDk4NDg1MTktMzI4MzcxMzUxOQ,finished,cash,47.9,8.3,28.1,17.8,0.9,2,16-05-26,19:22:08,"Tomis Garden ApartHotel, Strada Tepes Voda 154-156, Sectorul 2, Bucuresti","Bulevardul Marasti 17, Spitalul Universitar de Urgenaa Elias"
MzI1LTI1MDk4Mjk4MzEtMzI4MzY3OTQwMw,finished,in_app,28.5,2.8,9.2,18.3,0.5,1,16-05-26,19:10:25,"Strada Ion Tuculescu 21-23, Bucuresti 031611","U.N.A.T.C. - Facultatea de Film si Televiziune, Sector 2, Bucuresti"
MzI1LTI1MDk3OTQ1MDItMzI4MzYxNjk5Ng,finished,in_app,25.2,6.2,14,26.5,1.1,5.7,16-05-26,18:48:46,"Bulevardul Iancu de Hunedoara 2, Bucuresti 010673","Strada Ion Tuculescu 42, Titan - Balta Alba, Bucuresti"
MzI1LTI1MDk3NzEyMDctMzI4MzU3NTkwNQ,finished,cash,18.1,4.3,8.8,29.7,1.3,3.3,16-05-26,18:33:49,"Bulevardul Constructorilor 1, Bucuresti 060501","Piaaa Matache, Gara de Nord, Bucuresti"
MzI1LTI1MDg0NDM1NjAtMzI4MTE3MTQzNQ,finished,cash,15.3,3.5,7.5,27.8,0.8,3.2,15-05-26,23:01:22,"Strada Edgar Quinet 10, Bucuresti 010018","Strada Fainari 26, Obor, Bucuresti"
MzI1LTI1MDg0MTk0NTQtMzI4MTExODcxNA,finished,in_app,19.6,6.5,15.9,24.5,2.2,4.8,15-05-26,22:39:23,"Strada Musetesti 4, Bucuresti 014365","P+1, Calea Victoriei, Bucharest, Romania"
MzI1LTI1MDgzNTM0NzUtMzI4MTAwOTI4OQ,finished,in_app,44,13.4,30.7,26.2,1.8,6,15-05-26,21:52:40,"Strada Voineasa 38, Bucuresti","Diplomatic Club of Bucharest, King Mihai I Park of Romania"
MzI1LTI1MDgzMjA0MDAtMzI4MDk1NTUxNg,finished,in_app,18.7,6.3,18.1,20.8,1.3,3.8,15-05-26,21:28:54,"Calea Dorobanailor 47, Dorobanai, Bucuresti","Asmita Gardens, Vacaresti, Bucuresti"
MzI1LTI1MDgzMDAyNDUtMzI4MDkyMzA0MQ,finished,in_app,12.8,3.9,12.7,18.2,0.8,2.3,15-05-26,21:15:27,"Strada Sfinaii Apostoli 15, Bucuresti","Strada Mihai Eminescu 17, Sector 1, Bucuresti"
MzI1LTI1MDgyNzk3ODctMzI4MDg4NzU4OA,finished,in_app,14.4,4.3,11.1,23.4,1,3.7,15-05-26,21:01:33,"Strada Dristorului 102, Bucuresti 031541","Hanul lui Manuc, Centrul Vechi"
MzI1LTI1MDgyNjIxNjEtMzI4MDg1NjkwOQ,finished,in_app,14.9,3.1,8.8,21.5,1.1,1.8,15-05-26,20:49:41,"Bulevardul Ferdinand I 30, Bucuresti","Strada Eufrosina Popescu 56, Bucuresti"
MzI1LTI1MDgyMjc4OTYtMzI4MDc5NjQ4NA,finished,in_app,29,9.1,21.4,25.5,0.3,0.3,15-05-26,20:27:12,"Strada Soldanului 5, Bucuresti","Random Space, Strada Popa Petre 21, Bucuresti"
MzI1LTI1MDgwOTczNDAtMzI4MDU1NDc3MA,finished,in_app,65.6,19.8,42.4,28,1.1,3.5,15-05-26,19:06:20,"Soseaua Stefan cel Mare 24, Bucuresti 020143","Strada Nucului 35a, Berceni, Romania"
MzI1LTI1MDgwNjU1ODktMzI4MDQ5ODM0Ng,finished,in_app,33.6,7,18,23.5,0,0.2,15-05-26,18:46:47,"Galaxy Entrance, Afi Palace Cotroceni Mall","Athina Suites Hotel, Strada Mihai Eminescu 92-94, Sector 2, Bucuresti"
MzI1LTI1MDgwNDkyMjQtMzI4MDQ2OTUzNA,finished,in_app,19.3,3.1,6.3,29.3,1.3,3.4,15-05-26,18:37:18,"Strada Lucacesti 51, Bucuresti 060244","Intrare Galaxy, Afi Palace Cotroceni"
MzI1LTI1MDgwMjg1NTItMzI4MDQzMjcwNA,finished,cash,17.9,2.4,6,24.2,2.2,4.6,15-05-26,18:25:23,"Intrarea Guliver 16, Bucuresti","Strada Nucsoara 4, Bucuresti 060524"
MzI1LTI1MDgwMTMzMDYtMzI4MDQwMjgzOQ,finished,in_app,34.9,3.3,8.1,24.8,0.5,1.6,15-05-26,18:15:31,"Strada Nicolae Oncescu 23A, Bucuresti 060463","Strada Boziilor 11, Bucuresti"
MzI1LTI1MDY3OTQxMjgtMzI3ODIwNTYwMg,finished,in_app,25.2,7.3,14.2,30.8,2.2,4.3,14-05-26,22:13:14,"Strada Biserica Enei 18, Bucuresti 010019","Calea Apeductului 11, Bucuresti 060912"
MzI1LTI1MDY3ODUzNzAtMzI3ODE4OTczNA,finished,in_app,14.2,3.7,10,22.3,1.7,3,14-05-26,22:05:10,"Soseaua Stefan cel Mare 238, Bucuresti 020164","Bulevardul General Gheorghe Magheru 32-36, Sector 1, Bucuresti"
MzI1LTI1MDY3NjkwNjktMzI3ODE2MTY3Nw,finished,business,14.2,4.2,10.4,24.1,0.9,3.5,14-05-26,21:50:09,"Bulevardul Burebista 2, Bucuresti 031108","Strada Precupeaii Vechi 28, Bucuresti 020685"
MzI1LTI1MDY3NDM5MDAtMzI3ODExOTcwMw,finished,in_app,18.7,5.1,15.1,20.3,0.8,2.9,14-05-26,21:25:27,"Strada General Henri Mathias Berthelot 50, Bucuresti","Rainbow, Bulevardul Decebal 14, Centrul Civic, Bucuresti"
MzI1LTI1MDY3MzU0NzctMzI3ODEwNjE4NA,finished,in_app,12.8,3.6,9.8,22.2,0.8,2.4,14-05-26,21:17:26,"Bulevardul Dimitrie Cantemir 27, Bucuresti 040238","Strada Doctor Vasile Sion 1-9, Bucuresti"
MzI1LTI1MDY3MzA1MzEtMzI3ODA5ODU0OA,finished,in_app,12.8,1.6,6.1,16,0.2,0.6,14-05-26,21:12:49,"Strada Branduselor 56, Bucuresti","Str. Avalansei 7, Bucuresti 040302"
MzI1LTI1MDY3MjA1NTYtMzI3ODA4MjE4Mg,finished,in_app,12.8,0.9,3,17.7,1.3,2.8,14-05-26,21:03:44,"Strada Moailor 15, Bucuresti","Banian Concept, Strada Branduselor, Bucharest, Romania"
MzI1LTI1MDY3MDA2MjAtMzI3ODA0OTI3Ng,finished,in_app,17.1,4.8,13.9,20.8,0.9,2.7,14-05-26,20:45:08,"Strada Toamnei 41, Bucuresti 020703","Strada Logofatul Tautu 2, Nerva Traian, Bucuresti"
MzI1LTI1MDY2ODUxNjItMzI3ODAyMzAyMg,finished,in_app,13.4,3.6,12.1,18.1,0.5,1.4,14-05-26,20:30:26,"Strada Didiael 13, Bucuresti 040337","Boogie Bar, Strada Popa Petre 36, Bucuresti"
MzI1LTI1MDY2NzA1NjItMzI3Nzk5ODgwMA,finished,in_app,12.8,3.9,11,21.1,1.1,3.2,14-05-26,20:16:59,"Soseaua Giurgiului 119, Bucuresti 040661","Aleea Borcea 8, Bucharest 040421"
MzI1LTI1MDY2NTk4OTMtMzI3Nzk4MTI2Mw,finished,in_app,12.8,0.7,3.1,12.8,0.5,3.3,14-05-26,20:07:55,"Drumul Gazarului 1, Bucuresti 040821","Strada Almasul Mic 8, Giurgiului, Bucuresti"
MzI1LTI1MDY2MjUyNDUtMzI3NzkyNDI2OA,finished,cash,31.3,10.3,23.8,25.9,0.2,3.2,14-05-26,19:38:42,"Strada General Barbu Vladoianu 6, Bucuresti","Strada Raul Soimului 1, Bucuresti"
MzI1LTI1MDY2MDcxNDQtMzI3Nzg5NTEwOQ,finished,in_app,12.8,2.4,6.9,20.9,1.2,6.9,14-05-26,19:24:27,"Strada Sfinaii Voievozi 52-54, Bucuresti 010967","Bulevardul Banu Manta 27, Bucuresti"
MzI1LTI1MDY1OTA4MDktMzI3Nzg2NzY3Nw,finished,in_app,14,3.7,10.6,21.1,0,0.2,14-05-26,19:11:44,"Calea Mosilor 213, Bucuresti 020864","Trattoria Buongiorno, Bulevardul Lascar Catargiu 56, Dorobanai, Bucuresti"
MzI1LTI1MDY1NzAyMDQtMzI3NzgzMTgwNg,finished,in_app,16.4,5.1,17,18,0.1,0.6,14-05-26,18:56:00,"Bulevardul Mihail Kogalniceanu 3, Bucuresti 050101","Calea Mosilor 213, Sectorul 2, Bucuresti"
MzI1LTI1MDY1MzI1ODMtMzI3Nzc2Nzk1NQ,finished,in_app,37.4,7.7,16.7,27.8,4.4,14,14-05-26,18:27:58,"Calea Giulesti 457, Bucuresti","Bruma Coffee & Wine, Bulevardul Regina Elisabeta, Bucharest, Romania"
MzI1LTI1MDU5ODQ1OTMtMzI3Njg2NTYxMw,finished,in_app,14.9,3.3,11.9,16.5,0.7,1.5,14-05-26,11:41:24,"Strada Ostasilor 8, Bucuresti","Splaiul Independentei 290, Bucuresti 060029"
MzI1LTI1MDU0NDcxOTctMzI3NTkzOTg1NA,finished,in_app,59.9,10.5,29.2,21.5,5.5,11.2,13-05-26,23:57:49,"Calea Calarasilor 323, Bucuresti 030622","Gran Via Park, Bulevardul Timisoara 42, Bucuresti"
MzI1LTI1MDU0Mjk4MjgtMzI3NTkxNTA2Nw,finished,in_app,31.9,5.8,12.8,27.3,2.5,5.3,13-05-26,23:44:55,"Strada Baba Novac 25, Bucuresti","Aleea Lipanesti 4, Bucuresti 032507"
MzI1LTI1MDU0MDIyMDgtMzI3NTg2MjU4Mg,finished,business,37.2,8.7,21.9,23.9,1.5,4.5,13-05-26,23:19:18,Calea Floreasca 131-137,Bulevardul Camil Ressu 49
MzI1LTI1MDUzODAzNjQtMzI3NTgxNTE1NA,finished,cash,13.7,5.8,12.6,27.8,0.4,1.4,13-05-26,22:57:39,"Sos. Salaj 136, Bucuresti","Sergent Constantin Ghercu Street, La Mia Musica"
MzI1LTI1MDUzNjQ3ODEtMzI3NTc4NjMwOQ,finished,cash,20.2,6.1,15.1,24.4,1.7,3.3,13-05-26,22:40:36,"Bulevardul Schitu Magureanu 35, Bucuresti 010184","Strada Spatarul Preda 21, Bucuresti 050187"
MzI1LTI1MDUzNDk5MjgtMzI3NTc1OTk0Nw,finished,cash,14.2,2.6,7.5,20.6,4,5.9,13-05-26,22:24:36,"Strada Hatmanul Arbore 1, Bucuresti 011601","Piaaa Roma / Strada Lipscani, Centrul Vechi"
MzI1LTI1MDUzMjI4ODMtMzI3NTcxMTU1Mw,finished,in_app,18.1,7.7,19.3,23.9,0.5,1.9,13-05-26,21:58:07,"Strada Avrig 63, Bucuresti 021574","Bulevardul Pipera 1, Voluntari 077190"
MzI1LTI1MDUyNjAzMzMtMzI3NTYwODEzOA,finished,cash,14.2,3.9,9.6,24.1,0.7,1.8,13-05-26,20:53:57,"Strada Fabrica de Chibrituri 48, Bucuresti","Aleea Ghimes 8, Rahova, Bucuresti"
MzI1LTI1MDUyNDQ0ODQtMzI3NTU4MjY4MA,finished,in_app,16.4,5,12.6,23.5,0.3,0.9,13-05-26,20:38:14,"Bulevardul Camil Ressu 23C, Bucuresti","Club Expirat, Strada Doctor Constantin Istrati 1, Bucuresti"
MzI1LTI1MDUyMjg0NDEtMzI3NTU1NzExOQ,finished,cash,12.8,3.6,7.8,27.7,1,2.2,13-05-26,20:22:38,"Strada Ghiaa Serban Soldat 10, Bucuresti","Piaaa Ramnicu Sarat, Dristor, Bucuresti"
MzI1LTI1MDUyMDM5NzEtMzI3NTUxNjM2NQ,finished,cash,29,7.4,11.6,38.2,4,6.3,13-05-26,20:00:52,"Strada Abatorului 12, Glina, Romania","Intrare Strada Jean Steriadi , Auchan Titan"
MzI1LTI1MDUxODk3NzMtMzI3NTQ5MzY3Nw,finished,in_app,12.8,2.6,5.8,26.8,1.6,2.7,13-05-26,19:48:48,"Bulevardul Theodor Pallady 53, Bucuresti","Splaiul Unirii 9, 077160"
MzI1LTI1MDUxNjAzMzUtMzI3NTQ0NjU0Mg,finished,in_app,21.5,4.8,15.8,18.3,0.8,3.1,13-05-26,19:24:29,"Strada Zizin 10, Bucuresti","Strada Mizil 3, Titan - Balta Alba, Bucuresti"
MzI1LTI1MDUxMjg4NjYtMzI3NTM5MzgxNQ,finished,in_app,21.5,4.8,23.8,12.1,0.3,1.6,13-05-26,19:00:15,"Strada George Enescu 42, Bucuresti 010308","Calea Vitan Entrance, Bucharest Mall"
MzI1LTI1MDUxMTI3NTUtMzI3NTM2Njg0NA,finished,in_app,39.5,5.2,13.7,22.9,0.5,1.2,13-05-26,18:47:47,"Strada Chibzuinaei 4, Bucuresti","Facultatea de Cibernetica, Calea Dorobanailor 15-17, Bucuresti"
MzI1LTI1MDQwNjgzMDktMzI3MzY0MjgzMA,finished,business,15,4.2,11.2,22.6,1.2,1.3,13-05-26,0:25:19,"Afi Palace Cotroceni, Intrare Galaxy","Calea Crangasi 8-10, Bucuresti, Romania"
MzI1LTI1MDQwNTQ5OTEtMzI3MzYxNDkyNQ,finished,business,21.8,6.6,10.3,38.5,1.5,5,13-05-26,0:05:05,"Strada Polona 70, Bucuresti 010505","Bloc R2, Bulevardul Iuliu Maniu, Bucharest, Romania"
MzI1LTI1MDQwNDk2NjctMzI3MzYwNDQzNg,finished,business,20.3,3.7,7.7,28.8,1,4.4,12-05-26,23:57:27,"Strada Ion Campineanu 20, Bucuresti 010038","Strada Viesparilor 9, Sectorul 2, Bucuresti"
MzI1LTI1MDQwMjUxNzctMzI3MzU1NTkzNQ,finished,in_app,12.8,4.5,9,30.2,0.8,2.5,12-05-26,23:23:00,"Aleea Livezilor 35, Bucuresti 052433","Strada Turnu Magurele 14, Bucuresti 041713"
MzI1LTI1MDQwMDQ1NTgtMzI3MzUxNTU4Mw,finished,cash,25.5,7.1,13.9,30.5,1.9,4.5,12-05-26,22:58:59,"Strada Doctor Leonte Anastasievici 2, Bucuresti 061344","Strada Pontonierilor 32, Bucuresti, Romania"
MzI1LTI1MDM5OTg0MTYtMzI3MzUwMzE5Ng,finished,in_app,40.6,2.9,7.8,22.6,0.5,1.8,12-05-26,22:51:37,Strada Gramont 38,"Strada Doctor Nicolae Tomescu 4, Bucuresti"
MzI1LTI1MDM5ODQwMjgtMzI3MzQ3NTQ5Mw,finished,in_app,19.6,7.6,14.2,32.1,1,2.2,12-05-26,22:34:47,"Soseaua Pantelimon 242, Bucuresti 021313","Intr. Cpt. Gheorghe Preotescu 17, Bucuresti 040176"
MzI1LTI1MDM5Njc0MTYtMzI3MzQ0NTM1MA,finished,in_app,29.3,7.5,11.2,40,2.3,3,12-05-26,22:16:49,"Soseaua Libertaaii 4B, Titanul Nou","Soseaua Pantelimon 359, Bucuresti"
MzI1LTI1MDM5NTYyNDItMzI3MzQyMjgyOQ,finished,cash,12.8,2.6,9.7,16.4,0.7,2,12-05-26,22:04:10,"Bulevardul 1 Decembrie 1918 33A, Bucuresti 032467","Drumul Gura Caliaei 4-32, Titanul Nou, Bucuresti"
MzI1LTI1MDM5MzgzOTMtMzI3MzM5MTYzOQ,finished,in_app,21.5,7.3,14.7,29.7,1,1,12-05-26,21:45:09,"Strada Viitorului 176, Bucuresti 020618","Strada Rasinari 1, Titan - Balta Alba, Bucuresti"
MzI1LTI1MDM5MjY1MzItMzI3MzM3MDIxMQ,finished,in_app,17.3,1.9,5.2,21.9,1.6,5.5,12-05-26,21:31:53,"El Torito, Strada Iancu Capitanu 26, Sector 2, Bucuresti","Strada Badea Caraan 66, Bucharest, Romania"
MzI1LTI1MDM5MTI1NjEtMzI3MzM1NDM4Ng,finished,cash,14,3.7,8.5,26,1.5,4.6,12-05-26,21:21:46,"Piaaa Unirii 1, Bucuresti 030119","dm Entrance , Bucur obor"
MzI1LTI1MDM5MDgzMDktMzI3MzMzOTE3Mg,finished,in_app,16.6,2.1,6.8,18.9,1,3,12-05-26,21:12:19,"Strada Scaune 1, Bucuresti","Strada Spineni 4, Bucuresti 040267"
MzI1LTI1MDM4OTg2NTAtMzI3MzMyNDk3MA,finished,cash,12.8,2.9,7.8,22.1,0.7,1.3,12-05-26,21:03:32,"Bulevardul Decebal 5, Bucuresti 030962","Bulevardul Nicolae Balcescu 27-33,  010045"
MzI1LTI1MDM4ODU1OTItMzI3MzMwMjg3Mg,finished,cash,14,3.3,8.9,21.8,1.6,4.2,12-05-26,20:48:56,"Bulevardul Carol I 8, Bucuresti 020921","Strada Mesterul Manole 6, Bucuresti 031124"
MzI1LTI1MDM4NTU0MjEtMzI3MzI1MzM5NA,finished,in_app,20.6,5.2,14.7,21,1.7,6,12-05-26,20:17:17,"Strada Maior Ion Coravu 43, Bucuresti","Strada Spineni 2, Bucuresti 040267"
MzI1LTI1MDM4MzY2NzAtMzI3MzIyMjMwOA,finished,in_app,14,3.5,11.4,18.6,1.8,2.7,12-05-26,20:00:14,"Strada Maica Domnului 2, Bucuresti","Strada Constantin Georgian 27, Bucuresti 021761"
MzI1LTI1MDM3ODY0MDEtMzI3MzEzOTU2NA,finished,in_app,14.9,4.8,16.3,17.6,0.8,3.3,12-05-26,19:15:30,"Bulevardul Dimitrie Cantemir 9, Bucuresti 040014","Sos. Mihai Bravu 37A, Bucuresti 021305"
MzI1LTI1MDM3NjQxNjctMzI3MzEwMTAxNQ,finished,in_app,17.3,3.8,14.7,15.4,1.3,4.3,12-05-26,18:57:09,"Strada Mihail Sebastian 88, Bucuresti 050784","The Harp, Bulevardul Dimitrie Cantemir 2, Centrul Civic, Bucuresti"
MzI1LTI1MDM3NDg2OTktMzI3MzA3NDM0Ng,finished,in_app,14,1.2,4.1,18,0.8,1.7,12-05-26,18:44:09,"Strada Biserica Alexe 28, Bucuresti 040269","Aleea Suter 4, Sectorul 4, Bucuresti"
MzI1LTI1MDM3MjE0NDItMzI3MzAyNjcxMA,finished,in_app,50.6,5.8,18.4,19,0.1,0.9,12-05-26,18:22:48,"Strada Mioriaa 2, Bucuresti 060761",Bulevardul Marasesti 4-6
MzI1LTI1MDM2OTk0NzQtMzI3Mjk4OTQxNQ,finished,in_app,15.8,3.3,7,28.4,1.7,11.6,12-05-26,18:06:37,"Strada Sergent Stefan Crisan 31, Bucuresti 060312","Strada Economu Cezarescu 30, Bucuresti 060754"
MzI1LTI1MDM2OTE2OTItMzI3Mjk3NDkyOQ,finished,cash,16.6,0.6,3.2,10.4,1,3.7,12-05-26,18:00:15,"Strada Magura Odobesti 19, Bucuresti 014565","Str. Nicolae Oncescu 6, Bucuresti"
MzI1LTI1MDI2ODU0MjItMzI3MTIwMTU0OA,finished,in_app,14.9,3.6,7.4,28.9,2.7,4.5,12-05-26,0:06:52,"Strada Sergent Constantin Apostol 4, Bucuresti 061344","Strada Locotenent Saidac Gheorghe 9, Bucuresti 060532"
MzI1LTI1MDI2NjEyMDItMzI3MTE0OTI3NA,finished,business,36.6,12,20.9,34.3,4.3,5,11-05-26,23:29:39,"Parcul Regele Mihai I, Sectorul 1, Bucuresti",Strada Weiner Palada 60D
MzI1LTI1MDI2MzAyOTQtMzI3MTA4NDMzNA,finished,in_app,28.4,8.8,23.6,22.5,1.6,5,11-05-26,22:51:53,"Hotel Tranzzit, Strada Lipova, Bucharest, Romania","Intrarea Aurel Giurumia 2, Bucuresti"
MzI1LTI1MDI2MjQyMTAtMzI3MTA3MTQzNQ,finished,cash,16.6,3.3,7.1,28,1.9,4.2,11-05-26,22:44:02,"Radisson Blu, Radisson Blu Hotel Bucharest","Orhideea Residence & Spa, Calea Plevnei 145B, Grozavesti, Bucuresti"
MzI1LTI1MDI1ODgzOTAtMzI3MTAwMDIwNA,finished,cash,26.4,9.2,19.7,28,1.9,4.9,11-05-26,22:04:16,"Strada George Calinescu 4A, Bucuresti 011693","Strada Maior Porumbaru Ion 62a, Bucuresti, Romania"
MzI1LTI1MDI1NzM2OTYtMzI3MDk3MTUyMQ,finished,cash,13.7,6.1,9.6,38.1,1,1.8,11-05-26,21:48:24,"Pod Eroilor, Sectorul 5, Bucuresti","Strada Dinu Vintila 6, Bucuresti 021102"
MzI1LTI1MDI1Mzk0MjctMzI3MDkwODIyMA,finished,in_app,16.9,5.9,24.1,14.7,0.1,0.6,11-05-26,21:09:29,"Intrare Principala, Liberty Center Mall","Strada Lacul Mare 12-14, Rahova, Bucuresti"
MzI1LTI1MDI1MTg4NjAtMzI3MDg3MjQzNQ,finished,cash,12.8,3.3,11.7,16.7,0.6,1.8,11-05-26,20:46:57,"Strada Sergent Ion Nuau 8-12, Bucuresti 050781","Strada Locotenent Ilie N. Campeanu 2, Bucuresti 051965"
MzI1LTI1MDI0NTk4OTAtMzI3MDc2NDIyMw,finished,in_app,22.7,7.5,14.6,31,0.7,1.9,11-05-26,19:45:51,"Strada Locotenent Aviator Gheorghe Stalpeanu 8, Bucuresti","Bd. Timisoara 69, Bucuresti, Romania"
MzI1LTI1MDI0NDAxNjktMzI3MDcyNjU3MA,finished,cash,20.3,4.6,10.6,26.2,1.6,4.8,11-05-26,19:26:54,"Intrare Dinicu Golescu, Gara de Nord","Hotel Samaa, Bulevardul Ion Mihalache, Bucuresti, Romania"
MzI1LTI1MDI0MTgxMjUtMzI3MDY4Mjk2Mg,finished,in_app,20.2,6.4,16.9,22.7,1.5,3.7,11-05-26,19:07:44,"Soseaua Mihai Bravu 139-145, Bucuresti 021315","Calea Griviaei 160, Bucuresti 010745"
MzI1LTI1MDIzODYxNDAtMzI3MDYyNTQ5NQ,finished,in_app,26.2,7.1,25.4,16.8,0.4,0.8,11-05-26,18:40:21,"Splaiul Independenaei 181, Bucuresti","Intrarea principala, Spitalul Victor Babes"
MzI1LTI1MDIzNzMwNDctMzI3MDYwMTA0OA,finished,in_app,13.6,3.5,8.9,23.9,0.5,1.9,11-05-26,18:29:41,"Strada Vintila Mihailescu 16, Bucuresti 060398","Universitatea Naaionala de Educaaie Fizica si Sport, Strada Constantin Noica 140, Sectorul 6, Bucuresti"
MzI1LTI1MDEzMjc2NTEtMzI2ODY3NTQ4Nw,finished,in_app,12.8,3.1,6.2,30.2,2.4,4.2,10-05-26,23:15:02,"Strada Sirenelor 90, Bucuresti 050855","Strada Barnova 1, Bucuresti 051161"
MzI1LTI1MDEzMjAyNzEtMzI2ODY1OTY3NA,finished,in_app,12.8,2.4,6.7,21.6,1,0.7,10-05-26,23:06:45,"Bulevardul Iuliu Maniu 6E, Bucuresti 061103","Strada Doctor Thoma Ionescu 6, Cotroceni, Bucuresti"
MzI1LTI1MDEyOTM3ODQtMzI2ODYwNjAxNw,finished,in_app,22.4,7.8,17.6,26.5,1.4,3.4,10-05-26,22:39:01,"Hanul lui Manuc, Centrul Vechi","Bulevardul Iuliu Maniu 73, Bucuresti 061089"
MzI1LTI1MDEyODM5MzQtMzI2ODU4NzAzMA,finished,in_app,12.8,3.1,6.8,27.3,1,2.4,10-05-26,22:29:26,"Calea Dudesti 188, Bucuresti","Str. Olimpului 30, Bucuresti"
MzI1LTI1MDEyNzM5ODctMzI2ODU2NjkxNQ,finished,business,12.8,2.4,7,20.3,1.3,2.5,10-05-26,22:19:17,Strada Vlad Judeaul 2,"Drumul Murgului 36, Dristor, Bucuresti"
MzI1LTI1MDEyMjg4NzQtMzI2ODQ3NzM1Mg,finished,cash,57.1,16.7,40,25,0.8,1.4,10-05-26,21:37:21,"Strada Theodor D. Speranaia 108, Bucuresti","amoom unirii, Bulevardul Unirii 72, Centrul Civic, Bucuresti"
MzI1LTI1MDEyMTA1MjQtMzI2ODQ0Mzc3Mg,finished,cash,12.8,3.5,7.1,29.2,2.2,4.1,10-05-26,21:20:12,"Strada Magnetului 25, Bucuresti 033066","McDonald's, Bulevardul Basarabia 99, Pantelimon, Bucuresti"
MzI1LTI1MDExODk1OTItMzI2ODQxMjE1MA,finished,cash,17.2,5.4,10.8,29.7,0.8,3.9,10-05-26,21:04:17,"Intrare Flanco, Auchan Titan","Strada Elbrus 11, Bucuresti"
MzI1LTI1MDExNzM5MzItMzI2ODM4MDQzOA,finished,cash,20.6,5.3,16.1,19.9,1.4,1.5,10-05-26,20:46:46,"Strada Liviu Rebreanu 29, Bucuresti","Bulevardul 1 Decembrie 1918 25, Bucuresti 032454"
MzI1LTI1MDExNjYzMzctMzI2ODM2NDc4Mg,finished,in_app,12.8,2.1,6.5,19.2,0.8,1.9,10-05-26,20:37:54,"Strada Ion Tuculescu 31, Bucuresti","Bulevardul Nicolae Grigorescu 31A, Bucuresti 030438"
MzI1LTI1MDExNDI5MzktMzI2ODMyMzMwMQ,finished,in_app,26.9,9.1,20.2,26.9,2.1,3,10-05-26,20:14:30,"Strada Turnu Magurele 116-122, Bucuresti 041712","Strada Gheorghe Petrascu 14, Bucharest"
MzI1LTI1MDEwOTY3NjAtMzI2ODI0MDYyMw,finished,in_app,29.1,9.7,22.6,25.8,0.2,0.9,10-05-26,19:29:45,"Bulevardul Iuliu Maniu 11, Bucuresti 061072","Strada Odei 166, Bucuresti"
MzI1LTI1MDEwODU0MzYtMzI2ODIxOTIxNA,finished,in_app,14.9,3.8,9.4,24.1,0.8,3,10-05-26,19:18:42,"Strada Iacob Negruzzi 11, Bucuresti 011093","Bulevardul Iuliu Maniu 6E, Militari, Bucuresti"
MzI1LTI1MDEwNDc5ODEtMzI2ODE0OTA4Nw,finished,cash,26.6,6.1,13.8,26.5,0,1.1,10-05-26,18:44:05,"Intrare Far, Afi Palace Cotroceni","Piaaa Roma / Strada Lipscani, Centrul Vechi"
MzI1LTI1MDEwMjIxNjItMzI2ODEwMjA4Ng,finished,cash,21.2,5.9,18,19.7,0.5,2.1,10-05-26,18:20:35,"Strada Locotenent Aviator Marcel Andreescu 11, Bucuresti","Far Entrance, Afi Palace Cotroceni Mall"
MzI1LTI1MDEwMDk5NTktMzI2ODA4MTk3Ng,finished,in_app,21.8,5.6,11,30.7,0.6,3.1,10-05-26,18:10:04,"Calea Crangasi 29, Bucuresti 060312","POT.stories, Calea Floreasca 111-113, Floreasca, Bucuresti"
MzI1LTI0OTk3MDc1MzktMzI2NTY4MjgwMw,finished,in_app,19.9,4.5,12.6,21.3,1.4,1.9,09-05-26,22:14:57,"Soseaua Pantelimon 33-35, Bucuresti","Magazinul Victoria, Calea Victoriei 17, Sectorul 3, Bucuresti"
MzI1LTI0OTk2ODU4NTctMzI2NTYzODY2Nw,finished,in_app,16.4,4.4,12.7,21,0.3,1.9,09-05-26,22:00:44,"Strada Vlaicu Voda 23, Bucuresti","Forge, Soseaua Pantelimon 1A, Obor, Bucuresti"
MzI1LTI0OTk2NjA1MzMtMzI2NTU5MTQwNg,finished,in_app,14.8,3.5,10,20.8,0.6,1.1,09-05-26,21:43:18,"Strada Ion Tuculescu 19A, Bucuresti","Strada Chiciurei 31-35-37, Vitan, Bucuresti"
MzI1LTI0OTk2NTUxNTQtMzI2NTU4MDM3NQ,finished,cash,12.8,1,1.8,32.9,0,0.2,09-05-26,21:39:22,"Bulevardul Basarabia 85, Bucuresti 022111","Bulevardul Nicolae Grigorescu 19, Bucuresti 030434"
MzI1LTI0OTk2MTA3MTgtMzI2NTQ5MDE2MQ,finished,cash,20.6,7.6,18.1,25,0.1,0.1,09-05-26,21:08:22,"Drumul Dobroesti-Fundeni 13, Dobroesti, Romania","Strada Califarului 10, Pantelimon 077145"
MzI1LTI0OTk1NzIzMzktMzI2NTQxMjE4Mg,finished,cash,22.1,8.8,18.2,28.8,0.5,3.5,09-05-26,20:43:09,"Bulevardul Carol I 57, Bucuresti 020915","Strada Balantei 2, Dobroesti, Romania"
MzI1LTI0OTk1NDIzNjQtMzI2NTM0OTcyNA,finished,in_app,12.8,2,6,19.8,0.4,0.5,09-05-26,20:23:38,"Str. Paul Greceanu 30, Sector 2, Bucuresti","Piaaa Victoriei, Sector 1, Bucuresti"
MzI1LTI0OTk0OTk0NzctMzI2NTI1OTA4Mw,finished,cash,12.8,3.4,7.1,28.9,1.1,3.3,09-05-26,19:56:08,"Intrarea Zamfirescu Leonida Eliza 15, Bucuresti","Restaurant Marcon Calise, Strada Constantin Noica 140A, Sectorul 6, Bucuresti"
MzI1LTI0OTk0NjQ4ODgtMzI2NTE4ODIzMQ,finished,in_app,15.7,5,15.2,19.9,1.6,2.7,09-05-26,19:35:06,"Calea Floreasca 169A, Bucuresti","Strada General Barbu Vladoianu 4, Griviaa, Bucuresti"
MzI1LTI0OTk0NTcyNDktMzI2NTE3MzQ4NA,finished,in_app,12.8,1.7,5.5,18.8,0.3,0.7,09-05-26,19:30:38,"Strada Grigore C. Moisil 5, Bucuresti","Scenario, Floreasca One Tower"
MzI1LTI0OTk0MTk0ODEtMzI2NTA5MzYzOQ,finished,in_app,18.7,6,21,17.1,0.1,0.2,09-05-26,19:06:18,"The Marmorosch Entrance, The Marmorosch Bucharest, Autograph Collection","Strada Tuzla 50A, Bucuresti"
MzI1LTI0OTkzNzQ2NzYtMzI2NTAwNDc5Ng,finished,in_app,28.9,7.9,22.6,21.1,0.5,1,09-05-26,18:37:32,"Aleea Onisifor Ghibu 3, Bucuresti 032445","Academiei Street, Old Town"
MzI1LTI0OTkzNDM4OTQtMzI2NDk0ODI4Mw,finished,in_app,22.4,7.4,17.6,25.2,0.9,2.8,09-05-26,18:16:36,"Strada Popa Petre 43, Bucuresti 020803","Strada Soldat Tudor Ion 15, Bucuresti"
MzI1LTI0OTkyODc4NDQtMzI2NDg0NzgxOA,finished,in_app,29.9,9.5,18,31.5,0.5,0.5,09-05-26,17:38:00,"Strada Vintila Mihailescu 4, Bucuresti","Calea Serban Voda 270, Sectorul 4, Bucuresti"
MzI1LTI0OTkwMDMzNDMtMzI2NDM1NDQ4Mg,finished,in_app,19.2,3.4,16,12.7,1,3.6,09-05-26,14:03:20,"Calea Dorobanailor 135-145, Bucuresti","Strada Costache Marinescu 39, Griviaa, Bucuresti"
MzI1LTI0OTg5Njk5MTMtMzI2NDI5NjU4NA,finished,in_app,12.8,3.7,11,20.3,0.4,1.8,09-05-26,13:36:21,"Strada Nada Florilor 2, Bucuresti 023603","Indigen / Space for the soul, Strada Tuzla 50, Tei, Bucuresti"
MzI1LTI0OTg5NTE2ODQtMzI2NDI2NDg0Mg,finished,in_app,12.8,3.1,11.1,16.8,0.6,4.3,09-05-26,13:21:11,"Intrare Principala, Veranda Mall","Aleea Teiul Doamnei 4, Bucuresti, Romania"
MzI1LTI0OTg5MzczODktMzI2NDIzOTk1OA,finished,in_app,12.8,2.5,11.5,13.1,1.5,3,09-05-26,13:08:58,"Strada Vasile Lascar 83, Bucuresti 020493","Obor Market, Strada Ziduri Mosi 4, Bucuresti"
MzI1LTI0OTg5MjkyMzAtMzI2NDIyNTU2NA,finished,in_app,12.8,1.2,6,12,0.2,0.1,09-05-26,13:01:53,"Strada Biserica Amzei 8, Bucuresti","Klauss Coffee Shop, Sector 2, Bucuresti"
MzI1LTI0OTg5MDEzNDAtMzI2NDE3NjY5MQ,finished,cash,20.2,3.9,16.6,14.1,1.2,3.1,09-05-26,12:38:34,"Bulevardul Unirii 59, Bucuresti 030828","Liceul George Calinescu, Piata Amzei, Piaaa Amzei"
MzI1LTI0OTg4OTI0ODktMzI2NDE2MDA5OA,finished,in_app,12.8,0.7,2.8,14.4,1.8,2.9,09-05-26,12:30:44,"Bulevardul Corneliu Coposu 1C, Bucuresti 030601","Hotel Marina, Centrul Civic, Bucuresti"
MzI1LTI0OTg4Nzk2MTctMzI2NDEzNjQyNA,finished,cash,14.3,4.2,12.9,19.6,0.7,1.5,09-05-26,12:18:52,"Strada Ispravnicului 4, Tei, Bucuresti","Strada Radu Calomfirescu 13, Bucuresti"
MzI1LTI0OTg4NTUyMDgtMzI2NDA5NDAyMA,finished,in_app,15.3,3.8,16.6,13.8,0.1,0.3,09-05-26,11:57:24,"Strada Ion Brezoianu 34, Bucuresti","Aleea Deda 1, Bucuresti 021235"
MzI1LTI0OTg4Mzc2MTQtMzI2NDA2MTA5MQ,finished,in_app,14.3,3.1,13.7,13.8,0,0.1,09-05-26,11:41:43,"Strada Ion Slatineanu 3, Bucuresti 010601","Str. Constantin Mille 17, Bucuresti"
MzI1LTI0OTg4MDkyNjAtMzI2NDAxMTg0Mg,finished,business,19.4,5.5,20.5,16.2,1.4,2.4,09-05-26,11:16:30,"Strada Visana 4, Bucuresti 040394","Str. Ion Slatineanu 30, Bucuresti 010602"
MzI1LTI0OTg3NjkwODctMzI2Mzk0MjE2MQ,finished,in_app,28.9,10.8,33.1,19.6,0.4,1,09-05-26,10:39:36,"Strada Zagazului 25, Bucuresti","Strada Soldat Ilie Serban 8B, Bucuresti"
MzI1LTI0OTg3MzU3NTctMzI2Mzg4MzAyOA,finished,in_app,28,7.9,24.9,19,0.8,1,09-05-26,10:07:10,"Strada Izvor 106, Bucuresti 050564","The Clinique Beauty & Health, Strada Virgil Madgearu 16B, Sector 1, Bucuresti"
MzI1LTI0OTg3MDU0MTItMzI2MzgyNzc3OA,finished,in_app,21.5,5.8,22.9,15.3,1.2,5.3,09-05-26,9:37:52,"Strada Magura Vulturului 70, Bucuresti","Entrance JW Marriott Grand Hotel, JW Marriott Bucharest Grand Hotel"
MzI1LTI0OTgxMzk4MjAtMzI2MjcxNjYyMw,finished,cash,19.5,3.1,6.8,27.7,1.4,2.6,08-05-26,23:27:35,"Intrarea principala, Gara de Nord","Metrou Stefan Cel Mare, Soseaua Stefan cel Mare, Bucuresti, Romania"
MzI1LTI0OTgxMDY2MDctMzI2MjY2NTMyMg,finished,in_app,15.8,4.6,11.3,24.3,1.8,3.9,08-05-26,23:05:16,"Piaaa Dorobanailor 6, Bucuresti 010588","Strada Prunaru 6, Bucuresti"
MzI1LTI0OTgwNzM2MjgtMzI2MjYxMDUzMA,finished,in_app,20.2,6,18.5,19.4,1.6,5,08-05-26,22:41:09,"Strada Ilfov 4, Bucuresti","Terra Events Hall, Bulevardul Lacul Tei 1 Bis, Tei, Bucuresti"
MzI1LTI0OTgwNTI0ODctMzI2MjU3NTg2OQ,finished,in_app,12.8,3.5,12.2,17.2,0.7,2.6,08-05-26,22:25:38,"Strada Racari 5, Bucuresti 031827","Splaiul Unirii 8, Bucuresti 00"
MzI1LTI0OTgwMzEwNzItMzI2MjUzOTc2NA,finished,in_app,14.9,4.4,10.8,24.3,1.5,5.7,08-05-26,22:09:33,"Strada Vatra Luminoasa 119, Bucuresti 021915","Strada Muresana 9, Bucharest"
MzI1LTI0OTc5Nzk1MDMtMzI2MjUwNTM0MQ,finished,cash,14.6,4.4,10.8,24.3,0.6,2,08-05-26,21:54:53,Strada Raspantiilor 13,"Strada Baicului 64, Electronicii, Bucuresti"
MzI1LTI0OTc5OTkzNTAtMzI2MjQ4NjA5NA,finished,in_app,14,2,5.8,20.9,1.6,4,08-05-26,21:46:44,"Bulevardul Pache Protopopescu 51, Bucuresti 021406","Strada Alecu Russo 10, Bucuresti"
MzI1LTI0OTc5MDI3NTEtMzI2MjMxMTkwMw,finished,cash,28.1,7.4,17.4,25.4,0.9,5,08-05-26,20:37:15,"Strada Elena Farago 18, Bucuresti","Strada Ziduri Mosi 4, Obor, Bucuresti"
MzI1LTI0OTc4OTE0OTYtMzI2MjI5MDQ3MQ,finished,in_app,12.8,0.7,4.7,9,0.9,3.6,08-05-26,20:29:27,"Strada Sergent Stefan Crisan 31, Bucuresti 060312","Calea Crangasi 40, Bucuresti 060342"
MzI1LTI0OTc4NjQ4MTgtMzI2MjIzOTk3Nw,finished,in_app,13.4,3.9,8.9,26.3,0.5,0.7,08-05-26,20:10:44,"Bulevardul Regina Elisabeta 49, Bucuresti","Strada Barbu Lautaru 8, Bucuresti 011331"
MzI1LTI0OTc4NDAwOTktMzI2MjE5MjQyOA,finished,in_app,18.9,5.4,13.4,24.2,0.4,1.2,08-05-26,19:54:41,"Strada Secuilor 2A, Bucuresti 041514","Manuc's Inn, Old Town"
MzI1LTI0OTc3Nzc5NzctMzI2MjA3NTExMQ,finished,in_app,43.1,15.3,33.6,27.4,0.4,3.4,08-05-26,19:15:06,"Aleea Donea Diana Alexandra 2, Berceni, Bucuresti","Aleea Donea Diana Alexandra 1, Berceni, Bucuresti"
MzI1LTI0OTc3NDA5NDktMzI2MjAwNjczMw,finished,cash,38.7,8.9,21.6,24.6,1.1,3.3,08-05-26,18:51:28,"Soseaua Morarilor 4K, Bucuresti 022452","Aleea Cricovul Sarat 14, Bucuresti, Romania"
MzI1LTI0OTc2NzgzMDUtMzI2MTg4OTQ2NQ,finished,in_app,44.9,11.1,33.1,20.1,0.8,4.6,08-05-26,18:12:07,"Strada George Mihai Zamfirescu 57, Bucuresti","Spitalul Sf. Pantelimon, Pantelimon, Bucuresti"
MzI1LTI0OTcwNDk2NjAtMzI2MDgwNTk4NA,finished,in_app,17.6,6.3,21.5,17.4,0.6,2.3,08-05-26,10:37:11,"Strada Dumitru Papazoglu 79, Nerva Traian, Bucuresti","BRD Entrance, Orhideea Commercial Center"
MzI1LTI0OTcwMzAwMTctMzI2MDc3NTA1MA,finished,in_app,14.9,5.9,18.6,19,0.7,0.3,08-05-26,10:21:08,"Bulevardul Eroii Sanitari 77, Bucuresti","Strada Vlaicu Voda 8, Bucuresti"
MzI1LTI0OTY5OTE3OTgtMzI2MDcxNjU1Mw,finished,in_app,23.9,5.2,24.6,12.8,1.6,6.2,08-05-26,9:46:55,"Strada Zambilelor 88, Bucuresti","Gradiniaa Olga Gudynn International School, Strada Fagaras 6, Bucuresti"
MzI1LTI0OTY5NTQ4MjYtMzI2MDY1NzM0Mw,finished,in_app,19.4,4,21.8,11,1.4,5.2,08-05-26,9:17:43,"Soseaua Colentina 12, Bucuresti 021175","Rekolta, Calea Floreasca 102, Bucuresti"
MzI1LTI0OTY1NTk2NzYtMzI1OTkyNTE4Mg,finished,in_app,26.1,11.4,24.1,28.4,1,2,07-05-26,22:47:43,"Strada Doctor Haralambie Botescu 9, Bucuresti 051213","Str. Jean Alexandru Steriadi 1, Bucuresti 032493"
MzI1LTI0OTY1MTY4NzMtMzI1OTg1MTAzOA,finished,in_app,39,13.1,32.7,24,1.8,4.9,07-05-26,22:04:22,"Soseaua Pipera 42, Bucuresti 020112","Int. Vartejului 77a, Bucuresti, Romania"
MzI1LTI0OTY1MTE0NzktMzI1OTg0MjMzMQ,finished,in_app,12.8,1.8,5.7,18.7,0.1,0.3,07-05-26,21:59:43,"Soseaua Pipera 43, Bucuresti","Strada Promoroaca 3a, Bucuresti"
MzI1LTI0OTY0OTA0OTEtMzI1OTgwNzQzMw,finished,in_app,14.9,6.7,12.1,33,1.1,1.9,07-05-26,21:38:14,"Intrare Principala, Veranda Mall","Strada George Bacovia 29, Voluntari, Romania"
MzI1LTI0OTY0MTU0MjktMzI1OTY4Mzk4MQ,finished,cash,25.4,7.6,21.4,21.3,0.6,2,07-05-26,20:25:55,"Strada Sibiu 10, Bucuresti 061543","Strada Vaselor 2, Sectorul 2, Bucuresti"
MzI1LTI0OTY0MDI1NzYtMzI1OTY2MzQ3NQ,finished,cash,12.8,2.1,6.2,20.3,1.7,3.5,07-05-26,20:14:07,"Strada Brasov 15, Bucuresti 061441","Bloc Z5, Strada Sibiu, Bucuresti, Romania"
MzI1LTI0OTYzNDcxOTctMzI1OTU3Mjg3Ng,finished,in_app,24.9,8.7,22.1,23.6,1.1,5.1,07-05-26,19:26:39,"Calea Victoriei 155, Bucuresti 011013","Drumul Taberei 81, Drumul Taberei, Bucuresti"
MzI1LTI0OTYzMzE2MjYtMzI1OTU0NjE5OQ,finished,in_app,14.2,2.4,6.7,21.5,1.5,4,07-05-26,19:13:48,"Soseaua Orhideelor, Sectorul 6, Bucuresti","Soseaua Nicolae Titulescu 177, Bucuresti 010745"
MzI1LTI0OTUwNDI3NTUtMzI1NzM1NTE0Mg,finished,cash,12.8,3.1,9.7,19,0.6,3.9,06-05-26,20:17:44,"Strada Selimbar 2, Bucuresti","La Teu, Sector 2, Bucuresti"
MzI1LTI0OTUwMzM2NTItMzI1NzM0MDU1NA,finished,in_app,12.8,2.4,7.2,20.2,0.4,1.8,06-05-26,20:09:20,"Intrare Calea Vitan, Bucuresti Mall","Strada Sfanta Vineri 10, Bucuresti"
MzI1LTI0OTUwMTE3NjItMzI1NzMwNDQzNQ,finished,in_app,13.4,4,12.6,19,1.2,3.3,06-05-26,19:49:31,"Strada Sfantul Stefan 6, Bucuresti","Aleea Pacala 9, Bucuresti, "
MzI1LTI0OTQ5NjkzMTQtMzI1NzIzNjQ5NQ,finished,in_app,16.7,4.8,22.7,12.8,0.8,2.7,06-05-26,19:11:34,"Calea Griviaei 30, Bucuresti","Le Chateau, Strada Turturelelor 11, Centrul Civic, Bucuresti"
MzI1LTI0OTQ5MjQxNjUtMzI1NzE2MzI4OA,finished,cash,12.8,0.2,8.4,1.2,0.4,5.9,06-05-26,18:34:52,"Bucharest, Romania","Bulevardul Aviatorilor 76, Bucuresti 011866"
MzI1LTI0OTQ4NjAxMjctMzI1NzA1ODU3Ng,finished,in_app,31.5,8.9,22.8,23.5,1.8,4.2,06-05-26,17:43:54,"Brico, Baneasa Shopping Area","Ambiance Residence Pipera, Bulevardul Pipera"
MzI1LTI0OTQ3ODg3NDctMzI1NjkzNzEwMQ,finished,in_app,46.9,9.5,47.8,12,0.5,2.9,06-05-26,16:47:21,"Strada Caderea Bastiliei 86, Bucuresti 010617","Aleea Meteorologiei 19, Bucuresti"
MzI1LTI0OTQ3NzIyMjctMzI1NjkwNzI5MQ,finished,in_app,17.8,2,12.1,10,1.4,4.6,06-05-26,16:34:48,"Strada George Calinescu 43, Bucuresti","Paint Salon, Intrarea Camil Petrescu 1, Bucharest"
MzI1LTI0OTQ3NDM0NDAtMzI1Njg1NzUzMg,finished,in_app,19.6,3.5,15.4,13.6,1.5,3.9,06-05-26,16:12:39,"Strada Buzesti 75-77, Bucuresti 011013","Strada Ramuri Tei 1c, Bucuresti"
MzI1LTI0OTQ3MDk2NDMtMzI1Njc5ODU5Ng,finished,in_app,20.7,4.3,19.8,13.2,0.6,5.5,06-05-26,15:47:12,"Strada Caderea Bastiliei 14-16, Bucuresti 010615","Subway entrance, Northern Railway Station"
MzI1LTI0OTQ2ODg1MDUtMzI1Njc2MzQ4Ng,finished,in_app,16.8,3.2,10.8,18,1,2.5,06-05-26,15:31:35,"Str. Dr. Ernest Juvara 31, Bucuresti 060104","La Copac, Strada Pitar Mos 23, Sectorul 1, Bucuresti"
MzI1LTI0OTQ2NzI5NzgtMzI1NjczNzg5Mg,finished,in_app,17.7,4.1,9.8,25.3,1.5,4.3,06-05-26,15:19:24,"Strada Piatra Craiului 33, Bucuresti","Eroii Sanitari Boulevard, Swimming Pool UMF Carol Davila"
MzI1LTI0OTI3MDI4MzgtMzI1MzUyNTU1Ng,finished,business,16.6,2.4,6.7,22,2.2,3.7,04-05-26,22:51:38,Strada Ankara 7,Bulevardul Alexandru Ioan Cuza 100
MzI1LTI0OTI2ODc4NzEtMzI1MzQ5ODU2OQ,finished,in_app,18.7,5.7,16,21.4,0.3,3,04-05-26,22:30:41,"Calea Giulesti 95, Bucuresti 060284","Strada Vasile Lascar 220, Sectorul 2, Bucuresti"
MzI1LTI0OTI2NTQ2NjgtMzI1MzQ0MjAxNw,finished,in_app,13.4,4.4,13.5,19.4,1.2,3.9,04-05-26,21:48:21,"Strada Toamnei 53, Sector 2, Bucuresti","Strada Petru Rares 15, Bucharest 011101"
MzI1LTI0OTI2NDEzNDctMzI1MzQyMDIwMA,finished,in_app,20.7,8.3,16.5,30,0.7,1.2,04-05-26,21:30:13,"Soseaua Industriilor 2v, Bucuresti 030352","Strada Sergent Nastase Pamfil 40, Bucuresti"
MzI1LTI0OTI2MjcyMTYtMzI1MzM5NzgwOQ,finished,cash,15.7,6.5,13.6,28.7,0.8,2.3,04-05-26,21:12:20,"Bulevardul Pache Protopopescu 22, Bucuresti 021413","Strada Industriilor 1, Bucuresti"
MzI1LTI0OTI2MDIzNDUtMzI1MzM2MDI2Mg,finished,cash,17.4,4.2,12.5,20.4,1.3,4.8,04-05-26,20:42:44,"Entrance JW Marriott Grand Hotel, JW Marriott Bucharest Grand Hotel","Hotel CH Bucharest, Bulevardul Mircea Voda 21, Centrul Civic, Bucuresti"
MzI1LTI0OTI1ODcxODYtMzI1MzMzNjEyNQ,finished,in_app,25.4,5.5,13.5,24.2,0.3,1.4,04-05-26,20:23:48,"Strada Ion Brezoianu 18, Bucuresti 010136","Bl. P83, Strada Conaesti 6, 13 Septembrie, Bucuresti"
MzI1LTI0OTI1NzYwMDUtMzI1MzMxODc4Ng,finished,cash,14,2.6,8.3,18.9,1.4,3.7,04-05-26,20:10:50,"Strada Stirbei Voda 103, Bucuresti 010121","Strada Nicolae Tonitza, Centrul Vechi"
MzI1LTI0OTI1NjIyNTctMzI1MzI5ODA2NQ,finished,in_app,17.4,4.5,7.9,34.5,1.2,2.7,04-05-26,19:55:38,"Strada Stirbei Voda 162, Bucuresti 010121","Magic Padel, Strada Asului, Bucuresti, Romania"
MzI1LTI0OTI1NDc3MjUtMzI1MzI3NTkwOA,finished,cash,13.2,3.5,8.7,23.7,1.5,4.7,04-05-26,19:39:30,"Calea Dorobanailor 239, Bucuresti 010567","Bulevardul Dinicu Golescu 19, scara g, Bucharest, Romania"
MzI1LTI0OTI1MzcwNTUtMzI1MzI1OTQ2Ng,finished,in_app,13.1,2.6,8.6,18.1,1.2,3.1,04-05-26,19:28:25,"Strada Maior Stefan Sanatescu 31, Bucuresti","Aleea Alexandru 11, Dorobanai, Bucuresti"
MzI1LTI0OTI1MTc1NDktMzI1MzIyNzQ5Ng,finished,in_app,14.9,3.6,14.9,14.4,1.6,5.6,04-05-26,19:07:56,"Strada Banul Antonache 49, Bucuresti 011663","Strada Vasile Gherghel 87, Bucharest, Romania"
MzI1LTI0OTI1MDU3MTUtMzI1MzIwODU4NQ,finished,in_app,12.8,1.3,5.6,14.3,1.2,2.4,04-05-26,18:56:29,"Strada Locotenent Aviator Serban Petrescu 34, Bucuresti","Strada Washington 48, Dorobanai, Bucuresti"
MzI1LTI0OTI0ODc4MTAtMzI1MzE3OTM4Ng,finished,cash,15.6,3.6,13.2,16.4,1.9,3,04-05-26,18:39:13,"Calea Griviaei 204A, Bucuresti 010755","Visiodent, Strada Andrei Muresanu, Bucharest, Romania"
MzI1LTI0OTE5NTM4MzQtMzI1MjMxODc3NQ,finished,in_app,22.4,9.4,23.4,24,1.2,2.5,04-05-26,10:44:48,"Strada Urziceni 11, Bucuresti 040967","Liceul Eugen Lovinescu, Drumul Taberei, Bucuresti"
MzI1LTI0OTE5MTk5MzktMzI1MjI2ODI3OQ,finished,in_app,12.8,3.4,9.4,21.8,1.7,3.6,04-05-26,10:13:13,"Strada Pereni 26, Bucuresti 052337","Dedeman, Strada Acaiunii, Sector 4, Bucuresti"
MzI1LTI0ODcyMjI5NTAtMzI0Mzk3MTcwMQ,finished,cash,19.9,8,20.3,23.6,0.7,1.9,30-04-26,22:21:52,"Dobrun 3, Bucuresti 00","Magic Place Events Grant, Strandul Crangasi"
MzI1LTI0ODcxNTQxNjItMzI0Mzg0Njk4OA,finished,cash,23,6.5,18.5,21.1,1.6,3.9,30-04-26,21:36:32,"Strada Paris 7, Bucuresti 011813","Strada Margeanului 26, Bucharest 051048"
MzI1LTI0ODcxMzQ5MjAtMzI0MzgxMjkwNw,finished,cash,13.9,3,11,16,0.3,2,30-04-26,21:24:14,"Bulevardul Expoziaiei 30, Bucuresti 012244","KFC Dorobanai, Calea Dorobanai, Bucuresti, Romania"
MzI1LTI0ODcxMDYyMTYtMzI0Mzc2MTM0MA,finished,cash,20.4,3.6,10,21.7,2,6.1,30-04-26,21:07:32,"Strada Doctor Iacob Felix 74, Bucuresti","Strada Parcului 38b, Bucharest, Romania"
MzI1LTI0ODcwODk1MzgtMzI0MzczMDkxMg,finished,in_app,16.1,2.8,6,28.1,1.9,3.9,30-04-26,20:57:57,"Intrare camin A1, Complexul Studenaesc Grozavesti","Strada Radu Popescu 7, Griviaa, Bucuresti"
MzI1LTI0ODcwMjkzNjMtMzI0MzYyNzkwNA,finished,cash,33.2,10.7,27.2,23.6,1.8,7.3,30-04-26,20:22:37,"Strada Prisaca Dornei 2, Bucuresti",Str. Domnita Ancuta 9
MzI1LTI0ODY5OTY5NzMtMzI0MzU3MDk3Nw,finished,cash,13.8,3.7,17.1,13,0,0.1,30-04-26,20:03:53,"Bulevardul Chisinau 8, Bucuresti 022153","Strada Vlahiaa 1, Bucuresti 032271"
MzI1LTI0ODY5NTcwMDQtMzI0MzQ5NTk1Mw,finished,in_app,20.6,5.6,22.9,14.8,0.2,0.6,30-04-26,19:39:38,"Strada Constantin Mille 17, Bucuresti 010141","Bulevardul Chisinau 8, Bucharest 022153"
MzI1LTI0ODY5MjY2MzYtMzI0MzQzODMyMQ,finished,in_app,17.2,4.5,12.8,21.4,1.5,6,30-04-26,19:20:47,"Strada Progresului 25, Bucuresti","Alt Shift, Strada Constantin Mille 4, Sector 1, Bucuresti"
MzI1LTI0ODY4OTc1MTEtMzI0MzM4MDY3MA,finished,in_app,16.8,3.7,11.6,19.1,1.1,4,30-04-26,19:03:27,"Bulevardul Iuliu Maniu 15H, Bucuresti 061103","Str. Lt. Col. Constantin Marinescu 3, Bucuresti 050795"
MzI1LTI0ODY4NTQ4MDItMzI0MzI5NjM4Nw,finished,in_app,20.9,6.1,17.2,21.4,1.2,7,30-04-26,18:38:01,"Intrarea Portocalelor 1B, Bucuresti 060101","Bulevardul Iuliu Maniu 53a, Bucuresti, Romania"
MzI1LTI0ODY4NDAzMTctMzI0MzI2Nzk4MQ,finished,cash,16.6,1.6,6.2,15.4,1.5,2.1,30-04-26,18:29:29,"Splaiul Independenaei 319N, Bucuresti","Starbucks Entrance, Orhideea Commercial Center"
MzI1LTI0ODY4MTIwMzgtMzI0MzIxMTc0NA,finished,in_app,26,2.3,8.2,16.6,0.9,4.8,30-04-26,18:12:23,"Strada General Petre Popovaa 11, Bucuresti","Camin U4, Bucuresti"
MzI1LTI0ODYxODgwMDQtMzI0MjA2ODQ1MA,finished,cash,21.1,6.1,21.8,16.8,1.3,4.4,30-04-26,11:19:01,"Soseaua Fabrica de Glucoza 6-8, Bucuresti 020332","Gara de Nord, Gara de Nord, Bucuresti"
MzI1LTI0ODYxNTk2ODQtMzI0MjAyNTc2MA,finished,in_app,19.9,6.6,21.7,18.2,1.4,4.9,30-04-26,10:55:37,"Soseaua Mihai Bravu 134, Bucuresti 021336","JTI, Corp 1a+b, Sector 2, Bucuresti"
MzI1LTI0ODU2NzU2MzEtMzI0MTIwODkyOA,finished,in_app,29.7,8.4,21.9,23.2,1.2,3.3,29-04-26,22:56:20,"Strada Elev Stefan Stefanescu 5, Bucuresti","Drumul Gura Crivaaului 22, Titanul Nou, Bucuresti"
MzI1LTI0ODU2NjI3NjUtMzI0MTE4Mjk1MA,finished,in_app,13.1,4.7,11.1,25.6,1,0.9,29-04-26,22:38:58,"Bulevardul Dimitrie Cantemir 21, Bucuresti 040236","Strada Doicesti 6, Bucharest, Romania"
MzI1LTI0ODU2Mzc0NTctMzI0MTEzOTc3Nw,finished,in_app,16.7,7.1,14.2,30.2,0,0.6,29-04-26,22:11:02,"Intrare Paul, Park Lake Mall","Strada Huedin 7, Bucuresti 040912"
MzI1LTI0ODU2MTQzNzUtMzI0MTEwMTM1Nw,finished,cash,24.6,9.1,21.1,25.7,1.9,4.8,29-04-26,21:48:00,"AFI Park 2, Afi Palace Cotroceni","Intrare Paul, Park Lake Mall"
MzI1LTI0ODU2MDMyNDctMzI0MTA4NDUwMg,finished,in_app,12.8,1.8,5.1,20.5,1.4,3,29-04-26,21:36:43,"Strada Sandulesti 1, Bucuresti 061781","Str. Sibiu 2, Bucuresti 061539"
MzI1LTI0ODU1NzI1MTktMzI0MTAzNDIxMg,finished,in_app,26.9,12.6,29.6,25.6,0.6,3.7,29-04-26,21:05:18,"Strada Cristea Mateescu 1, Bucuresti 023664","Aleea Lunca Siretului 10, Drumul Taberei, Bucuresti"
MzI1LTI0ODU1NDQ0NTEtMzI0MDk5MDE5Mw,finished,cash,16.7,4.7,18.1,15.6,1.4,3.4,29-04-26,20:37:29,"Calea Floreasca 145, Bucuresti 014456","Strada Rascoala 1907 6, Bucuresti"
MzI1LTI0ODU1MDE1OTgtMzI0MDkyMDA2NQ,finished,in_app,20.6,6.2,18.3,20.3,0.6,1.6,29-04-26,19:56:15,"Bulevardul Libertaaii 14, Bucuresti 050706","Str. Rossini Gioacchino, Comp. 3, Bucuresti 020236"
MzI1LTI0ODU0ODQzNDQtMzI0MDg5NDMxMw,finished,business,20.9,4.4,14.7,18,0.6,0.9,29-04-26,19:40:14,"Strada Pictor Theodor Aman 42, Bucuresti 010779","Parculea Piaaa Regina Maria, Piaaa Regina Maria, Bucuresti"
MzI1LTI0ODU0NTE0OTYtMzI0MDg0NDM3Nw,finished,in_app,23.3,7.3,24.8,17.7,0,0.2,29-04-26,19:11:13,"Main Entrance, Mega Mall","Calea Victoriei 208, Sector 1, Bucuresti"
MzI1LTI0ODU0MzA3NzQtMzI0MDgxMzYxMw,finished,in_app,21.4,5,17.8,16.7,0.8,2.4,29-04-26,18:54:22,"Strada Anastasie Panu 8, Bucuresti","Main Entrance, Mega Mall"
MzI1LTI0ODUzODcwNDUtMzI0MDc0NDY5Mw,finished,in_app,35.3,8.3,32.3,15.5,0.6,1.9,29-04-26,18:18:36,"Strada Tabla Buaii 70, Bucuresti","Armony Hair Studio, Bulevardul Unirii, Bucuresti, Romania"
MzI1LTI0ODQzNTA2NDctMzIzOTEyMDk3MQ,finished,in_app,20.9,4.6,9.3,29.8,1.9,4,28-04-26,22:05:01,"Strada Sfantul Constantin 2, Bucuresti 010218","Calea Giulesti 24, Bucuresti 060276"
MzI1LTI0ODQzNDU5ODMtMzIzOTExMzY0Ng,finished,in_app,14,1.9,4.8,23.4,0.2,0.4,28-04-26,22:00:33,"Strada Economu Cezarescu 61a, Bucuresti","Universitatea Naaionala de Educaaie Fizica si Sport, Strada Constantin Noica 140, Sector 6, Bucuresti"
MzI1LTI0ODQzMjk0NDItMzIzOTA4ODM0Mg,finished,in_app,22.4,6.1,14.2,25.6,1.8,4.3,28-04-26,21:42:41,"Strada Dionisie Lupu 42, Bucuresti 020022","Strada Drajna 3A, Bucharest 060764"
MzI1LTI0ODQyOTQ1MDMtMzIzOTAzNTY2Nw,finished,in_app,26.2,7.3,21.2,20.8,0.4,0.9,28-04-26,21:05:23,"Intrare Far, Afi Palace Cotroceni","Soseaua Viilor 92, Bucuresti"
MzI1LTI0ODQyNzY3NzctMzIzOTAwOTAyMw,finished,in_app,17.2,5,9.9,30.5,1.2,2.5,28-04-26,20:46:08,"Calea Grivitei 212, Bucuresti 010758","Galaxy Entrance, Afi Palace Cotroceni Mall"
MzI1LTI0ODQyNTEwOTYtMzIzODk3MDIyNw,finished,in_app,21.5,7.8,20.4,23,0.1,1.7,28-04-26,20:18:39,"Strada Matei Voievod 114, Bucuresti 021457","Strada Turda 117-119, Bucharest 011322"
MzI1LTI0ODQyMzE2NDYtMzIzODkzOTkxMg,finished,cash,21.8,6.9,18.2,22.6,0.7,2.5,28-04-26,19:59:31,"Strada Teliaa 14, Bucuresti 051886","Strada Matei Voievod 103, Bucuresti, Romania"
MzI1LTI0ODQyMDM0ODYtMzIzODg5NjIzNQ,finished,cash,32.7,10.8,18.3,35.4,1.8,5.7,28-04-26,19:32:15,"Strada Curcubeului 7G, Bragadiru 077025","Strada Malcoci 1, Bucuresti 051921"
MzI1LTI0ODQxNjA4ODItMzIzODgyOTA1OQ,finished,cash,34.1,11.2,30.5,22.1,0,0.4,28-04-26,18:53:33,"Far Entrance, Afi Palace Cotroceni Mall","Strada Salciei 80, Bragadiru, Romania"
MzI1LTI0ODQxMzEyNTQtMzIzODc4MDk3OQ,finished,in_app,26.2,6.2,20.9,17.8,1.2,4.1,28-04-26,18:28:03,"Bulevardul Constructorilor 16A, Bucuresti 060503","Intrare Far, Afi Palace Cotroceni"
MzI1LTI0ODQxMjQ2NDUtMzIzODc2OTg4Mg,finished,cash,17.9,1.2,3.6,19.9,1.4,3.3,28-04-26,18:22:03,"Strada Scaeni 18, Bucuresti 060211","Strada Fraailor 85, Bucharest, Romania"
MzI1LTI0ODMyNDQ5NjUtMzIzNzM3Nzk4OA,finished,in_app,22.5,9.2,18.9,29.3,1.6,1.3,28-04-26,1:00:13,"Main entrance, Northern Railway Station","Soseaua Olteniaei 240, Bucuresti 041331"
MzI1LTI0ODMyMTY0MTEtMzIzNzMyMzY5Mg,finished,cash,19.9,8.6,18.9,27.3,0,0.2,28-04-26,0:03:15,"Strada Verigei 6, Bucuresti","Strada Eterului 29, Vitan, Bucuresti"
MzI1LTI0ODMyMDQzNDgtMzIzNzMwMDI4NA,finished,in_app,24.5,10.2,16.8,36.4,1.2,0.7,27-04-26,23:42:43,"Barrier Regie, Complexul Studenaesc Regie","Str. Verigei 6, Bucuresti 050322"
MzI1LTI0ODMxOTg3MTEtMzIzNzI5MDA1Mw,finished,in_app,14,4,7.3,33.1,0.5,2.7,27-04-26,23:33:24,"Strada Serg. Constantin Moise 5D, Bucuresti 061421","U1, Regie, Bucuresti"
MzI1LTI0ODMxOTM3MTYtMzIzNzI4MTU5NQ,finished,in_app,12.8,5,8.3,35.8,1.2,2.5,27-04-26,23:25:46,"Calea Giulesti 121, Bucuresti","Plaza Residence, Strada Serg. Alexandru Cutieru 25, Bucuresti"
MzI1LTI0ODMxMzE4NDctMzIzNzE3MjQ2OQ,finished,cash,13.8,4.9,9.1,32.4,1.5,3.2,27-04-26,22:02:50,"Bulevardul Doina Cornea 4, Bucuresti 061349","Calea Crangasi 58, Crangasi, Bucuresti"
MzI1LTI0ODMxMjM1NDUtMzIzNzE1ODkyNA,finished,in_app,12.8,3.3,10.7,18.6,1.1,2.8,27-04-26,21:53:11,"Bulevardul Schitu Magureanu 45, Bucuresti 010184","Bus station, Faculty of Electronics, Telecommunications and Information Technology"
MzI1LTI0ODMxMDYwNTQtMzIzNzEzMTE0Mw,finished,cash,14,2.8,7,23.7,0.8,3.1,27-04-26,21:30:34,"Strada George Georgescu 35, Bucuresti 040131","Aleea Trestiana 4, Bucuresti"
MzI1LTI0ODMwOTI3OTUtMzIzNzEwOTg5OQ,finished,in_app,14,2.4,7.5,19.2,1.2,4.3,27-04-26,21:14:28,"Entrance H&M, Carrefour Vulcan",Str. Gherghina 9
MzI1LTI0ODMwODU1OTgtMzIzNzA5NzQ4NQ,finished,in_app,12.8,2.2,5.3,24.3,0.3,2.4,27-04-26,21:06:01,"Strada Soldat Coman Ion 18, Bucharest 051073","Strada Ileana Cosanzeana 9, Bucharest 051786"
MzI1LTI0ODMwNjg0NTItMzIzNzA2OTkxNQ,finished,cash,18.8,6.7,17.1,23.4,0.8,2.5,27-04-26,20:46:29,"Bulevardul Iuliu Maniu 67, Bucuresti 061086","Strada Barnova 5, Bucuresti 051161"
MzI1LTI0ODMwMjMwNjMtMzIzNjk5ODc2MA,finished,in_app,18.7,5.5,14.5,22.6,0.4,0.2,27-04-26,19:56:32,"Strada Locotenent Aviator Gheorghe Caranda 9, Bucuresti","Aleea Dealul Macinului 35, Drumul Taberei, Bucuresti"
MzI1LTI0ODMwMDk4NTctMzIzNjk3ODg3OQ,finished,in_app,12.8,2.1,6.7,19.3,1,4.6,27-04-26,19:42:20,"Strada Locotenent Colonel Constantin Marinescu 8, Bucuresti","Drumul Taberei 25, Bucuresti 061355"
MzI1LTI0ODI5ODY4MTYtMzIzNjk0NzE0Mg,finished,cash,14.7,2.9,10.3,16.9,1.2,2.9,27-04-26,19:21:34,"Strada Brasov 25, Bucuresti 061444","Strada Antiaeriana 6a, Bucuresti, Romania"
MzI1LTI0ODI4OTgwNzAtMzIzNjgwMzUyMg,finished,in_app,39.4,9,37.6,14.3,1.2,2.3,27-04-26,17:55:57,"Soseaua Orhideelor 15D, Bucuresti 060071","Strada Dantelei 81D, Bucharest"
MzI1LTI0ODE5ODk2NzktMzIzNTI2NzI4NA,finished,in_app,27.2,9.7,17.2,33.9,1,2.7,26-04-26,23:34:25,"Intrarea Targu Frumos 9, Bucuresti 040723","Intrarea Viforului 5, Militari, Bucuresti"
MzI1LTI0ODE5NTc5MzYtMzIzNTIwNjk4Mw,finished,business,63.2,14,25.1,33.4,1.1,5.1,26-04-26,22:56:54,Calea Floreasca 246B,"Strada Tudor Gociu 24B, Sector 4, Bucuresti"
MzI1LTI0ODE5NDk4NDItMzIzNTE4NzYxNA,finished,in_app,43.7,7,12.1,35,0.8,2.3,26-04-26,22:45:48,"Strada Vatra Luminoasa 87, Bucuresti 021913","Courtyard by Marriott Bucharest, Bulevardul Dimitrie Pompeiu 2A, Sector 2, Bucuresti"
MzI1LTI0ODE5MjkyNTItMzIzNTE0NzkyNA,finished,in_app,25.7,4.5,9.6,27.9,0.8,2.2,26-04-26,22:23:23,"Calea Floreasca 60, Bucuresti 014462","Strada Pancota 104, Bucharest, Romania"
MzI1LTI0ODE5MDg4NTgtMzIzNTEwOTQxNQ,finished,in_app,31.5,8.1,17.8,27.1,1.1,2.4,26-04-26,22:02:55,"Soseaua Morarilor 4M, Bucuresti 022452","Calea Dorobanailor 111-131, Bucuresti"
MzI1LTI0ODE4OTU5OTQtMzIzNTA4NjUyNQ,finished,in_app,12.8,1.8,5.4,20.2,1,2,26-04-26,21:50:28,"Strada Sergent Dumitru Pene 1A, Bucuresti","B-dul. 1 Decembrie 1918 19, Bucuresti 032452"
MzI1LTI0ODE4ODM1MTYtMzIzNTA2NDMxNg,finished,in_app,17.9,3.6,7.5,28.8,1,4.1,26-04-26,21:37:43,"Drumul Murgului 30C, Bucuresti","Strada Ghiaa Serban Soldat 14, Bucuresti"
MzI1LTI0ODE4NTM4ODgtMzIzNTAxMTI0NA,finished,cash,29.8,9.8,26.9,21.8,1.1,2.4,26-04-26,21:08:32,"Strada Venus 4, Bucuresti 051459","Aleea Scolarilor 10, Dristor, Bucuresti"
MzI1LTI0ODE4MDQzMDktMzIzNDkyODA0Mw,finished,cash,60.9,16.3,27,36.1,1.5,4.7,26-04-26,20:20:00,"Drumul Taberei 30, Bucuresti 061387","Strada Zavoiului 83, Cornetu, Romania"
MzI1LTI0ODA5NjU2OTYtMzIzMzQ0NzYwMg,finished,in_app,36.1,6.7,13.6,29.6,0.9,2,26-04-26,3:51:12,"Calea Floreasca 21, Bucuresti 014453","Bulevardul Bucurestii Noi 50A, Bucuresti 012363"
MzI1LTI0ODA5NjEwNTUtMzIzMzQzNzQyNQ,finished,in_app,18.4,2.6,5.1,30.7,1.5,1.2,26-04-26,3:46:35,"Bulevardul Nicolae Balcescu 4, Bucuresti","Str. Fierari 2, Bucharest 020546"
MzI1LTI0ODA5MzY3MTUtMzIzMzM3OTY3Mw,finished,cash,15.9,6.7,8.1,49.1,0.8,0.7,26-04-26,3:22:42,"Soseaua Olteniaei 210, Bucuresti 040055","Drumul Bercenarului 2-4, Bucuresti 077120"
MzI1LTI0ODA5MTIzOTgtMzIzMzMyNDUyNg,finished,business,48.1,8.7,14.8,35.4,0.3,2,26-04-26,3:01:12,"Strada Alexandru Beldiman 3, Bucuresti","Str. Anton Bacalbasa 28, Bucuresti"
MzI1LTI0ODA5MDEyMjAtMzIzMzI5OTQ0OQ,finished,in_app,14,3.3,7.9,24.7,0,0.1,26-04-26,2:51:51,"Strada Doctor Constantin Istrati 1, Bucuresti 040542","Strada Ion Ghica 4, Bucuresti 030044"
MzI1LTI0ODA2OTQ3MTMtMzIzMjg2ODg2Nw,finished,in_app,47.4,11.3,27.6,24.6,0.6,1.4,26-04-26,0:38:29,"Schitu Magureanu Exit 1, Cismigiu Park","Strada General Nicolae Haralambie 30, Bucuresti"
MzI1LTI0ODA2MzE1ODYtMzIzMjc0NzcxOA,finished,in_app,21,6.6,16.9,23.3,1.2,2,26-04-26,0:05:50,"Bulevardul Chisinau 4, Bucuresti 022152","Strada Ioan Zalomit 3, Sectorul 1, Bucuresti"
MzI1LTI0ODA1NzI2MjUtMzIzMjYzODQ2OA,finished,cash,34.2,7.6,18,25.3,0.4,7.9,25-04-26,23:32:39,"Strada Ion Campineanu 29, Bucuresti 010135",Strada Cernauai 46
MzI1LTI0ODA1NTc3NDMtMzIzMjYxMTQ1OQ,finished,in_app,16.6,3.3,6.8,29.5,0.8,1.8,25-04-26,23:23:49,"Strada Stefan Octavian Iosif 4B, Bucuresti 030983","Boutique du Pain, Sector 1, Bucuresti"
MzI1LTI0ODA1MTU5MzUtMzIzMjUzNDk2NQ,finished,in_app,24.9,4.9,13.1,22.5,0.9,2.8,25-04-26,22:58:45,"Calea Mosilor 160, Bucuresti 020883","Strada Locotenent Nicolae Pascu 2, Bucuresti 032074"
MzI1LTI0ODA0OTIyOTEtMzIzMjQ5MzIxMA,finished,in_app,12.8,3.4,9.5,21.7,0.4,2.4,25-04-26,22:43:58,"Calea Serban Voda 58, Bucuresti 040212","Mega Image, Strada Mihai Eminescu 185, Sectorul 2, Bucuresti"
MzI1LTI0ODA0NTMxODItMzIzMjQyNzcwMA,finished,in_app,26,10.1,20.4,29.8,0.8,1.2,25-04-26,22:18:16,"Drumul Gura Caliaei 24, Bucuresti","Bulevardul Dimitrie Cantemir 20, Bucuresti 040245"
MzI1LTI0ODA0Mjg4NTMtMzIzMjM4NjY3Ng,finished,in_app,19.9,5.2,9.5,32.5,1.3,5.3,25-04-26,22:03:00,"Calea Dudesti 198, Bucuresti","Drumul Gura Crivaaului 32H, Bucuresti"
MzI1LTI0ODAzODI0MjYtMzIzMjMwNjUzNg,finished,in_app,14.5,3.9,9.5,24.6,1.1,1.9,25-04-26,21:32:25,"Strada Burniaei 60L, Bucuresti 032342","Starbucks Entrance, Park Lake Mall"
MzI1LTI0ODAzNTAyNzUtMzIzMjI0ODk3NA,finished,in_app,26.5,7.2,15.2,28.4,1.7,4.2,25-04-26,21:11:17,"Aleea Ciceu 5, Bucuresti 041785","Strada Prevederii 15, Bucuresti 032295"
MzI1LTI0ODAyOTMyMjQtMzIzMjE0ODQ1Mg,finished,cash,28.7,10.2,25.3,24.1,1.6,5.8,25-04-26,20:34:51,"Calea Mosilor 251, Obor, Bucuresti","Intrarea Berceni 3A, Bucuresti"
MzI1LTI0ODAyNTkzMjAtMzIzMjA4Nzg2NQ,finished,in_app,25.2,7.6,20.1,22.8,0.5,1.9,25-04-26,20:12:25,"Bulevardul Constructorilor 28, Bucuresti 060506","Boogie Bar, Strada Popa Petre 36, Sectorul 2, Bucuresti"
MzI1LTI0Nzg5NDQ3NzUtMzIyOTgyNjk4MQ,finished,cash,23.2,6.1,13.7,26.9,2.8,5.1,24-04-26,23:45:42,"Oregon Park, Soseaua Pipera 44-46, Oregon Park, Soseaua Pipera 44-46","Royal Canin, Gara de Nord, Bucuresti"
MzI1LTI0Nzg5MTQzNTEtMzIyOTc3NzE5OA,finished,cash,24.3,2.4,7.9,18.4,3.5,6.8,24-04-26,23:24:10,Soseaua Bucuresti Nord 10B,"Belvedere Residences, Soseaua Fabrica de Glucoza 6-8, Sector 2, Bucuresti"
MzI1LTI0Nzg4NjgyNTQtMzIyOTcwNTc3OQ,finished,in_app,35.9,11.4,22.6,30.3,1.6,4.6,24-04-26,22:52:05,"Strada Episcopiei 1-3, Bucuresti 010292","Drumul Negru 30C, Voluntari"
MzI1LTI0Nzg4MzUwNDEtMzIyOTY1Mzc2Mw,finished,business,18.2,5.6,18.6,18.1,0.7,3.6,24-04-26,22:26:46,"Strada Agricultori 117, Bucuresti","Str. Grigore Alexandrescu 1, Bucuresti"
MzI1LTI0Nzg4MTg1MjItMzIyOTYyODMwNw,finished,business,15.4,1.9,5.9,19.1,1.2,4,24-04-26,22:14:15,"Strada Dimitrie Racoviaa 8, Bucuresti 023993","Strada Delea Veche 26, Bucuresti 024102"
MzI1LTI0Nzg4MTE0MzEtMzIyOTYxNzEyMw,finished,in_app,12.8,2.6,10.6,14.8,0.2,0.6,24-04-26,22:08:59,"Strada Ion Brezoianu 3-5, Bucuresti 050021","Hotel Duke Armeneasca - Ex Tempo, Strada Armand Calinescu, Sector 2, Bucuresti"
MzI1LTI0Nzg3OTY0NzYtMzIyOTU5Mzg4Mw,finished,in_app,12.8,1.5,5.3,16.9,0.5,2.2,24-04-26,21:58:32,"Calea Calarasilor 38, Bucuresti 030624","Control Club, Sector 1, Bucuresti"
MzI1LTI0Nzg3NzU4NjUtMzIyOTU2MjMxNw,finished,in_app,12.8,3.6,13.5,16.2,0.5,3.3,24-04-26,21:43:11,"Strada Silfidelor 4, Bucuresti 050063","Anca Poterasu Gallery, Strada Popa Soare 26, Bucuresti"
MzI1LTI0Nzg3NDQ3OTgtMzIyOTUxMjYyNg,finished,cash,12.8,3.4,11.5,17.9,0.6,2.4,24-04-26,21:19:56,"Bulevardul Dinicu Golescu 31, Bucuresti","ZEUS Essence Bucharest Central, Strada Ion Brezoianu, Bucharest, Romania"
MzI1LTI0Nzg3Mzc4OTgtMzIyOTUwMTI2NQ,finished,cash,12.8,1.9,5.6,20.8,0.9,2,24-04-26,21:14:58,"Mihail Kogalniceanu Entrance , Bucharest National Opera House","Institutul Medico-Militar, Strada Institutul Medico-Militar 3-5, Gara de Nord, Bucuresti"
MzI1LTI0Nzg3MDYwMzYtMzIyOTQ0NzkxMA,finished,in_app,15,2.8,15,11.2,1.5,5,24-04-26,20:52:41,"Strada Frumoasa 27, Bucuresti","DeSoi Cismigiu, Bulevardul Regina Elisabeta, Bucharest, Romania"
MzI1LTI0Nzg2NTM0MTctMzIyOTM2ODMyMA,finished,in_app,42.1,16.3,30.7,31.8,1,0.4,24-04-26,20:18:52,"Departures (same pickup point for Arrivals), Bucharest Henri Coanda Airport (OTP)","Strada Popa Tatu 31, Sector 1, Bucuresti"
MzI1LTI0Nzg1OTkyMTctMzIyOTI5MDQ1MA,finished,cash,20.4,4.6,5.6,48.8,2.8,2.8,24-04-26,19:44:51,"Soseaua Bucuresti-Ploiesti 101, Bucuresti","Str. Zborului 22, Otopeni"
MzI1LTI0Nzg1NDI2ODYtMzIyOTIwMjU4Mg,finished,in_app,46,11.4,28.8,23.7,0.6,3.3,24-04-26,19:08:06,"Rome Square / Lipscani Street, Old Town","Entrance, Bucharest Baneasa Airport (BBU)"
MzI1LTI0Nzg1MTY4NTYtMzIyOTE1OTQwMQ,finished,business,14.9,3.5,13.4,15.5,0.6,0.6,24-04-26,18:50:34,"Strada Sfinaii Voievozi 33, Bucuresti 010964","Papila, Strada Sfinailor 6, Sectorul 2, Bucuresti"
MzI1LTI0Nzg0ODEzNjQtMzIyOTEwMjE2NA,finished,in_app,20.9,4.7,17.6,16,1,2.8,24-04-26,18:27:54,"Strada Mihail Sebastian 29, Bucuresti","Strada Sfinaii Voievozi 48-50, Bucuresti 010967"
MzI1LTI0Nzg0NTExNTgtMzIyOTA1MzQ4Mw,finished,in_app,21.2,6.4,17,22.6,0.6,1.3,24-04-26,18:08:02,"Strada Ceahlaul 8, Bucuresti 060337","Strada Popovici Nicolae 3, Rahova, Bucuresti"
MzI1LTI0Nzc0NTc2NjItMzIyNzQxOTcwOQ,finished,cash,12.8,3.9,8.2,28.6,0.1,0.4,24-04-26,0:37:04,"Aleea Calinesti 2, Bucuresti 040972","Soseaua Olteniaei 26, Bucuresti 041314"
MzI1LTI0Nzc0NDIzMjUtMzIyNzM5MTMxNQ,finished,in_app,22.4,10.8,17.8,36.4,1.3,3,24-04-26,0:15:55,"Bulevardul Theodor Pallady 27, Bucuresti 033310","Strada Tatulesti 19, Giurgiului, Bucuresti"
MzI1LTI0Nzc0MjE3NTEtMzIyNzM1MzQzNg,finished,in_app,33.8,4.6,19.1,14.4,3.1,5.4,23-04-26,23:50:35,"Bulevardul Chisinau 2, Bucuresti 022152","Aleea Buhusi 5, Bucuresti 032571"
MzI1LTI0Nzc0MDk3MTctMzIyNzMzMDE3OQ,finished,in_app,12.8,3.9,7.2,32,1.1,2.8,23-04-26,23:36:02,"Aleea Lipanesti 2, Bucuresti 032507","Strada Soldat Neagu Andrei 57, Bucuresti"
MzI1LTI0Nzc0MDA4OTAtMzIyNzMxNDM0Nw,finished,in_app,29.3,4.6,8.9,31.1,0.4,1.3,23-04-26,23:25:56,"Soseaua Pantelimon 244-246, Bucuresti","Bulevardul Theodor Pallady 18, Bucuresti 032263"
MzI1LTI0NzczNDEzNzYtMzIyNzIxMTQwNw,finished,in_app,17.9,3.6,10.1,21.5,2,6.5,23-04-26,22:23:09,"Bulevardul Carol I 26, Bucuresti 020922","Soseaua Pantelimon 233, Bucuresti 021603"
MzI1LTI0NzczMDY2NzMtMzIyNzE1MzA2NQ,finished,in_app,28.7,11,24.1,27.5,0.4,0.7,23-04-26,21:48:44,"Soseaua Fabrica de Glucoza 8, Bucuresti 020332","Strada Luceafarului 2, Bucuresti"
MzI1LTI0NzcyOTc3NDQtMzIyNzEzODk3Ng,finished,in_app,14,4.7,10.1,27.7,0.5,1.4,23-04-26,21:39:35,"Soseaua Stefan cel Mare 236, Bucuresti 020164","Soseaua Fabrica de Glucoza 9B, Bucuresti 020339"
MzI1LTI0NzcyNzYwNDctMzIyNzEwNTQzMg,finished,in_app,21.1,8.4,17.7,28.4,1.4,4.2,23-04-26,21:17:35,"Drumul Gura Fagetului 55, Bucuresti","Calea Mosilor 251, Obor, Bucuresti"
MzI1LTI0NzcyNjExODItMzIyNzA4MjMwOQ,finished,cash,17.9,7,13.8,30.2,0.3,0.7,23-04-26,21:03:23,"Soseaua Olteniaei 248, Bucuresti 041333","Strada Postasului 15, Bucuresti"
MzI1LTI0NzcyMzA1NzItMzIyNzAzNTkxNQ,finished,in_app,38.4,10.4,26.3,23.9,1.4,3.2,23-04-26,20:33:42,"Strada Fainari 2-4, Bucuresti 021223","Sos. Oltenitei 129, Bucharest 041306"
MzI1LTI0NzcyMDcxNDctMzIyNjk5OTcyMg,finished,cash,12.8,3.3,11.2,17.8,0.6,3.6,23-04-26,20:11:59,"Strada Avrig 10, Bucuresti 021575","Maior Coravu , National Arena"
MzI1LTI0NzcxNzQ0NjUtMzIyNjk0ODI1Mw,finished,cash,17.5,2.3,10.1,13.9,1.6,3.2,23-04-26,19:43:23,"Strada Tugomir Voievod 59, Colentina, Bucuresti","Strada Tugomir Voievod 61, Colentina, Bucuresti"
MzI1LTI0NzcxNjMyMzktMzIyNjkzMDA0Mg,finished,in_app,12.8,1,2.6,23.6,1,3,23-04-26,19:33:58,"Strada Magura Vulturului 65, Bucuresti","Soseaua Iancului 132, Bucuresti"
MzI1LTI0NzcxMjAwMDItMzIyNjg2MTEyMA,finished,in_app,26.1,6.7,27.2,14.9,0.3,1.2,23-04-26,18:58:57,"Strada Sfinaii Voievozi 31, Bucuresti 010964","Intrare Parcare, Mega Mall"
MzI1LTI0NzcxMDc4NjktMzIyNjg0MjAxNA,finished,in_app,20,4.1,10.3,23.8,0.5,3.1,23-04-26,18:48:56,"Strada Sergent Stefan Crisan 31, Bucuresti 060312","Strada Mihail Moxa 13, Bucuresti"
MzI1LTI0NzYwNzk1MjUtMzIyNTIxMjI5MQ,finished,in_app,15.3,2.4,5,28.6,2.6,7.2,22-04-26,23:32:27,"Calea Griviaei 166, Bucuresti","Belvedere Nou, Strada Chibzuinaei, Bucuresti, Romania"
MzI1LTI0NzYwNDkzOTMtMzIyNTE1Nzg5MQ,finished,business,32.7,13.9,27.4,30.4,1.1,3,22-04-26,22:57:21,Bulevardul 1 Decembrie 1918 33A,"Strada Sevastopol 20, Sectorul 1, Bucuresti"
MzI1LTI0NzYwMjU4NTctMzIyNTExNzE1Mg,finished,in_app,37.5,9.4,20.4,27.9,2.5,4.8,22-04-26,22:31:05,"Strada Ion Ghica 11, Bucuresti 030045","Strada Jean Alexandru Steriadi 22, Titan - Balta Alba, Bucuresti"
MzI1LTI0NzYwMDg1NzUtMzIyNTA4MzgyMA,finished,in_app,14,3.1,8.7,21.7,1.5,2.6,22-04-26,22:11:11,"Intrarea Sabiaei 34, Bucuresti","Aleea Jieneasca 7, Bucuresti"
MzI1LTI0NzU5ODk4NzctMzIyNTA1MTQzMw,finished,cash,12.8,4.8,8.2,34.8,0.3,1.4,22-04-26,21:52:53,"Bd. Theodor Pallady 51N, Bucuresti","Strada Liviu Rebreanu 12, Bucuresti 031786"
MzI1LTI0NzU5NjEwMDgtMzIyNTAwNTE2OQ,finished,cash,34.5,12.6,22.3,33.8,0.8,3.6,22-04-26,21:21:39,"Strada Ion Campineanu 11, Bucuresti 010031","KFC Pallady Drive-Thru, Bulevardul Theodor Pallady, Bucuresti, Romania"
MzI1LTI0NzU5MzgyNzItMzIyNDk2OTE2Mg,finished,in_app,21.7,7.3,21.9,19.9,0.3,2.6,22-04-26,20:59:04,"Bulevardul Camil Ressu 26, Bucuresti 031753","Strada Ion Brezoianu 22, Bucuresti 010136"
MzI1LTI0NzU4OTY2MzQtMzIyNDkwMzkwNw,finished,in_app,30.5,9.1,20.6,26.4,1.2,5.8,22-04-26,20:16:10,"Aleea Stupilor 9, Bucuresti 041696","Bloc B1B, Strada Cozla 3, Bucuresti 032732"
MzI1LTI0NzU4NjQ0ODMtMzIyNDg1NTI5Ng,finished,cash,26.7,8.5,20.3,25.1,0.2,1.8,22-04-26,19:46:00,"Strada Matei Millo 15, Bucuresti 010144","Bulevardul Constantin Brancoveanu 101, Berceni, Bucuresti"
MzI1LTI0NzU4MzY2MTctMzIyNDgxMzE0OQ,finished,cash,15,4.4,14.9,17.8,2,7.9,22-04-26,19:21:03,"Strada Visana 4, Bucuresti 040394","Control Club, Strada Constantin Mille, Bucuresti, Romania"
MzI1LTI0NzU4MjYyNzYtMzIyNDc5ODE3Ng,finished,in_app,15.5,2.5,5.5,26.9,1,2.2,22-04-26,19:12:10,"Strada Chiciurei 47, Bucuresti","Strada Nerva Traian 33, Bucuresti"
MzI1LTI0NzU3OTU1MjYtMzIyNDc1MjgzMw,finished,in_app,27.1,5.7,20.1,16.9,1.8,7.7,22-04-26,18:45:07,"Benihana, Hotel Sheraton Bucuresti","Aleea Pacala 41-43, Vitan, Bucuresti"
MzI1LTI0NzU3NzIwMjItMzIyNDcxNjkxOA,finished,in_app,22.4,5.5,16.5,20.1,0.5,1.6,22-04-26,18:25:31,"Strada Nicolae Oncescu 13, Bucuresti","Nishibo, Strada D. I. Mendeleev, Bucharest, Romania"
MzI1LTI0NzQ3MTU1MDAtMzIyMzA1Njk2Mw,finished,in_app,32.3,11.7,27.2,25.8,1.5,6.9,21-04-26,21:30:36,"Strada Baraaiei 33, Bucuresti 030167","Strada Lavandei 2, Militari, Bucuresti"
MzI1LTI0NzQ2NzIwMTEtMzIyMjk4OTQyMg,finished,in_app,36.9,10.8,26.1,24.7,1.5,4,21-04-26,20:42:46,"Sera Eden, Strada C. A. Rosetti 37, Sector 2, Bucuresti","Hils Brauner, Strada Victor Brauner 40O, Titanul Nou, Bucuresti"
MzI1LTI0NzQ2NTgzMTctMzIyMjk2ODEzNQ,finished,in_app,13.7,4.7,14.7,19.4,0.6,1.6,21-04-26,20:27:51,"Strada Odobesti 2B, Bucuresti","Strada Baraaiei 33, Centrul Istoric, Bucuresti"
MzI1LTI0NzQ2MzQ2MjktMzIyMjkzMTA2NA,finished,cash,12.8,3.1,7,26.9,1.2,3.1,21-04-26,20:03:29,"Aleea Perisoru 5A, Bucuresti","Stay Fit Gym Pallady, Bulevardul Theodor Pallady, Bucuresti, Romania"
MzI1LTI0NzQ2MTY1OTUtMzIyMjkwNDEwOA,finished,in_app,18.5,8.1,15.2,32,1,1.9,21-04-26,19:45:08,"Strada Zizin 7, Bucuresti","Aleea Mizil 40, Bucuresti 032347"
MzI1LTI0NzQ2MDQyNDctMzIyMjg4NTcyMw,finished,in_app,15.4,2.8,7.5,22.2,0.8,3.1,21-04-26,19:33:21,"Calea Serban Voda 213-217, Bucuresti","Impetus Dance Studio, Strada Foisorului, Bucharest, Romania"
MzI1LTI0NzQ1NjU5NzQtMzIyMjgyODMzNA,finished,cash,39.2,9.7,24.8,23.5,0.3,1,21-04-26,18:58:22,"Intrare Dinicu Golescu, Gara de Nord","Str. Alexandru Anghel 5, Bucuresti 050373"
MzI1LTI0NzQ1NDI2NDMtMzIyMjc5MzU0MQ,finished,in_app,28.2,5.5,18.1,18.2,1.1,1,21-04-26,18:38:10,"Soseaua Chitilei 103, Bucuresti","Gara de Nord, Gara de Nord, Bucuresti"
MzI1LTI0NzQ0NDc2OTktMzIyMjY0ODg0NA,finished,cash,15.8,2.9,6.9,25.1,1.3,4,21-04-26,17:17:51,"Soseaua Chitilei 18, Bucuresti, Romania","Str. Fratii Golescu 1, Bucuresti"
MzI1LTI0NzQzNzI3OTAtMzIyMjUzMjM3Mg,finished,in_app,38,8.4,43.4,11.7,1.6,7.1,21-04-26,16:17:34,"Strada Brazilia 3, Bucuresti 011781","Strada Limanului 39, Bucuresti"
MzI1LTI0NzQyNDQ4OTEtMzIyMjMzNzE1Mg,finished,in_app,20,7,20.7,20.3,0.8,3.4,21-04-26,14:37:53,"Strada Sura Mare 1, Bucuresti 041341","Calea Mosilor 215, Bucuresti"
MzI1LTI0NzM1NTgxNjktMzIyMTI0MTQ0OA,finished,cash,44.6,11.8,17.6,40.4,5.3,8.1,20-04-26,23:24:44,"Intrare principala, Zona Comerciala Baneasa","Str. Ceptura 49, Bucuresti"
MzI1LTI0NzM1MzAwMDItMzIyMTE4NDk3NQ,finished,in_app,17.9,7.3,11.5,37.9,1.6,1.9,20-04-26,22:48:19,"Strada Liviu Rebreanu 7, Bucuresti 031772","Strada Magnoliei 33, Bucuresti 022791"
MzI1LTI0NzM1MDc4MTUtMzIyMTE0NDEzOA,finished,in_app,28.7,7.8,17.3,27.2,1.3,3,20-04-26,22:19:33,"Bulevardul Regina Elisabeta 4-12, Bucuresti 030018","Aleea Fuiorului 3, Bucuresti 032173"
MzI1LTI0NzM0OTIwNjQtMzIyMTExNTg3MA,finished,in_app,17.1,4.8,14.6,19.7,1.1,6.1,20-04-26,22:02:00,"Strada Doamna Ghica 3-5, Bucuresti 022822","Calea Victoriei 112, Bucuresti"
MzI1LTI0NzM0NzU5NTEtMzIyMTA4ODkyNw,finished,cash,18.4,7.8,16,29.5,1.2,4.4,20-04-26,21:43:15,"Bulevardul 1 Decembrie 1918 33A, Bucuresti 032455","Strada Ion Berindei 3, Tei, Bucuresti"
MzI1LTI0NzM0NjMxMjgtMzIyMTA2NzU3OQ,finished,in_app,12.8,4.1,8.7,28.2,1.3,4.3,20-04-26,21:28:06,"Aleea Marius Emanoil Buteica 25-27, Bucuresti","Strada Mizil 4, Bucharest 032345"
MzI1LTI0NzM0NTYyNDktMzIyMTA1NTQwOQ,finished,cash,12.8,4.4,6.3,41.5,0.5,1.6,20-04-26,21:20:03,"Bulevardul Constantin Brancoveanu 14, Bucuresti 041449","Strada Calusarilor 1, Bucuresti"
MzI1LTI0NzM0MjYyNjEtMzIyMTAwNjEyNA,finished,in_app,31.9,10.2,19.5,31.3,1.4,2.8,20-04-26,20:49:08,"Intrare Starbucks, Centrul Comercial Orhideea","Strada Sergent Niau Vasile 60, Bucuresti"
MzI1LTI0NzM0MDQ4ODYtMzIyMDk3MTM1NA,finished,in_app,32.2,9,16.2,33.3,0.4,2.4,20-04-26,20:26:09,"Strada Apolodor 3A, Bucuresti","Main Entrance IDM Club, Club IDM, Splaiul Independenaei 319"
MzI1LTI0NzMzOTU2MTktMzIyMDk1NzU0Mw,finished,cash,15.4,4.3,9.3,27.7,1.6,4.5,20-04-26,20:16:50,"Strada General Candiano Popescu 1, Bucuresti 040581","Strada Sfinaii Apostoli 44, Centrul Civic, Bucuresti"
MzI1LTI0NzMzNzM0MjEtMzIyMDkyMjAzNw,finished,in_app,22.8,8.2,15.8,31.2,0,0.1,20-04-26,19:55:07,"Calea Griviaei 359, Bucuresti 010718","Str. Serg. Turturica 116, Bucuresti 052199"
MzI1LTI0NzMzNDIxMzMtMzIyMDg3Mzk4Ng,finished,in_app,20.7,4.6,17.4,15.9,0.9,2.2,20-04-26,19:25:03,"Strada Maior Stefan Sanatescu 43A, Bucuresti","Strada Barlogeni 79, Bucuresti"
MzI1LTI0NzMzMjQ3ODktMzIyMDg0NzQ3MA,finished,in_app,12.8,4,12.9,18.5,0.3,2.9,20-04-26,19:09:04,"Calea Dorobanailor 99 A, Bucuresti 010561","Strada Maresal Aviator Mircea Zorileanu 57, Bucuresti"
MzI1LTI0NzMzMDk4NjYtMzIyMDgyNDc1OQ,finished,in_app,15.4,2.3,5.1,27.7,1.4,6.7,20-04-26,18:56:12,"Calea Victoriei 208, Bucuresti","Clinica Color Mind, Strada Ciprian Porumbescu, Bucharest, Romania"
MzI1LTI0NzMyOTg2NzItMzIyMDgwNjUwNQ,finished,in_app,18.5,3.4,9.3,22,0.8,1.6,20-04-26,18:46:04,"Strada Chibzuinaei 8, Bucuresti","Strada Mihail Moxa 11, Bucuresti 010961"
MzI1LTI0NzIyODE1NDItMzIxOTA4NTI1OQ,finished,business,69.2,11.1,17.3,38.5,5.3,8.7,20-04-26,0:01:39,Aleea Pescarus 1,"Komitat West, Strada Preciziei, Bucuresti, Romania"
MzI1LTI0NzIyNjc0MjEtMzIxOTA1MjQ4Ng,finished,in_app,53.9,10.8,18.8,34.4,0.5,1.9,19-04-26,23:40:08,"Strada Eforiei 10, Bucuresti 050037","Strada Francisc Munteanu 17, Bucharest, Romania"
MzI1LTI0NzIyNTQ3OTYtMzIxOTAyNTM4NA,finished,in_app,24.8,5.9,15,23.6,0.8,3.7,19-04-26,23:23:48,"Strada Furculesti 14, Bucuresti","Hilton Garden Inn, Old Town"
MzI1LTI0NzIyMzU0MzktMzIxODk4NjA3Mg,finished,in_app,58.5,6.7,18.6,21.6,1.4,2,19-04-26,23:01:02,"Soseaua Nicolae Titulescu 1, Bucuresti 011131","Strada Soldat Modoran Ene 5, Bucharest"
MzI1LTI0NzIyMTcxMjgtMzIxODk1MDYzNg,finished,in_app,17,4.1,6.4,39,0.6,2.5,19-04-26,22:40:04,"Strada Serg. Alexandru Cutieru 25A, Bucuresti 061422","Strada Valea Cascadelor 11D, Militari, Bucuresti"
MzI1LTI0NzIxOTk2NjQtMzIxODkxODI0Nw,finished,cash,23.8,4,9.1,26.1,1.3,3.4,19-04-26,22:20:51,"Carrefour, Strada Economu Cezarescu, Bucuresti, Romania","Bloc P14, Aleea Dumbraviaa, Bucuresti, Romania"
MzI1LTI0NzIxODg5OTgtMzIxODg5ODY3OA,finished,in_app,27.4,4.9,12.5,23.7,0.8,2,19-04-26,22:10:05,"BRD Entrance, Orhideea Commercial Center","Splaiul Independenaei 313B, Bucuresti 060042"
MzI1LTI0NzIxNzE1MzAtMzIxODg2Njc0Nw,finished,cash,20.6,4.6,13.7,20.3,0.4,2.5,19-04-26,21:52:36,"Strada Serg. Ion Marcu 5, Bucuresti 061425","Onix Residence, Splaiul Independenaei 202, Grozavesti, Bucuresti"
MzI1LTI0NzIxNjQ3NjUtMzIxODg1NDc0Ng,finished,in_app,18.9,1.2,3.4,20.8,0,0.1,19-04-26,21:45:37,"Intrare Far, Afi Palace Cotroceni","Strada Serg. Constantin Moise 5B, Bucuresti 061421"
MzI1LTI0NzIxNTAyNjQtMzIxODgyOTA0MA,finished,in_app,23.8,3.3,8.9,22,1.9,1.9,19-04-26,21:30:50,"Main entrance, Northern Railway Station","Intrarea Razoare 5, Bucharest, Romania"
MzI1LTI0NzIxMzEzNTQtMzIxODc5NTgwOA,finished,cash,20.1,4,9,26.6,4.3,5.4,19-04-26,21:12:30,"Calea Giulesti 396, Bucuresti","Strada Zboina Neagra 1, Crangasi, Bucuresti"
MzI1LTI0NzIwNzk3MjAtMzIxODcwNzI3Mg,finished,in_app,73.8,18.6,32.2,34.6,2,6.6,19-04-26,20:23:34,"Aleea Cislau 3, Bucuresti","Sameday HUB Central, Soseaua de Centura, Rudeni, Romania"
MzI1LTI0NzIwMzgwMzEtMzIxODYzNzkzNQ,finished,in_app,54.5,16.3,37.2,26.3,2,6,19-04-26,19:43:10,Strada Opalului 16-18,"Strada Delfinului 7, Pantelimon, Bucuresti"
MzI1LTI0NzEwNjYxNjctMzIxNjg0MjE5NQ,finished,in_app,22.4,2.5,5.8,25.4,1.3,3.6,19-04-26,1:49:03,"Bulevardul Mihail Kogalniceanu 5, Bucuresti 050101","Orhideea Towers, Splaiul Independenaei 15A, Bucuresti"
MzI1LTI0NzEwMDkyODUtMzIxNjcyMzA2Ng,finished,cash,21.7,5.7,11.5,29.9,0.9,1.9,19-04-26,1:15:13,"Bulevardul Tineretului 8-10, Bucuresti","Str. Toporasi 1-7, Bucuresti"
MzI1LTI0NzA5ODk5MTQtMzIxNjY4NDcxMw,finished,in_app,19.9,4.4,9.3,28.2,0.8,1.4,19-04-26,1:04:41,"Strada Releului 11-13, Bucuresti 032091","Club Guesthouse, Splaiul Unirii 160, Bucuresti"
MzI1LTI0NzA5NjkxNzItMzIxNjY0Njk2Mw,finished,in_app,23.9,4.1,7.5,32.6,0.8,2.1,19-04-26,0:53:50,"Ion Minulescu Street 67-93 , Flaros","Aleea Suraia 8, Bucuresti 032056"
MzI1LTI0NzA5NDYxOTktMzIxNjYwMjI0NQ,finished,in_app,20.4,3.5,9.3,22.8,0,0.3,19-04-26,0:41:12,"Rome Square / Lipscani Street, Old Town","Strada Foisorului 20A, Bucuresti"
MzI1LTI0NzA5MzQwNTEtMzIxNjU3ODk1Ng,finished,in_app,28.9,2,6.4,18.5,0.9,1.3,19-04-26,0:34:16,"Strada Olimpului 26, Bucuresti 040198","Rome Square / Lipscani Street, Old Town"
MzI1LTI0NzA4ODIzMDUtMzIxNjQ4MjgwMQ,finished,in_app,44.4,7.3,15.6,28,1.1,4.7,19-04-26,0:04:36,"Strada Spatarului 4, Bucuresti 020774","Soseaua Olteniaei 248, Bucuresti 041333"
MzI1LTI0NzA4NDcyMTQtMzIxNjQyMzk4OA,finished,cash,20.4,3.1,11.4,16.3,0,0.3,18-04-26,23:44:52,"Manuc's Inn, Old Town","Calea Calarasilor 90, Centrul Civic, Bucuresti"
MzI1LTI0NzA4MjMzNjctMzIxNjM3ODkzNw,finished,in_app,21.9,5.4,15.6,20.7,0.5,2.9,18-04-26,23:29:11,"Str. Gheorghe Titeica 48, Bucuresti 020302","Manuc's Inn, Old Town"
MzI1LTI0NzA3OTExMjktMzIxNjMyMjI4Nw,finished,cash,38.2,10.4,21.1,29.6,1.2,0.9,18-04-26,23:09:21,"Soseaua Olteniaei 125, Bucuresti 041307","Strada Zambilelor 3, Bucuresti 023781"
MzI1LTI0NzA3NDQ2MDQtMzIxNjI0MjkzOA,finished,in_app,66.6,8.1,20.9,23.3,0.4,1.9,18-04-26,22:40:51,"Strada Ion Campineanu 28, Bucuresti","Str. Tulnici 8, Bucuresti 041973"
MzI1LTI0NzA3MTc3NTEtMzIxNjE5ODk5MA,finished,in_app,19.3,4.3,15,17.3,1.3,4.5,18-04-26,22:24:05,"Entrance Sergent Constantin Ghercu, Complexul Studenaesc Regie","Noar Hall, Strada Ion Campineanu, Bucharest, Romania"
MzI1LTI0NzA2NzE1NTEtMzIxNjExODgxNA,finished,cash,43.2,10.2,22.3,27.5,1,2.3,18-04-26,21:55:10,"Soseaua Olteniaei 133, Bucuresti 041308","Strada Drajna 6, Bucuresti, Romania"
MzI1LTI0NzA2NDI4MjYtMzIxNjA2OTQ4MQ,finished,cash,27.8,7.5,12,37.3,0.7,2.6,18-04-26,21:36:49,"Bulevardul Theodor Pallady 51G, Bucuresti 011142","Strada Sergent Ion Iriceanu 2, Bucuresti"
MzI1LTI0NzA2MjcxNTUtMzIxNjA0MTQ5NA,finished,cash,18.8,3.4,7.3,27.9,1.7,3.7,18-04-26,21:26:43,"Splaiul Unirii 9, Popesti-Leordeni 077160","McDonald's, Bulevardul Theodor Pallady, Bucuresti, Romania"
MzI1LTI0NzA2MDUzMTctMzIxNjAwMzMxMA,finished,cash,26.7,7.7,13.2,35.1,0.7,1.7,18-04-26,21:13:13,"Soseaua Olteniaei 218, Bucuresti 041326","Strada Cicoarei 18, Popesti-Leordeni, Romania"
MzI1LTI0NzA1NjAyNzAtMzIxNTkyNDAzOA,finished,in_app,24.4,5.8,11.6,30.3,0.6,3.9,18-04-26,20:45:05,"Bulevardul Ramnicu Sarat 29, Bucuresti 031906","Strada Solstiaiului 39, Popesti-Leordeni"
MzI1LTI0NzA1MjA5MDYtMzIxNTg1NzIzMA,finished,in_app,27.7,6.6,21.9,18.1,1.1,2.8,18-04-26,20:19:56,"Intrarea Stiucii 10, Ostrov, Bucuresti","Aleea Lacramioarei 9, Bucuresti"
MzI1LTI0NzA1MDQwNTItMzIxNTgyOTA4NA,finished,in_app,18.9,2,8.8,13.5,0.6,1.1,18-04-26,20:09:28,"Gara de Est, Bucuresti, Gara de Est, Bucuresti","Bulevardul Chisinau 2, Bucuresti 022152"
MzI1LTI0NzA0NjQxNTMtMzIxNTc1OTkxNQ,finished,in_app,19.1,4,8.9,26.9,1.6,3.6,18-04-26,19:44:36,"Cofetaria Paradis, Soseaua Pantelimon, Bucuresti, Romania","Strada Stolnicu Vasile 21, Bucuresti"
MzI1LTI0NzA0MjI0MzYtMzIxNTY4OTk5OQ,finished,cash,17,0.3,5.9,2.8,0.7,1.6,18-04-26,19:19:35,"Soseaua Colentina 2, Bucuresti 021172","Downtown fitness, Bucur Obor"
MzI1LTI0NzAzNTc2MzktMzIxNTU3OTY4NA,finished,in_app,34.9,9.7,26.9,21.5,0,0.5,18-04-26,18:40:21,"Far Entrance, Afi Palace Cotroceni Mall","Maior Coravu , National Arena"
MzI1LTI0NzAzNDE2MzItMzIxNTU1MjgyNg,finished,in_app,29,4.7,7.9,35.8,1.8,3.8,18-04-26,18:30:34,"Strada Puscasului 23, Bucuresti 012161","Intrare Far, Afi Palace Cotroceni"
MzI1LTI0Njg2NDg3MjAtMzIxMjY3MjM0OA,finished,cash,18.2,3.1,11.3,16.3,0.9,2.3,17-04-26,17:46:12,"Calea 13 Septembrie 211, Bucuresti 050722","Bulevardul Timisoara 14A, Bucuresti 061329"
MzI1LTI0Njg2NDA4ODItMzIxMjY1ODk5Ng,finished,in_app,17,1.4,4.8,16.9,0.5,1.7,17-04-26,17:40:53,"Strada Vicina 2, Bucuresti 051927","Strada Dumbrava Noua 31, Bucuresti 051146"
MzI1LTI0Njg1OTg2NDItMzIxMjU4NTE0NQ,finished,cash,33.4,6.9,23.8,17.3,0.8,1.4,17-04-26,17:11:49,"Calea Plevnei 236, Bucuresti 060016","Str. Amurgului 14, Bucuresti 051984"
MzI1LTI0Njg1NzUyNzItMzIxMjU0NDgzMg,finished,in_app,17.3,2.7,9.4,17.5,0.6,2.4,17-04-26,16:55:55,"Strada Buzesti 61, Bucuresti 011013","Swiss Clinics, Aleea Tibles 45, Regie, Bucuresti"
MzI1LTI0Njg1NDgzODktMzIxMjQ5NzYzNw,finished,in_app,17,2.9,14.2,12.4,0.4,3.9,17-04-26,16:36:59,"Calea Floreasca 131, Bucuresti 014456","Strada Frumoasa 36, Bucuresti"
MzI1LTI0Njg1MTA5ODItMzIxMjQzMjc2OA,finished,in_app,47.9,8.3,25.3,19.8,0.1,0.6,17-04-26,16:10:53,"Entrance, Bucharest Baneasa Airport (BBU)","Intrarea Tudor Stefan 43, Sector 1, Bucharest, Rumunia"
MzI1LTI0Njg0MDA4MzctMzIxMjI0NzY3MQ,finished,cash,71.7,15.5,50.1,18.6,0.8,2.9,17-04-26,14:54:14,"Strada Pereni 27, Bucuresti 052337","Intrare, Aeroportul Bucuresti Baneasa (BBU)"
MzI1LTI0NjgzNzUxMDgtMzIxMjIwNjM5NA,finished,cash,19.9,2.6,13.3,11.7,0.2,1.7,17-04-26,14:36:29,"Strada Buzoieni 2, Bucuresti 051194","Aleea Livezilor 2, Bucuresti 052434"
MzI1LTI0NjgzNDk1MTEtMzIxMjE2NTc4Nw,finished,cash,20.1,3.7,13.1,16.9,0.9,2.3,17-04-26,14:18:10,"Strada Iacob Andrei 31, Bucuresti 052573","Strada Soldat Modoran Ene 7, Bucuresti"
MzI1LTI0NjgzMzA0NTMtMzIxMjEzNjg1OQ,finished,cash,17.8,3.3,9.9,20.1,0.4,1.6,17-04-26,14:04:25,"Strada Fabrica de Chibrituri 7-19, Bucuresti","Vadul Nou, Ferentari, Bucuresti"
MzI1LTI0NjgyOTMwMzAtMzIxMjA3ODE5MA,finished,in_app,23.7,4.5,19.4,13.9,0.4,1.6,17-04-26,13:37:36,"Intrare Dinicu Golescu, Gara de Nord","Fabrica de Ciocolata, Soseaua Viilor, Bucuresti, Romania"
MzI1LTI0NjgyNzg3NzMtMzIxMjA1NjIyMg,finished,in_app,17,0.9,3.8,14.3,0.3,0.9,17-04-26,13:27:14,"Strada Olanesti 3, Bucuresti","Calea Giulesti 23, Bucuresti 060252"
MzI1LTI0Njc1MzQ1NDAtMzIxMDgyMDQ2NQ,finished,cash,17,3.8,9.9,23.3,1,2.8,16-04-26,21:45:32,"Strada Acvilei 42, 077042","Metrou Gorjului, Militari, Bucuresti"
MzI1LTI0Njc1MTE1NjItMzIxMDc4Mzk3OA,finished,in_app,32.4,8.8,17.6,30.1,0.6,1.8,16-04-26,21:22:29,"Calea Plevnei, Sectorul 6, Bucuresti","Auchan, Bulevardul Iuliu Maniu 546-560, Militari"
MzI1LTI0Njc1MDA3ODctMzIxMDc2NDIzMQ,finished,in_app,18.7,5,10.9,27.4,0.3,1.3,16-04-26,21:11:08,"Aleea Moinesti 22, Bucuresti 061239","Entrance Sergent Constantin Ghercu, Complexul Studenaesc Regie"
MzI1LTI0Njc0ODg4MzUtMzIxMDc0NDM5Ng,finished,cash,17,3.1,8.5,22.3,0.4,1.2,16-04-26,21:00:12,"Strada Brasov 23A, Bucuresti 061444","Str. Crainicului 3, Bucuresti 062156"
MzI1LTI0NjczNTg2NDUtMzIxMDU0NDc4NA,finished,cash,22.7,6.5,17,23,0.8,1.6,16-04-26,19:04:19,"Soseaua Orhideelor 31, Bucuresti 010953","Strada Bozieni 9, Bucuresti 061615"
MzI1LTI0NjczNDUwMTEtMzIxMDUyNDAyMA,finished,in_app,17.9,2.3,9.6,14.2,1.3,1.1,16-04-26,18:53:06,"Bulevardul Dacia 41, Bucuresti 010404","Gara de Nord, Gara de Nord, Bucuresti"
MzI1LTI0NjczMDM2NzEtMzIxMDQ2MDc3NQ,finished,in_app,33.2,5.9,20.3,17.6,0.4,1.8,16-04-26,18:20:28,"Bulevardul Timisoara 43, Bucuresti 061314","Strada Ion Campineanu 12, Bucuresti 010036"
MzI1LTI0NjcyODY5NjMtMzIxMDQzNDg2NA,finished,in_app,18.9,2.2,7.3,18.5,0.8,1.9,16-04-26,18:07:23,"Strada Pravaa 8, Bucuresti 061563","Intrarea Strada Lujerului, Cora Lujerului"
MzI1LTI0NjcyNTI5NTgtMzIxMDM4MzAyNQ,finished,in_app,26.2,5.3,19,16.6,0.7,3.5,16-04-26,17:40:46,"Strada Capitan Ionescu 12, Bucuresti 077042","Strada Sibiu 17, Bucuresti 061535"
MzI1LTI0NjcyMzcyMDMtMzIxMDM1NzI4OA,finished,cash,17,1.8,5.2,21.2,1.1,4.1,16-04-26,17:28:34,"Strada Margelelor 11B, Bucuresti","Bulevardul Alexandru Ioan Cuza 27, Rosu 077040"
MzI1LTI0NjcxNDY2MDEtMzIxMDIwNzI2MA,finished,in_app,62.7,14.9,56,16,0.4,1.6,16-04-26,16:20:37,"Strada Tineretului 17, 077042","Strada Tineretului 17, 077042"
MzI1LTI0NjcxMjk4MjktMzIxMDE4MDk0Mg,finished,in_app,28.1,2.4,7.2,19.8,1.5,3.8,16-04-26,16:07:42,"Strada Preciziei 3g, Bucuresti",Strada Rezervelor 64B
MzI1LTI0NjcxMTkxNzctMzIxMDE2MzA4Mw,finished,cash,17,1.1,4,16.5,0.7,2.5,16-04-26,16:00:06,"Strada Apusului 50, Bucuresti 062288","Intrarea principala , Autogara Militari "
MzI1LTI0NjcwNjU2MzgtMzIxMDA3MjM4NQ,finished,cash,43.4,10.2,28.2,21.6,1.3,2.3,16-04-26,15:21:32,"Strada Doctor Leonte Anastasievici 4, Bucuresti 061344",Strada Acvilei 42
MzI1LTI0NjcwNDUxMjctMzIxMDAzODM2OA,finished,cash,17.5,2.7,8.6,19,0.8,2.9,16-04-26,15:06:02,"Bulevardul Iuliu Maniu 17, Bucuresti","Intrare vizitatori, Spitalul Universitar de Urgenaa Bucuresti"
MzI1LTI0NjY5OTk2MDgtMzIwOTk2NDc5MQ,finished,in_app,29.9,8.2,21.3,23.2,0.9,5.9,16-04-26,14:32:25,"Bulevardul Marasti 19, Bucuresti",Str. Fanului 14A
MzI1LTI0NjY5ODMxNDItMzIwOTkzOTc0MQ,finished,in_app,19,2.3,5.8,23.5,1.9,6.5,16-04-26,14:19:55,"Strada Maior Campeanu Alexandru 58, Bucuresti","Strada Maior Stefan Sanatescu 44, Bucuresti"
MzI1LTI0NjQ5OTI4NjktMzIwNjY4MTM1Nw,finished,business,43.2,9.6,18,31.9,3.2,4.2,14-04-26,23:33:35,"Parcul Regele Mihai I, Sectorul 1, Bucuresti","Strada Liniei 13-15, Bucharest"
MzI1LTI0NjQ5Njk4ODQtMzIwNjYzMzkzNg,finished,in_app,36.1,9.9,15,39.7,2.2,6.3,14-04-26,23:02:49,"Piaaa Gara Filaret 2, Bucuresti","Bulevardul Dimitrie Pompeiu 3, Bucuresti, Romania"
MzI1LTI0NjQ5NDIxMDktMzIwNjU3ODE4OQ,finished,cash,33,7,13.3,31.8,2.4,4.8,14-04-26,22:29:43,"Bulevardul Eroii Sanitari 49A, Bucuresti 050471","Aleea Livezilor 43, Ferentari, Bucuresti"
MzI1LTI0NjQ5MTQzMTMtMzIwNjUyNTMwOA,finished,in_app,46.9,14.9,26.1,34.3,3.4,5.3,14-04-26,22:00:24,Strada Ceair 18,"Gara de Nord, Bucharest, Romania"
MzI1LTI0NjQ5MDU1NzktMzIwNjUwODk5Mw,finished,cash,17,3.3,7,28.7,1.3,2.3,14-04-26,21:51:15,"Calea Bucurestilor 78, Otopeni 075100","Penny, Strada 23 August, Otopeni, Romania"
MzI1LTI0NjQ4ODcwNDQtMzIwNjQ3NDk2Ng,finished,in_app,27.9,9.3,14,40.1,0.2,0.3,14-04-26,21:32:16,"Soseaua Bucuresti-Ploiesti 40, Bucuresti 013695","Tunari Residence, Strada 1 Decembrie, Tunari, Romania"
MzI1LTI0NjQ4NTgyMTEtMzIwNjQyMzM0Mg,finished,in_app,34.4,10.2,25,24.5,0.2,0.5,14-04-26,21:03:56,"Soseaua Iancului 37, Bucuresti 021718","Entrance, Bucharest Baneasa Airport (BBU)"
MzI1LTI0NjQ4NDYwMTctMzIwNjQwMjEwMA,finished,in_app,17,4,9.2,26.1,0.2,0.8,14-04-26,20:52:15,"Bulevardul Carol I 23, Bucuresti 030162","Strada Grigore Gabrielescu 21, Vatra Luminoasa, Bucuresti"
MzI1LTI0NjQ4Mjg2MzktMzIwNjM3Mjk0Nw,finished,in_app,17,2.3,6.6,20.5,0.3,0.8,14-04-26,20:34:48,"Piaaa Garii de Nord 2, Bucuresti","Gregory Tour, Calea Plevnei, Bukareszt, Rumunia"
MzI1LTI0NjQ4MDQyMTItMzIwNjMzMzAzOA,finished,in_app,17.9,4.8,9.4,30.4,0.4,0.5,14-04-26,20:10:45,"Strada Nerva Traian 2, Bucuresti 030167","Calea Victoriei 152, Bucuresti 010096"
MzI1LTI0NjQ3NDU0MzItMzIwNjI0MjU3OA,finished,in_app,27.9,6.7,16.4,24.7,1.2,1.8,14-04-26,19:16:50,"Bulevardul Ion Mihalache 60, Bucuresti 011195","Strada Nerva Traian 11, Nerva Traian, Bucuresti"
MzI1LTI0NjQ3MjU2NzQtMzIwNjIxMDgxNw,finished,cash,20.4,4.8,10.4,27.5,0.3,0.9,14-04-26,18:59:08,"Intrarea Pinului 21, Bucuresti 060564","Murad Cafe-Restaurant, Strada Panait Istrati, Bucuresti, Romania"
MzI1LTI0NjQ3MDQ4MTQtMzIwNjE3ODQ5MA,finished,cash,22.1,4.8,10.6,27.2,0.9,1.4,14-04-26,18:40:35,"Calea Crangasi 12, Bucuresti 060337","Drumul Podu Lacului 21, Bucuresti, Romania"
MzI1LTI0NjM3OTkyODctMzIwNDY5OTE1MQ,finished,in_app,35.9,9.3,18.9,29.5,1.4,4.1,14-04-26,0:08:43,"Strada Bradetului 23, Bucuresti 040695","Strada George Valsan 25, Bucharest"
MzI1LTI0NjM3NzMyOTQtMzIwNDY0NjM3NQ,finished,cash,50.8,9.9,19.6,30.2,1.5,2.6,13-04-26,23:29:51,"Intrarea secundara, Gara de Nord","Strada Caporal Ion Gheorghe 5, Berceni, Bucuresti"
MzI1LTI0NjM3NjM3ODYtMzIwNDYyNTI2Nw,finished,in_app,25.9,2.7,7.1,22.5,3.2,5.4,13-04-26,23:16:53,"Strada Braaului 12, Bucuresti 020566","Str. Iulia Hasdeu 7, Bucharest"
MzI1LTI0NjM3NDIzMDEtMzIwNDU4MDYxMQ,finished,in_app,21.9,2.7,5.8,28.1,2,4.5,13-04-26,22:50:35,"Piaaa Alba Iulia 8, Bucuresti 031105","Bulevardul Basarabia 100, Bucuresti 022122"
MzI1LTI0NjM3MDQxMjgtMzIwNDUxMDI0MA,finished,business,58.8,16.7,28.9,34.7,2.2,5.4,13-04-26,22:10:11,"Soseaua Chitilei 284, Bucuresti 012407","Drumul Murgului 36, Dristor, Bucuresti"
MzI1LTI0NjM2OTMwMDctMzIwNDQ4MTE2OQ,finished,in_app,59.1,9.1,15.5,35,1.1,1.5,13-04-26,21:54:52,"Bulevardul Iancu de Hunedoara 30, Bucuresti 010623","Strada Matei Corvin 6, Bucuresti"
MzI1LTI0NjM2ODU4MjQtMzIwNDQ2Njc5NQ,finished,in_app,40.9,5.6,9.8,34,1.1,2.4,13-04-26,21:46:27,"Soseaua Chitilei 57, Bucuresti","Soseaua Nicolae Titulescu 39-49, Gara de Nord, Bucuresti"
MzI1LTI0NjM2NDM4MjQtMzIwNDM4ODk2MA,finished,cash,58.7,6.7,18.9,21.2,2,4,13-04-26,21:01:40,"Bulevardul Libertaaii nr. 14, Bucuresti 050706","Strada Pappia Aristotel 45, Bucuresti"
MzI1LTI0NjM2Mjc0ODctMzIwNDM2MDE0MQ,finished,in_app,46,5.8,12.9,26.9,1.6,6.1,13-04-26,20:45:04,"Strada Cetaauia 8, Bucuresti 060823","Autogara Filaret, Piaaa Gara Filaret 1, Sectorul 4, Bucuresti"
MzI1LTI0NjM2MjI1MTAtMzIwNDM1MzA0Ng,finished,cash,22.1,1.5,3.4,26.5,0.5,1.3,13-04-26,20:40:58,"Strada George Valsan 96, Bucuresti 060476","McDonald's, Soseaua Virtuaii 27B, Militari, Bucuresti"
MzI1LTI0NjM2MTc1OTItMzIwNDM0MjY1Ng,finished,in_app,19,0.4,2.4,11.1,1.1,3.3,13-04-26,20:34:50,"Bulevardul Constructorilor 24A, Bucuresti 060513","Strada Vintila Mihailescu 20, Crangasi, Bucuresti"
MzI1LTI0NTY3NDAxMjAtMzE5Mjk1MzA2Mg,finished,in_app,24.8,5.9,18.3,19.5,0.1,0.5,08-04-26,23:22:49,"Strada Turda 121, Bucuresti 011323","Autogara Obor, Bulevardul Garii Obor 9, Obor, Bucuresti"
MzI1LTI0NTY3MjQ1MjctMzE5MjkyMjc5OA,finished,in_app,19.9,5.1,13.8,22.2,0.3,1,08-04-26,23:04:44,"Strada Badea Caraan 13, Bucuresti 020661","Strada Cluj 45, Bucuresti 011491"
MzI1LTI0NTY3MTcxMjQtMzE5MjkwODk0Ng,finished,in_app,18.7,2.9,8.3,20.7,1.4,3,08-04-26,22:56:39,"Piaaa Unirii 1, Bucuresti 030119","Str. Vasile Lascar 161, Bucharest"
MzI1LTI0NTY2ODE0OTUtMzE5Mjg0NTI3Nw,finished,cash,17.8,5.2,10,31.1,1.4,6.3,08-04-26,22:16:28,"Strada Sergent Niau Vasile 16, Bucuresti 041543","Presto Ristorante Carol, Bulevardul Marasesti, Bucharest, Romania"
MzI1LTI0NTY2NTMxNTAtMzE5Mjc5NjIxOA,finished,in_app,29.8,7.3,17.4,25,0.7,3.1,08-04-26,21:48:32,"Strada Popa Rusu 16, Bucuresti 021023","Aleea Mioara Luiza Mirea 5, Bucuresti 041531"
MzI1LTI0NTY2NDM0NTQtMzE5Mjc4MDA0Ng,finished,business,19.9,3.6,10.1,21.4,1.6,4.8,08-04-26,21:38:51,"Soseaua Stefan cel Mare 15, Bucuresti 021104","Calea Mosilor 75, Bucuresti"
MzI1LTI0NTY2MzU2NjYtMzE5Mjc2NzMxNg,finished,cash,20.4,1,3.1,19.4,0.8,3.1,08-04-26,21:31:36,"Strada Salcamilor 18, Bucuresti","Exotic Vet Center, Strada Fainari 1, Sector 2, Bucuresti"
MzI1LTI0NTY2Mjc3MjYtMzE5Mjc1MzU0NQ,finished,in_app,20.4,2.9,7.5,22.9,0.7,2.4,08-04-26,21:23:31,"Piaaa Unirii 1, Bucuresti 030119","Strada Mihai Eminescu 188, Sector 2, Bucuresti"
MzI1LTI0NTY1ODgxNjAtMzE5MjY4NzMyNA,finished,cash,33.9,3.7,13.1,16.9,0.8,3.2,08-04-26,20:47:29,"Strada Crinului 14, Bucuresti 077120","Intrarea Crinului, Jilava, Romania"
MzI1LTI0NTY1NzAyMjItMzE5MjY1OTIzOA,finished,cash,24.1,5.9,14.6,24.3,1.1,4.6,08-04-26,20:30:54,"Strada Teius 133, Bucuresti","Dedeman, Strada Acaiunii, Bucuresti, Romania"
MzI1LTI0NTY1NDExNzgtMzE5MjYxMjIyMw,finished,cash,23.5,5.1,17,17.9,0.8,4.8,08-04-26,20:04:21,"Aleea Salaj 11, Bucuresti 051908","Str. Valea Timisului 150E, Bucuresti 051497"
MzI1LTI0NTY1MDQ5MDctMzE5MjU2MDQzNg,finished,in_app,43.6,12.3,26.8,27.5,1.6,3.6,08-04-26,19:32:28,"Elos Skin & Laser Center, Piata Presei","Strada Popina 23, Bucharest, Romania"
MzI1LTI0NTY0Nzc2MDItMzE5MjUyMDUwMw,finished,in_app,31.1,7.3,17.7,24.8,0.8,1.4,08-04-26,19:08:25,"Bulevardul Iuliu Maniu 51, Bucuresti 061077","Beraria H, Beraria H"
MzI1LTI0NTY0NjA0MTktMzE5MjQ5NjI1MQ,finished,cash,19.3,2.6,6.8,22.9,1.8,5.6,08-04-26,18:54:10,"Strada Valea Cascadelor 26F, Bucuresti 061515","Str. Moinesti 1, Bucuresti 061231"
MzI1LTI0NTY0MjU5MzEtMzE5MjQ0NzI5Nw,finished,in_app,39.9,7.3,23.9,18.3,1,3,08-04-26,18:25:49,"Bulevardul Constructorilor 14, Bucuresti 060511","Aleea Pasarea in Vazduh 4, Bucuresti 062142"
MzI1LTI0NTU1MjYzMjAtMzE5MTA4Nzc1Mw,finished,in_app,17,3.8,8.7,25.9,1.3,3.5,08-04-26,0:48:13,"Strada Doctor Constantin Istrati 1, Bucuresti 040542","Strada Petre Ispirescu 117, Bucuresti"
MzI1LTI0NTU0NzEzNzctMzE5MDk4MTY1MQ,finished,business,58.9,11.9,21.8,32.9,4.9,9.2,07-04-26,23:24:16,Strada Aron Cotrus 51,"Piaaa Rahova, Soseaua Alexandria 3-5,  Strada Pucheni"
MzI1LTI0NTU0NTk3MzgtMzE5MDk2MDY1MQ,finished,cash,18.7,2.4,6,24,1.5,2.6,07-04-26,23:08:13,"Strada Banul Antonache 40-44, Bucuresti 011665","Bulevardul Ion Mihalache 106, Bucuresti 011202"
MzI1LTI0NTU0NTA2OTItMzE5MDk0Mjk2Ng,finished,in_app,18.9,3.8,8.4,27.1,0.6,3.3,07-04-26,22:57:13,"Calea Griviaei 144, Bucuresti 010741","Strada Dinu Vintila 3, Bucuresti 021101"
MzI1LTI0NTU0MzYyNzgtMzE5MDkxNDczOQ,finished,in_app,32.4,9,17.4,31.1,0.5,4.3,07-04-26,22:39:09,"Drumul Osiei 70B, 062395","Gara de Nord, Gara de Nord, Bucuresti"
MzI1LTI0NTU0MDkxOTAtMzE5MDg2NDYzNg,finished,in_app,32.9,9,21.6,25,1.7,3.3,07-04-26,22:07:46,"Strada Progresului 126, Bucuresti 050696",Strada Rezervelor 99
MzI1LTI0NTUzODY0MTgtMzE5MDgyMzMxNw,finished,cash,24.3,3.7,13.8,16,1.9,2.4,07-04-26,21:44:10,"Intrare Far, Afi Palace Cotroceni","Strada Vedea 4, Bucuresti 052084"
MzI1LTI0NTUzNjUwMTItMzE5MDc5ODk0NA,finished,in_app,24.3,4.4,12.1,21.7,0.6,2,07-04-26,21:29:04,"Strada Ion Campineanu 27, Bucuresti 010034","Str. Alexandru Iacobescu 17, Bucuresti 060755"
MzI1LTI0NTUzNTcxNjEtMzE5MDc3MzgyOA,finished,in_app,22.4,5,14.6,20.7,1.9,5.5,07-04-26,21:14:10,"Drumul Taberei 18, Bucuresti 061385","Negroni Aperitivo Bar, Strada Matei Millo 5, Sector 1, Bucuresti"
MzI1LTI0NTUyNzQ5MzktMzE5MDYzNzcxNg,finished,cash,31.2,8.9,18.8,28.3,1.2,4.1,07-04-26,19:55:41,"Strada Caderea Bastiliei 41, Bucuresti","Drumul Taberei 122, Bucuresti 061414"
MzI1LTI0NTUyNTM0NTUtMzE5MDYwNDM0Nw,finished,in_app,41.1,11.3,19.4,34.9,1.5,3,07-04-26,19:35:36,"Strada Erou Iancu Nicolae 89/11, 077190","Condesa, Gina Patrichi 3, Sector 1, Bucuresti"
MzI1LTI0NTUyMDAxODQtMzE5MDUyMTIzMQ,finished,in_app,54.4,12.1,31.9,22.8,1.7,2.8,07-04-26,18:47:59,"Intrarea Doctor Iacob Felix 16, Bucuresti","Strada Erou Iancu Nicolae 95A, Voluntari 077190"
MzI1LTI0NTUxOTQ2MzQtMzE5MDUxMjU1Mg,finished,in_app,17,1.5,4.3,21.2,0.4,1.5,07-04-26,18:43:20,"Strada Stirbei Voda 87 A, Bucuresti","Strada Buzesti 27, Bucuresti 011012"
MzI1LTI0NTUxODA4MzctMzE5MDQ5MTgwNA,finished,cash,17,3.3,7.8,25.5,0.8,3,07-04-26,18:31:17,"Calea Crangasi 29, Bucuresti 060312","Strada Virgiliu 30, Bucuresti"
MzI1LTI0NTQyNzE0ODgtMzE4OTA5MDcyMA,finished,in_app,22.9,4.3,12.9,20.1,2.5,4.5,06-04-26,23:49:11,"Strada 11 Iunie 57, Bucuresti 040171","Splaiul Independenaei 202D, Bucuresti 060022"
MzI1LTI0NTQyNDUyNzEtMzE4OTAzNjk0NA,finished,business,50.6,12.6,18.6,40.5,2.8,5.1,06-04-26,23:12:27,"Ramada Parc, Ramada Plaza","Strada Tatulesti 7, Bucharest, Romania"
MzI1LTI0NTQyMzMwMzktMzE4OTAxMTczMw,finished,in_app,54.9,9.4,15.2,37.1,0.8,4.4,06-04-26,22:57:14,"Strada Academiei 25, Bucuresti 010012","Str. Crinului 5-15, Bucuresti 012582"
MzI1LTI0NTQyMjAwNjktMzE4ODk4NDc3NA,finished,in_app,17,4.3,6.8,38.2,1.8,4,06-04-26,22:41:26,"Strada Emil Racoviaa 3-5, Bucuresti 041762","Strada Nerva Traian 13-15, Nerva Traian, Bucuresti"
MzI1LTI0NTQxOTg2MTEtMzE4ODk0MDcyMg,finished,business,41.9,6.8,13,31.5,1.6,6.3,06-04-26,22:17:27,"Strada Vaselor 8, Bucuresti","Strada Cararuia 40, Bucuresti"
MzI1LTI0NTQxODc2ODQtMzE4ODkyMDIxNQ,finished,cash,20.4,5.3,12.4,25.6,0.3,0.6,06-04-26,22:06:39,"Strada Nerva Traian 1, Bucuresti","Str. Mihai Eminescu 77 A, Bucuresti 020072"
MzI1LTI0NTQxNTkyMTMtMzE4ODg1OTUxNw,finished,in_app,45,5,18.2,16.5,1.3,5.5,06-04-26,21:35:50,"Bulevardul Dinicu Golescu 31, Bucuresti 010866","Bulevardul Octavian Goga 12, Bucuresti"
MzI1LTI0NTQxMzMxODEtMzE4ODgwODU5OQ,finished,cash,37.5,9,18.2,29.6,3.2,9.8,06-04-26,21:09:37,"Intrare 2, Zona Comerciala Baneasa","Intrarea Stefan Furtuna 7, Sectorul 1, Bucuresti"
MzI1LTI0NTQwOTg0MTQtMzE4ODc0MDE2MQ,finished,cash,29.1,7.3,16.1,27.4,1.7,4.1,06-04-26,20:35:35,"Piaaa Alexandru Lahovari 5, Bucuresti 010464","Camin Snspa, Strada Biharia, Bucuresti, Romania"
MzI1LTI0NTQwNjEyMzMtMzE4ODY3NjUxOA,finished,in_app,68.9,17.4,31.2,33.4,1.1,3,06-04-26,19:59:53,"Arrivals, Bucharest Henri Coanda Airport (OTP)","Hotel Berthelot, Sector 1, Bucuresti"
MzI1LTI0NTQwMTg5MzMtMzE4ODYwODAwNQ,finished,cash,43.5,12.4,25.3,29.3,1.1,1.3,06-04-26,19:17:05,"Piaaa Constituaiei 5, Bucuresti 040104","Intrare principala, Zona Comerciala Baneasa"
MzI1LTI0NTQwMTA5ODUtMzE4ODU5NTMwMQ,finished,in_app,17,2.3,4.6,29.5,0.7,1.4,06-04-26,19:09:19,"Calea Rahovei 157A, Bucuresti 050892","Hotel Parliament, Strada Izvor 106, Sectorul 5, Bucuresti"
MzI1LTI0NTM5OTkwOTMtMzE4ODU3Njg2Ng,finished,in_app,17,3,9.5,19.1,0.5,0.8,06-04-26,18:57:40,"Strada Cuza Voda 58, Bucuresti 040285","Strada Sabinelor 42A, Bucuresti"
MzI1LTI0NTM5NzAwMzctMzE4ODUzMzA4MA,finished,in_app,39.9,7.4,23.9,18.6,1.5,3.4,06-04-26,18:28:59,"Splaiul Independentei 332B, Bucuresti 060314","Biserica Ortodoxa Bucur Ciobanul, Strada Radu Voda 33, Bucuresti"
MzI1LTI0NTM5NjI2ODktMzE4ODUyMTkyMQ,finished,cash,18.7,0.6,2.9,12,0.5,3,06-04-26,18:21:30,"Soseaua Virtuaii 148, Bucuresti 060787","Bulevardul Constructorilor 20, Crangasi, Bucuresti"
MzI1LTI0NTM5NTAyNzktMzE4ODUwMzc0MA,finished,cash,20.4,2.7,6.4,24.9,2.7,6.2,06-04-26,18:09:25,"Strada Dudului 15, Bucuresti","Strada Nucsoara 6, Crangasi, Bucuresti"
MzI1LTI0NTMxNzk5MDEtMzE4NzI0OTU1Mw,finished,cash,18.8,7,11.7,35.9,1.6,3.3,06-04-26,0:36:50,"Soseaua Stefan cel Mare 236, Bucuresti 020164","Calea Crangasi 19, Bucuresti"
MzI1LTI0NTMxNjY5MDAtMzE4NzIyMTI3Nw,finished,cash,18.6,6.5,9.3,41.5,1.9,4.5,06-04-26,0:22:12,"Strada Ion Minulescu 3, Bucuresti 031215","Strada Tunari 58, Bucuresti 020528"
MzI1LTI0NTMxNTM5NTAtMzE4NzE5NDU3Ng,finished,in_app,16.4,2.8,5,33.3,1.7,3.8,06-04-26,0:09:26,"Strada Moailor 20, Bucuresti","Delta City, Strada Povestei 10, Bucharest"
MzI1LTI0NTMxNDA5OTItMzE4NzE2NjgwNA,finished,cash,21,4.4,14.3,18.4,1.2,1.6,05-04-26,23:56:53,"Calea Serban Voda 124, Bucuresti 040213","Strada Vantului 25, Vitan, Bucuresti"
MzI1LTI0NTMxMzMwODEtMzE4NzE0OTE1OQ,finished,in_app,22.4,2.6,7,22.2,0.4,0.8,05-04-26,23:48:51,"Strada Stelea Spatarul 11, Bucuresti 030211","Strada Frigului 18, Sectorul 4, Bucuresti"
MzI1LTI0NTMxMjAwMTQtMzE4NzEyMzc2OQ,finished,cash,16.8,2.7,8.1,19.8,1.1,2.5,05-04-26,23:36:32,"Aleea Bran 2, Bucuresti 040444","Strada Baia de Fier 6, Centrul Istoric, Bucuresti"
MzI1LTI0NTMxMDkyMzgtMzE4NzEwMjE4OA,finished,business,12.8,1.9,3.4,34.4,1.1,1.5,05-04-26,23:26:37,Bulevardul Alexandru Obregia 19L,"Soseaua Berceni 35, Berceni, Bucuresti"
MzI1LTI0NTMwODA5MDUtMzE4NzA1MDI4MA,finished,in_app,28.1,7.7,14.1,32.9,0.6,3.4,05-04-26,23:02:38,"Strada Garoafei 36, Bucuresti 051236","Drumul Jilavei 64-66, Bucuresti, Romania"
MzI1LTI0NTMwNDY1OTAtMzE4Njk5Nzg3Ng,finished,cash,46.7,6.4,28.7,13.4,0.8,0.1,05-04-26,22:38:07,"Calea Giulesti 39, Bucuresti 060276","Soseaua Alexandria 20, Bucuresti 051534"
MzI1LTI0NTI2ODc2NDQtMzE4NjM1OTI4Mw,finished,in_app,20.2,6.4,11.4,33.4,1.1,2.5,05-04-26,17:27:43,"Bulevardul Ion Mihalache 343, Bucuresti 010721","21 Residence Politehnica, Bulevardul Iuliu Maniu 15H, Militari, Bucuresti"
MzI1LTI0NTI2NDA5MDYtMzE4NjI4Mzk5MQ,finished,cash,21.2,6,11.3,31.6,4.1,4.6,05-04-26,16:42:54,"DJ602 78, Buftea 070000","Manastirea, Romania"
MzI1LTI0NTI2MjkyMDctMzE4NjI2MzQ0OA,finished,cash,12.8,3,5,36.5,2,2.8,05-04-26,16:30:11,"Aleea Constructorului 1, Buftea 070000","Strada Oltului 3, Buftea 070000"
MzI1LTI0NTI1NzY0MTMtMzE4NjE3NjQ3NQ,finished,cash,63.2,26.2,45.8,34.3,0.2,2.5,05-04-26,15:36:56,"Soseaua Salaj 139, Bucuresti 051895","Aleea Campului 6, Buftea 070000"
MzI1LTI0NTI1NzIxNzEtMzE4NjE2OTY3Ng,finished,cash,14,1.5,2.9,30.7,0.3,1.6,05-04-26,15:32:39,"Calea Rahovei 305, Bucuresti 050901","Soseaua Salaj 208, Rahova, Bucuresti"
MzI1LTI0NTI1NTQ4ODMtMzE4NjE0MTY0OA,finished,in_app,17.9,5.8,15,23.1,1.4,2.9,05-04-26,15:14:33,"Intrarea Principala, Spitalul Militar Central","Strada Pictor Dan Mihail 4, Bucuresti"
MzI1LTI0NTE5MTI5ODQtMzE4NTAwMDc5Nw,finished,in_app,13.4,3.2,10.2,18.7,1.4,2.1,05-04-26,0:16:17,"Strada Lizeanu 20, Bucuresti 021112","Zadar Bar, Strada Mircea Vulcanescu, Bucharest, Romania"
MzI1LTI0NTE4NDI0MjgtMzE4NDg5NTM1MA,finished,in_app,47,17.6,23.5,44.9,1.6,3,04-04-26,23:13:45,"Str. Ferme F 29, Otopeni","Strada Ioan Slavici 3, Bucuresti"
MzI1LTI0NTE4MDc4MTktMzE4NDg0MjEzNg,finished,in_app,30.8,11.8,17.9,39.5,0,0.3,04-04-26,22:42:55,"Piaaa Unirii 1, Bucuresti 030119","Strada Jandarmeriei 13D, Bucuresti"
MzI1LTI0NTE3NzgxODgtMzE4NDc5ODk1Mw,finished,in_app,39.7,10.6,20.8,30.7,0.5,1.2,04-04-26,22:16:06,"Strada Biruinaei 49, Popesti Leordeni 077160","Piaaa Unirii 1, Bucuresti 030119"
MzI1LTI0NTE3NjA2NDktMzE4NDc3MzMyMA,finished,cash,14.6,4.1,7.7,32.3,0.8,1.7,04-04-26,22:00:56,"Bd. Alexandru Obregia 39, Bucuresti","Strada Biruinaei 172, Popesti-Leordeni"
MzI1LTI0NTE3MzQ5NTYtMzE4NDczNTgxNg,finished,cash,20.7,7.4,17.6,25.2,0.1,0.4,04-04-26,21:38:16,"Strada Gheorghe Iorga 8, Bucuresti 051817","Strada Emil Racoviaa 22A, Bucuresti 041761"
MzI1LTI0NTE2NjI2NDktMzE4NDYyNzcxOA,finished,in_app,33,10,23.5,25.7,1.3,2.5,04-04-26,20:35:52,"Strada Amurgului 56A, Popesti-Leordeni","Str. Av. Dumitru Penes 13, Bucuresti 052011"
MzI1LTI0NTE2MzY1MDctMzE4NDU4OTQyMw,finished,in_app,24.5,8.4,19.8,25.5,0,0.2,04-04-26,20:12:29,"Intrare Paul, Park Lake Mall",Strada Biruinaei 87
MzI1LTI0NTE2Mjg5NzEtMzE4NDU3ODk4Mw,finished,in_app,12.8,1.7,6.2,16.8,0.6,2.2,04-04-26,20:05:57,"Calea Dudesti 186, Bucuresti","Paul Entrance, Park Lake Mall"
MzI1LTI0NTE2MDM1MjktMzE4NDU0MzExNQ,finished,in_app,15.3,4.7,10.1,27.9,0.5,1.4,04-04-26,19:43:33,"Strada Vasile Lascar 188B, Bucuresti 020512","Strada Baba Novac 8, Bucuresti"
MzI1LTI0NTE1ODQzNTYtMzE4NDUxNjg3Mw,finished,in_app,24,6.3,12.9,29.3,0.7,1.5,04-04-26,19:26:41,"Bulevardul Constructorilor 24, Bucuresti 060513","Bulevardul Dacia 99, Sectorul 2, Bucuresti"
MzI1LTI0NTAwMzExNTMtMzE4MjE4NzIwMQ,finished,cash,34.1,8.3,40.5,12.3,0.5,3.6,03-04-26,15:35:38,"Strada Clucerului 55, Bucuresti","Splaiul Unirii 162, Bucuresti 040041"
MzI1LTI0NDk5OTY5MTQtMzE4MjEzNzgzNA,finished,in_app,20.2,5.5,30.2,11,0.4,1.8,03-04-26,15:07:36,"Strada Ion Brezoianu 6, Sector 5, Bucuresti","Arco di Trionfo, Sector 1, Bucuresti"
MzI1LTI0NDk5NDg0MTMtMzE4MjA2NTI5MA,finished,in_app,28.1,8.6,35.5,14.6,0.4,1.5,03-04-26,14:28:32,"Bulevardul 1 Decembrie 1918 12-14, Bucuresti 032462","Paine Goala, Strada Ion Brezoianu 10, Sector 5, Bucuresti"
MzI1LTI0NDk4OTkyMDQtMzE4MTk5MzM0Mw,finished,in_app,32.6,5.9,26.3,13.4,1,3.7,03-04-26,13:48:53,"Strada Ion Maiorescu 38, Bucuresti 021245","Bl. M32A, Aleea Barajul Bicaz 11C, Bucuresti 032792"
MzI1LTI0NDk4MjkxNTUtMzE4MTg5MDkwNQ,finished,cash,42.2,11.1,37.8,17.5,1.5,4.7,03-04-26,12:48:02,"Strada Fanionului 51, Bucurestii Noi, Bucuresti","Strada Fainari 1, Bucuresti 021221"
MzI1LTI0NDk3OTYxOTgtMzE4MTg0MjM3Nw,finished,in_app,27.4,7.6,21.1,21.5,0.3,1.7,03-04-26,12:19:21,"Calea Griviaei 140, Bucuresti 010741","Strada Nataaiei 54-52, Sectorul 1, Bucuresti"
MzI1LTI0NDk3NTM0MjAtMzE4MTc4MTAxMg,finished,in_app,26.6,11.7,30.3,23.3,1.2,4.3,03-04-26,11:41:49,"Aleea Tomesti 10, Bucuresti","Bulevardul Gheorghe Duca 8, Bucuresti 011074"
MzI1LTI0NDk3MTM4MzMtMzE4MTcyNDc2MA,finished,cash,32,12.4,35.8,20.8,1.4,3.1,03-04-26,11:04:24,"Strada Valea Cascadelor 4, Bucuresti 061093","Statie autobuz, Spitalul Clinic de Urgenaa ""Bagdasar-Arsenie"
MzI1LTI0NDkxNTU5NjItMzE4MDgwNDA2Mg,finished,in_app,14.9,2,5.8,20.2,1,1.9,02-04-26,22:03:13,"Strada Ion Campineanu 24, Bucuresti 010082","Str. Plantelor 26, Bucuresti 023974"
MzI1LTI0NDkxMzUwMTYtMzE4MDc3MDE5Mw,finished,in_app,17.6,6.7,16.3,24.6,1.2,2.7,02-04-26,21:44:22,"Strada Tincani 3, Bucuresti 061594","Apollo111, Strada Actor Ion Brezoianu 23-25, Sector 1, Bucuresti"
MzI1LTI0NDkxMTI2NzEtMzE4MDczNDI0NQ,finished,in_app,14.2,5.8,14.7,23.7,0.3,1.5,02-04-26,21:23:54,"Calea Ferentari 62, Bucuresti 051864","Drumul Taberei 93A, Bucharest"
MzI1LTI0NDkwODc2MTEtMzE4MDY5MzEzNw,finished,in_app,13.1,4.6,16.3,17.1,1,3,02-04-26,21:03:05,"Far Entrance, Afi Palace Cotroceni Mall","Filiala Vasile Alecsandri - Biblioteca Metropolitana Bucuresti, Calea Ferentari, Bucharest, Romania"
MzI1LTI0NDkwNTg3MjktMzE4MDY0NjY0Mw,finished,in_app,20.2,4.2,14.4,17.5,0.7,0.1,02-04-26,20:38:21,"Strada Lipscani 17, Bucuresti","Strada Barca 1, Bucuresti"
MzI1LTI0NDkwMzc4NTEtMzE4MDYxNDEzMQ,finished,in_app,18.2,5.8,15.5,22.3,0.3,1.8,02-04-26,20:20:30,"Bulevardul Timisoara 29, Bucuresti 061308","Interbelic Cocktail Bar, Calea Victoriei 17, Bucuresti"
MzI1LTI0NDg5NTU2MTgtMzE4MDQ5Mjc1NQ,finished,in_app,26.2,7.8,22.8,20.7,0.1,1.4,02-04-26,19:14:45,"Strada Cuza Voda 127, Bucuresti 040283","Plaza Residence Faza 4, Bulevardul Timisoara, Bucharest, Romania"
MzI1LTI0NDg5NDI3NjEtMzE4MDQ3MzQ0NA,finished,cash,17.6,3.4,11.3,17.9,1.8,3.6,02-04-26,19:05:00,"Strada Stoian Militaru 71, Bucuresti 040713","Discovery Arena Tineretului, Strada Elena Cuza 42, Sectorul 4, Bucuresti"
MzI1LTI0NDg5MDg1MTYtMzE4MDQyNDU5OA,finished,cash,30.2,9.2,22.9,23.9,0.2,0.8,02-04-26,18:39:01,"Strada Albotesti 6, Bucuresti","Spitalul Clinic de Urgenaa pentru Copii ""Maria Sklodowska Curie"", Bulevardul Constantin Brancoveanu 20, Berceni, Bucuresti"
MzI1LTI0NDg4MzA2ODQtMzE4MDMxMzg4Ng,finished,cash,46.3,10.5,54.2,11.6,0.6,3.9,02-04-26,17:41:01,"Bulevardul Ion Mihalache 11, Bucuresti 011171","Drumul Luptatorilor Antifascisti 41, Bucuresti 051572"
MzI1LTI0NDg4MDg3MjUtMzE4MDI4MTgyNA,finished,in_app,14.2,1.3,12.2,6.2,1.3,4.5,02-04-26,17:24:38,"Strada Praga 3, Dorobanai, Bucuresti","Humana Second Hand, Soseaua Nicolae Titulescu 61-71, Gara de Nord, Bucuresti"
MzI1LTI0NDg3OTAzNzYtMzE4MDI1NDk1MA,finished,cash,16.7,1.9,6.8,17,1.5,4.1,02-04-26,17:10:37,"Strada Emanoil Porumbaru 13, Bucuresti 011421","COCO glam bar, Strada Braziliei 11A, Dorobanai, Bucuresti"
MzI1LTI0NDg3NTczNTUtMzE4MDIwNTc3OQ,finished,cash,35.3,7.5,22.7,19.7,0.7,3.9,02-04-26,16:45:59,"Bulevardul Iuliu Maniu 57, Bucuresti 061081","Str. Emanoil Porumbaru 58, Bucuresti 011427"
MzI1LTI0NDg3MzcwNDgtMzE4MDE3NjE4Mw,finished,cash,15.3,2.3,8.9,15.5,1.1,2.9,02-04-26,16:31:06,"Strada Fabricii 46G, Militari, Bucuresti","Metrou Lujerului, iesirea A, Bulevardul Iuliu Maniu, Bucuresti, Romania"
MzI1LTI0NDg3MDcxNzItMzE4MDEzMzU1Nw,finished,cash,20,3.5,20.9,10.1,0.7,3.1,02-04-26,16:08:53,"Bulevardul Constructorilor 31, Crangasi, Bucuresti","Sos. Virtutii 8, Bucharest 060785"
MzI1LTI0NDc4MzI5NTAtMzE3ODc2NTY2MQ,finished,cash,14,4.5,6,44.9,0.5,6.3,01-04-26,22:54:52,"Bulevardul Iancu de Hunedoara 37, Bucuresti 011734","Calea Crangasi 12, Crangasi, Bucuresti"
MzI1LTI0NDc4MjcyMzktMzE3ODc1NDg0Ng,finished,in_app,16.9,6.3,12.1,31.3,0.4,1,01-04-26,22:47:32,"Galaxy Entrance, Afi Palace Cotroceni Mall","Spitalul Clinic de Urgenaa Bucuresti, Calea Floreasca, Bucharest, Romania"
MzI1LTI0NDc4MDE3MTktMzE3ODcxMDc5OA,finished,in_app,12.8,1.5,4.5,20.1,0.4,2.5,01-04-26,22:19:15,"Strada Serg. Alexandru Cutieru 25A, Bucuresti 061422","Str. Sandulesti 1, Bucuresti 061784"
MzI1LTI0NDc3NjIyODUtMzE3ODY0NTI3MA,finished,cash,17.1,6,13.8,25.8,1.7,6.4,01-04-26,21:39:48,"Strada Stirbei Voda 18-16, Bucuresti","Bulevardul Timisoara 16B Bl. C3, Bucuresti 061329"
MzI1LTI0NDc3NDAzNjYtMzE3ODYwOTg0Ng,finished,in_app,13.3,4.5,10.6,25.1,1.7,6,01-04-26,21:17:18,"Strada Barbu Vacarescu 155, Bucuresti 020275","B-dul. Dinicu Golescu 7, Bucuresti 010861"
MzI1LTI0NDc3MjYwNzMtMzE3ODU4NjUwMw,finished,cash,14,3.6,10.2,21,1.6,3.6,01-04-26,21:03:53,"Strada Jean Louis Calderon 17, Bucuresti 020031","Strada Vidin 7, Bucuresti"
MzI1LTI0NDc3MDYwMzUtMzE3ODU1Mzg0OQ,finished,in_app,16.4,4.1,10.9,22.4,0.9,2.1,01-04-26,20:45:05,"Strada Toamnei 108, Bucuresti 020715","Hasha Tattoo - Tatuaje & Piercing Sector 4, Bucuresti, Bulevardul Marasesti, Bucharest, Romania"
MzI1LTI0NDc2ODYxNDAtMzE3ODUxOTM3OA,finished,in_app,22.1,7.5,19.9,22.8,0.4,1.1,01-04-26,20:26:04,"Str. Muntii Gurghiului 38, Bucharest 060316","El Torito - Restaurant Mexican & Mancare Mexicana, Strada Iancu Capitanu, Bucharest, Romania"
MzI1LTI0NDc2NDMyNTQtMzE3ODQ1NDMzMg,finished,in_app,31.2,10.4,31.3,20,0.1,0.8,01-04-26,19:48:56,Strada Tineretului 81A,"Strada Ruseau 10, Giulesti, Bucuresti"
MzI1LTI0NDc2MjIxMTUtMzE3ODQyMTAyNA,finished,in_app,15.1,3.7,15.8,14,1.1,4.8,01-04-26,19:29:11,"Bulevardul Iuliu Maniu 99, Bucuresti 061093","Strada Tineretului 79g, Chiajna, Romania"
MzI1LTI0NDc1OTU0OTMtMzE3ODM4MjA1NA,finished,in_app,12.8,3.1,12.5,14.9,0.2,0.5,01-04-26,19:06:20,"Intrare Lujerului, Mall Plaza Romania","Intrare Strada Oboga, Autogara Militari "
MzI1LTI0NDc1ODQ1MDAtMzE3ODM2NjE0MQ,finished,business,12.8,2.7,9.6,16.7,0.2,0.7,01-04-26,18:57:09,"Strada Dobreni 1, Bucuresti 062214","Intrare Parcare Nord, Mall Plaza Romania"
MzI1LTI0NDc1MTY2MjgtMzE3ODI2NzA0Nw,finished,in_app,42.6,7.7,45,10.3,0.2,0.9,01-04-26,18:01:39,"Strada Costache Negri 1-5, Bucuresti 050552","Aleea Lacul Morii 127-129, Bucuresti 060841"
MzI1LTI0NDc0OTI1MjctMzE3ODIzMDYzOA,finished,in_app,33.1,7.9,19.8,24,0.7,2.6,01-04-26,17:41:49,"Drumul Valea Doftanei 133C, Bucuresti 061981","Fantana Costache Negri - 1899, Cotroceni, Bucuresti"
MzI1LTI0NDc0NzMxNTMtMzE3ODIwMTczMw,finished,cash,12.8,1.2,7.5,9.8,0.4,2.1,01-04-26,17:26:43,"Drumul Taberei 96, Bucuresti 061408","Prelungirea Ghencea 86, Bucuresti 061715"
MzI1LTI0NDc0NjE2OTktMzE3ODE4Mzk3NA,finished,cash,12.8,1.8,5.6,19.6,0,0.3,01-04-26,17:17:14,"Aleea Dealul Macinului 18, Bucuresti","Strada Segarcea 1, Bucuresti 062067"
MzI1LTI0NDc0NDczMTgtMzE3ODE2MTc3MA,finished,in_app,15.2,3.9,12.1,19.3,0.3,1.9,01-04-26,17:06:07,"Bulevardul Timisoara 4A, Bucuresti 061344","Aleea Dealul Macinului 1B, Bucharest 062043"
MzI1LTI0NDc0MTc4NzktMzE3ODExNjQ1NA,finished,cash,19.4,4.8,20.8,13.8,0.3,0.8,01-04-26,16:43:14,"Strada Ceahlaul 20, Bucuresti","Intrare Far, Afi Palace Cotroceni"
MzI1LTI0NDY1MTM2OTItMzE3NjYzMzY2OQ,finished,in_app,12.8,3.5,5.3,40.1,0.2,0.2,31-03-26,23:39:56,"Soseaua Virtuaii 10, Bucuresti","Complex Regie, Sector 6, Bucuresti"
MzI1LTI0NDY0OTgwMjMtMzE3NjYwNTMzNg,finished,business,29.2,7.9,13.4,35.1,4.3,7.8,31-03-26,23:16:20,"Strada Dionisie Lupu 72, Bucuresti 010458","Strada Rosia Montana 1, Bucuresti 060951"
MzI1LTI0NDYzNDc1MjctMzE3NjMyNDc1OA,finished,in_app,12.8,2.8,8.3,20.5,0.7,2,31-03-26,20:38:53,"Strada Toamnei 11, Bucuresti 020701","LaDoiPasi EXTRA Avrig, Strada Avrig, Bucharest, Romania"
MzI1LTI0NDYzMjkwNTEtMzE3NjI5NDYyNQ,finished,in_app,22.8,2.9,10.3,16.6,0.7,1.8,31-03-26,20:21:33,"Calea Serban Voda 54, Bucuresti 040212","Bulevardul Regina Elisabeta 16, Bucuresti 030019"
MzI1LTI0NDYzMjE1NTEtMzE3NjI4MjAwNw,finished,cash,12.8,2.7,5,32,0.4,2.6,31-03-26,20:14:27,"Strada Nasaud 17, Bucuresti","Garibaldi Trattoria & Pub, Strada Olimpului, Centrul Civic, Bucuresti"
MzI1LTI0NDYzMDM4NTgtMzE3NjI1NTIwNA,finished,in_app,14,2.3,7.5,18,1.6,3.9,31-03-26,19:58:36,"Strada General Atanasie Demosthene 39, Bucuresti","Vulcan Value Centre, Strada Progresului 102-108, Rahova, Bucuresti"
MzI1LTI0NDYyODA2MzItMzE3NjIyMTQwOQ,finished,cash,17,4.5,13.1,20.8,1.1,3.4,31-03-26,19:37:22,"Strada Sfanta Vineri 5, Centrul Istoric, Bucuresti","Strada Sergent Ion Nuau 44, Bucuresti 050762"
MzI1LTI0NDYyNjE1NDUtMzE3NjE5MzYyNg,finished,in_app,17.6,5,13.4,22.3,0.4,3,31-03-26,19:19:35,"Strada Paunasul Codrilor 28, Bucuresti 052171","AristoDent - Ingrijire dentara de top pentru toata familia, Strada Remus, Bucuresti, Romania"
MzI1LTI0NDYyMjY2NzEtMzE3NjE0MzI3Mg,finished,cash,30.1,9,26.8,20.1,1,2.7,31-03-26,18:48:47,"Strada Pascal Cristian, Inginer 8, Bucuresti 060221","Strada Peciu Nou 5, Bucuresti 052385"
MzI1LTI0NDUwMDE3MTQtMzE3NDI3ODQ0Mw,finished,in_app,15.5,4,13,18.6,0.6,3.6,30-03-26,19:05:03,"Bulevardul Dacia 41, Bucuresti 010404","Str. Chibzuintei 5, Bucuresti 060216"
MzI1LTI0NDQ5Njg4NDEtMzE3NDIzMjA3MQ,finished,in_app,28,7.1,25,16.9,1.2,4.2,30-03-26,18:34:49,"Aleea Fizicienilor 11, Bucuresti 032111","Str. Polona 25, Sector 1, Bucuresti"
MzI1LTI0NDQ5NTEwNDgtMzE3NDIwNzQ3NA,finished,in_app,20.3,2,5.3,23.1,0.7,3.3,30-03-26,18:18:46,"Aleea Codrii Neamaului 6, Bucuresti 032437","Metrou Nicolae Grigorescu, Titan - Balta Alba, Bucuresti"
MzI1LTI0NDQ5MjMwMTMtMzE3NDE2NzI5Nw,finished,business,26.6,4.7,21.7,13,0.5,1.4,30-03-26,17:54:18,"Calea Vitan 28, Bucuresti 031296","Strada Cozla 10, Bucuresti 032735"
MzI1LTI0NDQ4OTM2NzAtMzE3NDEyNTQ1MQ,finished,in_app,21.7,3.4,15.1,13.6,1.4,9.9,30-03-26,17:28:49,"Strada Mecet 53, Sectorul 2, Bucuresti","Strada Foisorului 10, Vitan, Bucuresti"
MzI1LTI0NDQ3OTk0MDUtMzE3Mzk4NjcxMA,finished,in_app,102.5,33.3,66.4,30.1,1.1,3,30-03-26,16:10:12,"Arrivals, Bucharest Henri Coanda Airport (OTP)","Strada Turturelelor 11B, Centrul Civic, Bucuresti"
MzI1LTI0NDQ3NTAwOTEtMzE3MzkxMjE4MA,finished,in_app,43.9,14.1,23.4,36.2,0.9,1.7,30-03-26,15:31:51,"Strada Hrisovului 12, Bucuresti","Departures, Bucharest Henri Coanda Airport (OTP)"
MzI1LTI0NDQ3MjczMzYtMzE3Mzg3ODcwOQ,finished,in_app,23.2,5.2,13.8,22.6,0.5,1.5,30-03-26,15:13:44,"Bulevardul Ion Mihalache 128 B-D-E-F, Bucuresti 011203","Strada Baiculesti 7, Bucuresti"
MzI1LTI0NDQ2Nzg2ODctMzE3MzgxMDMwNA,finished,in_app,22.4,6.9,30.3,13.6,1.4,5,30-03-26,14:35:10,"Strada Ion Maiorescu 33, Bucuresti 021244","Dent Estet 4 Kids, Domenii, Bucuresti"
MzI1LTI0NDM5ODc1NTMtMzE3MjcyMjYzMQ,finished,in_app,24.1,1.8,5.2,20.7,2.9,6.9,29-03-26,23:21:28,"Bulevardul Aviatorilor 21, Bucuresti 011853","Soseaua Stefan cel Mare 1A, Bucuresti 011736"
MzI1LTI0NDM5NjcyOTctMzE3MjY4NjQ3NQ,finished,in_app,36,9,21.9,24.7,1.9,3.9,29-03-26,22:54:39,"Strada Doctor Constantin Istrati 1, Bucuresti 040542","Strada Trotusului 9, Griviaa, Bucuresti"
MzI1LTI0NDM5Mjc1ODYtMzE3MjYyMDQ4Ng,finished,in_app,32.6,7.6,20.8,22,0.5,1.5,29-03-26,22:06:45,"Aleea Poarta Alba 1-3, Bucuresti 061162","Strada Munaii Carpaai 86A, Rahova, Bucuresti"
MzI1LTI0NDM5MDM4NTQtMzE3MjU4MjQwOQ,finished,in_app,39.9,13.1,23.7,33.2,0.6,2.5,29-03-26,21:41:22,"Aleea Scolarilor 12, Dristor, Bucuresti","Strada Cupolei 4-8, Bucharest, Romania"
MzI1LTI0NDM4ODQ2MTEtMzE3MjU1MjcwMw,finished,in_app,31.8,8.4,16.9,29.7,0.4,0.8,29-03-26,21:20:34,"Strada Clucerului 7, Bucuresti 011361","Strada Complexului 8, Bucuresti 031702"
MzI1LTI0NDM4NzUwMjAtMzE3MjUzODA0NA,finished,in_app,17,2.9,7.8,21.9,0.4,0.9,29-03-26,21:10:39,"Secondary entrance, Northern Railway Station","Strada Radu Boiangiu 19, Bucuresti"
MzI1LTI0NDM4NTU3ODItMzE3MjUwODU0NA,finished,in_app,20.9,2.5,6.4,23.9,1.4,1.7,29-03-26,20:51:27,"Main entrance, Northern Railway Station","Soseaua Panduri,  Military Academy, Bucharest"
MzI1LTI0NDM4MzE1MjgtMzE3MjQ3MTY5Mg,finished,in_app,24.3,6.3,16.5,22.8,0.4,2.4,29-03-26,20:26:48,"Bucharest National Theatre TNB, Universitatii Square","Calea Griviaei 232, Bucharest"
MzI1LTI0NDM4MTMwNjItMzE3MjQ0NDk0OQ,finished,in_app,23.4,6.5,16.1,24.3,0.3,1.5,29-03-26,20:08:15,"Aleea Barajul Lotru 6, Bucuresti 032748","Piaaa C. A. Rosetti 3, Bucuresti 020971"
MzI1LTI0NDM3NjEwNzYtMzE3MjM3MDg4Mg,finished,in_app,69.9,23.6,41.7,33.9,1,2.7,29-03-26,19:15:48,Strada Sergent Ilie Petre 86,"Strada Liviu Rebreanu 15, Bucuresti 031775"
MzI1LTI0NDM3MTAyODMtMzE3MjMwMDg3MA,finished,in_app,56.3,15.6,39.2,23.9,0.5,1.9,29-03-26,18:26:35,"GRAL Medical, Strada Traian Popovici, Bucuresti, Romania","Strada Sergent Ilie Petre 48, 077041"
MzI1LTI0NDM2NzQ1NjYtMzE3MjI0Nzg4NA,finished,in_app,27,6.6,22,18.1,0.9,0.9,29-03-26,17:50:32,"Dinicu Golescu entrance, Northern Railway Station","Strada Vulcan Judeau 31-35, Bucuresti"
MzI1LTI0NDM2MzY0MDgtMzE3MjE5Mzg0OA,finished,in_app,18,2.6,12.4,12.4,0.2,1,29-03-26,17:12:05,"Intrare Dinicu Golescu, Gara de Nord","Strada George Ranetti 5-7, Bucuresti, Romania"
MzI1LTI0NDM2MjE4MzAtMzE3MjE3MzAxMg,finished,in_app,17,3,7.3,24.8,0.6,0.9,29-03-26,16:57:11,"Calea Giulesti 22, Bucharest","Bulevardul Dinicu Golescu 35, Bucuresti 010866"
MzI1LTI0NDM2MDg4NzgtMzE3MjE1Mzk5OA,finished,in_app,17,1.8,3.8,28.7,0.5,3.2,29-03-26,16:44:18,"Calea Crangasi, Sectorul 6, Bucuresti","Intrarea Godeni 15, Bucuresti"
MzI1LTI0NDI3OTE2NjYtMzE3MDY4ODkyNA,finished,in_app,35.4,10.3,16.6,37.3,0.3,1.2,29-03-26,0:47:39,"Soseaua Nordului 1, Bucuresti 114192","Strada Albiaei 1R, Bucharest, Romania"
MzI1LTI0NDI3NzI0OTQtMzE3MDY1NDY1NA,finished,in_app,28.9,7.7,9.7,47.6,0.6,4.8,29-03-26,0:34:25,"Strada Mircea Eliade 10, 077191","Restaurant It Cucina, Soseaua Nordului, Bucuresti, Romania"
MzI1LTI0NDI3MTM3NzQtMzE3MDU1ODU5Mw,finished,in_app,52.1,14.4,29.4,29.4,0.2,8.4,28-03-26,23:56:59,"Piaaa Unirii 1, Bucuresti 030119","New Point Residence, Bulevardul Pipera 168A, Pipera"
MzI1LTI0NDI2NjgwOTctMzE3MDQ4MzAxOQ,finished,in_app,20.9,5.9,13,27,0.4,0.6,28-03-26,23:26:27,"Soseaua Pantelimon 76, Bucuresti 021635","Q Club, Strada Verzisori 20, Bucuresti"
MzI1LTI0NDI2MzkwMTktMzE3MDQzNzQ2MQ,finished,in_app,23.9,4.5,9.2,29,0,0.2,28-03-26,23:07:14,"Strada Popa Petre 38, Bucuresti 020806","Sos. Pantelimon 243, Bucuresti 021608"
MzI1LTI0NDI2MjIzOTQtMzE3MDQxMTE5OQ,finished,in_app,19.3,4.8,10.8,26.5,0.9,3.9,28-03-26,22:56:30,"Strada Viorele 57A, Bucuresti","Boogie Bar, Strada Popa Petre 36, Bucharest"
MzI1LTI0NDI1NjE0MTQtMzE3MDMxOTQzMA,finished,in_app,37.9,9.4,14.9,37.9,0.7,1.7,28-03-26,22:13:23,"Aleea Barajul Bistriaei 12, Bucuresti 032768","Bulevardul Constantin Brancoveanu 99, Bucharest, Romania"
MzI1LTI0NDI1MzkzNTItMzE3MDI4NTk2NA,finished,in_app,26.2,7.5,13,34.5,0.6,1.2,28-03-26,21:58:40,"Splaiul Unirii 168, Bucuresti 030138","Aleea Barajul Bicaz 9, Titan - Balta Alba, Bucuresti"
MzI1LTI0NDI0OTU3MTItMzE3MDIyMTY5Mg,finished,in_app,27.9,6.7,21.3,18.8,0.7,1.9,28-03-26,21:27:28,"Strada Locotenent Aviator Marcel Andreescu 41, Bucuresti","Strada Viorele 51, Tineretului, Bucuresti"
MzI1LTI0NDI0NzgyNjEtMzE3MDE5NTUxOA,finished,in_app,17,1.8,6.6,16.6,0.7,3.1,28-03-26,21:15:31,"Strada Locotenent Aviator Serban Petrescu 6, Bucuresti","Uanderful, Calea Floreasca 240B, Floreasca, Bucuresti"
MzI1LTI0NDIzMDg5NzEtMzE2OTkzOTQxOQ,finished,in_app,75.6,22.3,34.5,38.8,0,0.2,28-03-26,19:25:58,"Therme Bucharest, Therme Bucharest","Manuc's Inn, Old Town"
MzI1LTI0NDIyNTA0OTctMzE2OTg1NjE1OA,finished,in_app,71.4,21.8,33.4,39.2,0.2,3.6,28-03-26,18:48:14,"Strada Toma Caragiu 1, Bucuresti","Therme Bucharest, Therme Bucharest"
MzI1LTI0NDIyMDg5OTUtMzE2OTc5ODUwNg,finished,in_app,25.1,6,19,18.9,0.9,2.9,28-03-26,18:21:17,"Strada Nucsoara 9, Bucuresti 060523","Intrare Aria TNB, Aria TNB, Bulevardul Nicolae Balcescu"
MzI1LTI0NDAzMjY1NjEtMzE2NjkxNTQ2NA,finished,in_app,17,2.3,8.3,16.7,0.1,0.9,27-03-26,14:31:05,"Strada Mihail Ilie 7, Bucuresti 051157","Aleea Haiducului 3, Bucuresti"
MzI1LTI0NDAyODgzMDktMzE2Njg1OTIwOQ,finished,in_app,20.5,4.4,17.6,15.1,0.5,1.6,27-03-26,14:02:45,"Soseaua Cotroceni 33, Bucuresti 060112","Strada Craisorului 7, Rahova, Bucuresti"
MzI1LTI0NDAyMzU0OTktMzE2Njc4NDUzMQ,finished,in_app,40.1,8.6,31.2,16.6,1,2.4,27-03-26,13:23:31,"Soseaua Fabrica de Glucoza 6-8, Bucuresti 020332","Eroii Sanitari Boulevard, Swimming Pool UMF Carol Davila"
MzI1LTI0NDAxODY0NTMtMzE2NjcxNTc5Nw,finished,in_app,41.3,9.7,26.8,21.6,1.1,4.6,27-03-26,12:45:17,"Bulevardul Unirii 69, Bucuresti 030829","Mobexpert Outlet, Soseaua Fabrica de Glucoza 21, Sectorul 2, Bucuresti"
MzI1LTI0NDAxNjQyOTItMzE2NjY4NDE4MQ,finished,in_app,31.4,3.3,16.6,11.8,0.6,1.9,27-03-26,12:28:20,"Intrarea secundara, Catedrala Patriarhala ""Sfinaii Imparaai Constantin si Elena","B-dul. Decebal 9, Bucuresti 030963"
MzI1LTI0NDAxMjU0NTYtMzE2NjYzMDAyNA,finished,in_app,22.9,7.5,23.3,19.3,0.1,1.2,27-03-26,11:56:31,"Bulevardul Marasti 2, Bucuresti 011195","Sport Therapie, Strada Gramont, Bucharest, Romania"
MzI1LTI0NDAwOTU2MDMtMzE2NjU4ODAzOA,finished,in_app,17,4.5,20.7,13.1,0.5,3,27-03-26,11:33:37,"Strada Dumbrava Rosie 15, Bucuresti 020462","Apollus Institute, Bulevardul Maresal Alexandru Averescu, Bucuresti, Romania"
MzI1LTI0NDAwNDk5NDYtMzE2NjUyNDYwOA,finished,in_app,34.4,10.3,26.7,23.3,2,3.6,27-03-26,10:56:04,"Strada Toamnei 6, 077041","Piaaa Romana, Bucuresti"
MzI1LTI0Mzk5OTExMzktMzE2NjQ0MDEyOQ,finished,in_app,77.7,24.4,45.1,32.4,0.5,0.5,27-03-26,10:09:07,"Sosiri, Aeroportul Henri Coanda din Bucuresti (OTP)",Strada Rezervelor 54
MzI1LTI0Mzk5NDU3OTgtMzE2NjM3ODA5NA,finished,in_app,28.6,5.1,11.9,25.7,2.4,3.6,27-03-26,9:34:01,"Soseaua Gheorghe Ionescu Sisesti 109A, Bucuresti","Intrare 2, Zona Comerciala Baneasa"
MzI1LTI0Mzk5MDkwNjAtMzE2NjMyNTk5NA,finished,in_app,40.5,9,27.4,19.6,0.6,1.6,27-03-26,9:04:24,"Soseaua Mihai Bravu 33, Bucuresti 021304","Strada Constantin Dobrogeanu-Gherea 123, Bucuresti 013763"
MzI1LTI0Mzk0OTUyODYtMzE2NTU5MDUyNQ,finished,in_app,19.7,5.9,12.7,27.8,0.3,0.6,26-03-26,23:01:51,"Bulevardul Gheorghe Sincai 11, Bucuresti 040313","Soseaua Pantelimon 113, Bucuresti 021597"
MzI1LTI0Mzk0Nzc1MTgtMzE2NTU1ODkxMg,finished,in_app,17,4.2,9.5,26.6,1,3,26-03-26,22:43:28,"Aleea Crevedia 2, Bucuresti 041031","Calea Vacaresti 274, Bucuresti 040061"
MzI1LTI0Mzk0NDc5MDItMzE2NTUwNzUyNw,finished,in_app,34.1,9.2,20.2,27.4,1.9,4.5,26-03-26,22:13:41,"Bulevardul Iuliu Maniu 7, Bucuresti 061072","Str. Dorohoi 16, Bucuresti 041685"
MzI1LTI0Mzk0MzE4MDctMzE2NTQ3NzI1Mg,finished,in_app,19,3,5.9,30.1,1,2.4,26-03-26,21:59:50,"Drumul Taberei 28, Bucuresti 061386","Calea 13 Septembrie 224, Bucuresti 077160"
MzI1LTI0Mzk0MTAwODYtMzE2NTQzODkxMA,finished,in_app,27.9,5.7,11.9,28.9,1,4.4,26-03-26,21:40:01,"Bulevardul Regina Elisabeta 44, Bucuresti 050018","Aleea Tincani 4, Bucuresti"
MzI1LTI0MzkzOTU0MzUtMzE2NTQxMjkyNw,finished,in_app,23.9,3.6,10.3,20.8,1.5,1.8,26-03-26,21:27:33,"Bulevardul Ion Mihalache 47, Bucuresti 011173","Strada Ion Campineanu 29, Bucuresti 010035"
MzI1LTI0MzkzODIzNzQtMzE2NTM4NjM3MQ,finished,in_app,30.6,2.5,7.4,19.9,0.5,1.6,26-03-26,21:16:07,"Calea Dorobanailor 130, Bucuresti","Str. Clucerului 53, Bucuresti 011364"
MzI1LTI0MzkzNjUyNTctMzE2NTM1MzYwMA,finished,in_app,32,4,10.1,23.9,1.5,4.3,26-03-26,21:03:21,"Strada Constantin Noica 181, Bucuresti 060052","Calea Floreasca 9-11, Bucuresti, Romania"
MzI1LTI0MzkzNDY4ODAtMzE2NTMyMTExMw,finished,in_app,18.7,3,8.7,20.5,1.5,3.2,26-03-26,20:49:13,"Strada Doctor Iacob Felix 72A, Bucuresti","Splaiul Independenaei 202M, Bucuresti 060011"
MzI1LTI0Mzg5MzM2NjMtMzE2NDY2NjYxOQ,finished,in_app,17,2,7.6,15.7,1.3,3.2,26-03-26,15:50:51,"Strada Alecu Russo 11, Bucuresti","Strada Roma 2, Bucuresti 011774"
MzI1LTI0Mzg5MDYzODQtMzE2NDYyNDQ4NQ,finished,in_app,17.7,1.5,10.7,8.6,1,6.5,26-03-26,15:31:41,"Strada Avrig 21-31, Bucuresti, Romania","Strada Kirilov Nicolae 1A, Sectorul 2, Bucuresti"
MzI1LTI0Mzg4ODc4ODMtMzE2NDU5NzEzMQ,finished,business,17,2.2,9.1,14.5,0.5,3.7,26-03-26,15:17:59,"Soseaua Pantelimon 243, Bucuresti 021609","Bulevardul Pache Protopopescu 119, Sector 2, Bucuresti"
MzI1LTI0Mzg4NTYzMDItMzE2NDU1MDY4NA,finished,in_app,19.9,5.1,16.2,18.9,0.4,5.7,26-03-26,14:54:58,"Bulevardul General Gheorghe Magheru 28-30, Bucuresti 010325","Intrare Principala, Mega Mall"
MzI1LTI0Mzg4MTU5ODQtMzE2NDQ4OTA0NQ,finished,in_app,28.4,7.5,26.6,16.8,0.3,1.3,26-03-26,14:25:05,"Intrarea Silistraru 30, Bucuresti 061427","Strada Biserica Amzei 27, Piata Amzei, Piaaa Amzei"
MzI1LTI0Mzg3OTU2NDQtMzE2NDQ1ODkwMQ,finished,in_app,21.9,4.6,13.4,20.5,0.9,1.6,26-03-26,14:09:19,"Strada Preciziei 24, Bucuresti 062204","Intrare Parcare Nord, Mall Plaza Romania"
MzI1LTI0Mzg3MTQ4OTEtMzE2NDM0MjkxOQ,finished,business,47.9,14.2,57.8,14.7,0.2,1,26-03-26,13:06:21,"Strada Doctor Burghelea 12A, Bucuresti 024032","Bulevardul Iuliu Maniu 586-590, Bucuresti 061109"
MzI1LTI0Mzg2ODc0MTktMzE2NDMwMzU2NA,finished,in_app,17,3.4,17.6,11.4,0.1,0.3,26-03-26,12:43:49,"Strada Ziduri Mosi 6, Bucuresti 023571","Strada Sfantul Stefan 1, Bucarest"
MzI1LTI0Mzg2NTgxODctMzE2NDI2MTU5OQ,finished,in_app,25.6,6.4,23.8,16,0.5,2,26-03-26,12:20:44,"Strada Niaa Elinescu 50, Bucuresti","Strada Ziduri Mosi 6, Bucuresti"
MzI1LTI0Mzg2MzcxODYtMzE2NDIzMDQ2Nw,finished,in_app,20.9,4.7,15.1,18.8,0.2,1.1,26-03-26,12:02:35,"Strada Turturelelor 54, Bucuresti","Strada Stirului 8A, Bucuresti, Romania"
MzI1LTI0Mzg2MjMwMzUtMzE2NDIxMDExMQ,finished,in_app,17,3.9,15,15.7,0.2,0.7,26-03-26,11:50:34,"Intercontinental Ateneu, Intercontinental Ateneu","Bulevardul Unirii 68, Bucuresti"
MzI1LTI0Mzg1NzYyNzktMzE2NDE0MDU4NQ,finished,in_app,19,3.4,10.9,18.9,0.3,1.1,26-03-26,11:12:47,"Strada Nicolae Filimon 34, Bucuresti 060302","Str. Berzei 15, Bucuresti 010251"
MzI1LTI0Mzc4OTA4OTItMzE2MzAzNzA0MQ,finished,business,19.9,5.6,17.3,19.4,0.5,2.5,25-03-26,19:35:34,"Calea Victoriei 49-53, Bucuresti","Strada Caminului 20, Bucuresti"
MzI1LTI0Mzc4NzEyNTUtMzE2MzAwODIzMA,finished,in_app,23.4,2.7,11,14.7,2.3,4.7,25-03-26,19:19:07,"Strada George Bariaiu 32, Bucharest","The Fool, Calea Victoriei 118, Bucuresti"
MzI1LTI0Mzc1MTIyODItMzE2MjQ5MTkzNA,finished,in_app,28.9,4.4,11.4,23.3,1.6,7.1,25-03-26,14:36:30,"Bulevardul Unirii 5, Bucuresti 040101","Far Entrance, Afi Palace Cotroceni Mall"
MzI1LTI0Mzc0ODc3MTktMzE2MjQ1NTU5OA,finished,in_app,20.7,4.8,15.4,18.8,1.7,5.2,25-03-26,14:16:20,"Strada Campia Libertaaii 66, Bucuresti 030377","Calea Serban Voda 38bis, Bucuresti 040212"
MzI1LTI0Mzc0MzMxMTQtMzE2MjM3NjIxMQ,finished,in_app,50.4,7.7,35.7,13,1.9,4.8,25-03-26,13:32:20,"Bulevardul Chisinau 28, Bucuresti",Spitalul Clinic Judeaean de Urgenaa Ilfov
MzI1LTI0Mzc0MjIxNDQtMzE2MjM2MDUxMQ,finished,in_app,17,2.3,5.1,26.5,1.6,3.3,25-03-26,13:23:20,"Strada Dragusin Deleanu 1A, Bucuresti 023411","Strada Delfinului 11, Bucuresti 022353"
MzI1LTI0Mzc0MDA3MzUtMzE2MjMyOTE1MA,finished,in_app,20.6,4.5,15.6,17.1,0.5,2.5,25-03-26,13:04:49,"Soseaua Fabrica de Glucoza 9B, Bucuresti 020339","Kaufland Bucuresti-Colentina, Soseaua Colentina, Bucuresti, Romania"
MzI1LTI0MzczNjYzMjktMzE2MjI3OTg0NQ,finished,in_app,25.9,6.3,27.6,13.8,0.3,1,25-03-26,12:35:29,"Calea Victoriei 60, Bucuresti 010091","Deutsche Bank Global Technology, Bulevardul Dimitrie Pompeiu 6A, Sector 2, Bucuresti"
MzI1LTI0MzczNDQwMjMtMzE2MjI0NzcwOA,finished,in_app,20.5,4.2,17.8,14.1,0.2,1.1,25-03-26,12:16:17,"Bulevardul Iuliu Maniu 11, Bucuresti 061072","Muzeul National de Arta, Bucuresti, Muzeul National de Arta, Bucuresti"
MzI1LTI0MzcyNDI2NzctMzE2MjEwMTYxOQ,finished,in_app,58.6,17.8,34.6,30.9,1.5,4.7,25-03-26,10:49:36,"Arrivals, Bucharest Henri Coanda Airport (OTP)","Hotel Yesterday, Strada Economu Cezarescu 8, Grozavesti, Bucuresti"
MzI1LTI0MzcxODQyMzItMzE2MjAxODkwNA,finished,in_app,58.6,21,42.9,29.3,0.6,2.9,25-03-26,10:01:15,"Strada Levanaica 62, Bucuresti 031403","Plecari, Aeroportul Henri Coanda din Bucuresti (OTP)"
MzI1LTI0MzcxNjI5ODUtMzE2MTk5MTAxMw,finished,in_app,24.6,4,13.8,17.5,1.3,2.1,25-03-26,9:44:09,"Lina Hotel, Obor, Bucuresti","Strada Traian Popovici 87A, Bucuresti"
MzI1LTI0MzY4NTk4MjctMzE2MTUyNTczOA,finished,in_app,47.8,7.5,20.4,21.9,2.3,5.3,24-03-26,23:57:16,"Strada Selari 2, Bucuresti","Strada Nicolae Filipescu 30, Bucuresti"
MzI1LTI0MzY4NTA0MjgtMzE2MTUwODk0OQ,finished,in_app,20,5.9,16.3,21.8,1.1,0.8,24-03-26,23:41:35,"Soseaua Colentina 16, Bucuresti 021154",Str. Poet Panait Cerna 4
MzI1LTI0MzY4MjYwODMtMzE2MTQ2NDg3MQ,finished,business,39.9,14.8,24.4,36.3,1.6,3.3,24-03-26,23:05:43,"Strada Sergent Constantin Apostol 8-10, Bucuresti 061135","Strada Clopotiva 2, Bucharest"
MzI1LTI0MzY2MDcwMzctMzE2MTExNzMwMQ,finished,in_app,28.4,6.7,25,16.1,0.7,2.5,24-03-26,19:12:07,"Strada Brasov 9, Bucuresti 061441","Strada Orhideelor 24, Dudu, Romania"
MzI1LTI0MzY1ODQzOTktMzE2MTA4NDgzNA,finished,in_app,28.4,5.3,12.2,25.9,0.7,2.8,24-03-26,18:52:19,"Calea Crangasi 29, Bucuresti 060312","Aleea Campul Cu Flori 3A, Bucuresti 062022"
MzI1LTI0MzY1MzgxNjYtMzE2MTAyMTAzNw,finished,in_app,34.8,4,12.8,18.6,1.6,4.7,24-03-26,18:12:57,"Soseaua Orhideelor 15A, Bucuresti 060071","Strada Orsova 12, Bucuresti 060903"
MzI1LTI0MzU2MzQyOTktMzE1OTY5NjI3MA,finished,in_app,22.7,8.3,14.2,34.9,1.1,1.7,23-03-26,23:25:58,"Soseaua Mihai Bravu 510, Bucuresti","Drumul Gura Fagetului 69, Bucharest"
MzI1LTI0MzU2MTA1MDQtMzE1OTY1MDcyMw,finished,in_app,44.3,9.9,16.5,36.2,2.1,5.5,23-03-26,22:49:56,"Strada Gina Patrichi 4, Bucuresti 051539","Aleea Tomesti 3, Bucharest 042144"
MzI1LTI0MzU1OTYwMzUtMzE1OTYyMzc5OA,finished,in_app,21.9,4.6,13.2,20.8,2.4,3.7,23-03-26,22:29:08,"Strada Maresal Aviator Mircea Zorileanu 89, Bucuresti","Str. G-ral. Av. Andrei Popovici 6A, Bucuresti 011723"
MzI1LTI0MzU1ODAzNTYtMzE1OTU5NDk0MA,finished,in_app,27,6.4,14.8,26.1,1.2,4.8,23-03-26,22:08:13,"Strada Virgiliu 43, Bucuresti","Face Club, Romexpo Arena"
MzI1LTI0MzU1NzI4NDQtMzE1OTU4MTI3Ng,finished,in_app,17,4.5,9.9,27.4,1.5,3.8,23-03-26,21:59:08,"Strada Mihaela Ruxandra Marcu 4, Bucuresti 061525","B-dul. Mihail Kogalniceanu 35, Bucuresti 050065"
MzI1LTI0MzU1NTMwODItMzE1OTU0ODIwMw,finished,in_app,23.9,9,24,22.5,0.6,1.1,23-03-26,21:32:59,"Strada Odei 17, Bucuresti","Bulevardul Timisoara 43A, Bucuresti 061314"
MzI1LTI0MzU1MjgwMTktMzE1OTUwNzc2MQ,finished,in_app,28.4,8.2,20.9,23.4,1.4,3.5,23-03-26,21:02:04,"Bulevardul Unirii 33, Bucuresti 030822","Strada Luica 13, Giurgiului, Bucuresti"
MzI1LTI0MzU1MTA1NDEtMzE1OTQ3OTYyNQ,finished,in_app,17.9,3.3,11.4,17.1,1.8,4.2,23-03-26,20:41:25,"Strada Ion Campineanu 29, Bucuresti 010035","Strada Traian 1, Bucuresti"
MzI1LTI0MzU0OTI3MTgtMzE1OTQ1MDkwMQ,finished,business,17,2.1,5.1,24.4,1.9,6.1,23-03-26,20:21:09,"Strada Mexic 1, Bucuresti 011755","InterContinental Athne Palace Bucharest, an IHG Hotel, Strada Episcopiei 1-3, Bucharest"
MzI1LTI0MzU0NzI2NjUtMzE1OTQxOTIwOQ,finished,in_app,23.2,5.6,19.6,17.2,0.6,0.4,23-03-26,20:00:22,"Strada Doctor Nicolae D. Staicovici 75, Bucuresti 050557","Soseaua Stefan cel Mare 21, Bucuresti 020125"
MzI1LTI0MzU0NjM5MDktMzE1OTQwNzI5Mg,finished,in_app,17,1.2,4.5,16.4,0,0.1,23-03-26,19:51:17,"Strada Operetei 12, Bucuresti","Continental Forum Bucuresti, Strada Izvor 82-84, Bucharest"
MzI1LTI0MzU0NTQyMTAtMzE1OTM5MzI3MA,finished,in_app,17,3.8,13.8,16.7,0.3,0.1,23-03-26,19:41:24,"Strada Nasaud 66B, Bucuresti","Strada Colonel Bordea Poenaru 2, Centrul Civic, Bucuresti"
MzI1LTI0MzU0NDAwNTAtMzE1OTM3Mzk4MA,finished,in_app,27,3.5,12.1,17.4,0.1,0.8,23-03-26,19:27:51,"Strada Ion Brezoianu 3-5, Bucuresti 050021","Strada Nasaud 77, Rahova, Bucuresti"
MzI1LTI0MzU0MTA3MDMtMzE1OTMzMzU0Ng,finished,in_app,22.4,3.7,11.9,18.9,1.2,3.7,23-03-26,18:59:59,"Calea Giulesti 21, Bucuresti 060252","Sala Palatului, Strada Ion Campineanu 28, Sectorul 1, Bucuresti"
MzI1LTI0MzUxMjA0NDAtMzE1ODkyOTU5MQ,finished,in_app,17.9,3.4,8.3,24.8,1.5,11.3,23-03-26,14:46:12,"Arcul de Triumf, Sectorul 1, Bucuresti","Strada Somesul Rece 33A, Bucuresti"
MzI1LTI0MzUwODMxNTItMzE1ODg3NzE2MQ,finished,in_app,28.4,6.4,27,14.2,1.3,5.2,23-03-26,14:14:21,"Bulevardul Pache Protopopescu 103, Bucuresti 021409","Bulevardul Ion Mihalache 75-79, Bucuresti 011196"
MzI1LTI0MzQ0MDg0MDMtMzE1NzgyNTIzMA,finished,business,45.6,14.3,24.9,34.4,1.6,2.9,22-03-26,22:42:02,Strada Ankara 7,"Strada Malureni 101, 23 August, Bucuresti"
MzI1LTI0MzQzODc5NDctMzE1Nzc4OTU5Nw,finished,in_app,25.3,6.6,18.6,21.1,1.4,3,22-03-26,22:16:22,"STAY by Coffee 2 Go, Strada General Henri Mathias Berthelot 48, Sector 1, Bucuresti","Strada Aviator Stefan Protopopescu 8, Floreasca, Bucuresti"
MzI1LTI0MzQzODI4MjItMzE1Nzc4MTIzMw,finished,in_app,14,2.2,6.3,20.8,0.5,1.9,22-03-26,22:10:36,"Calea Serban Voda 50, Bucuresti 040212","Bulevardul Schitu Magureanu 3, Bucuresti 050025"
MzI1LTI0MzQzNzE4ODgtMzE1Nzc2MzI2Nw,finished,business,12.8,1.8,5.8,18.2,0.9,2.7,22-03-26,21:58:39,"Strada Constantin Bosianu 27-29, Bucuresti 040505","Strada Vuetului 12, Sectorul 4, Bucuresti"
MzI1LTI0MzQzNTAwOTMtMzE1NzcyODY1Nw,finished,in_app,16.4,4.3,12.4,20.9,0.5,1.5,22-03-26,21:33:30,"Strada Visana 1, Bucuresti 040391","Pragmatic Play, Calea Rahovei 240, Bucuresti"
MzI1LTI0MzQzNDAwODctMzE1NzcxMjY2Mw,finished,in_app,14,3.7,10.3,21.6,0.4,1.1,22-03-26,21:21:55,"Strada Dimitrie D. Gerota 8, Bucuresti","Strada Tohani 1, Tineretului, Bucuresti"
MzI1LTI0MzQzMzEzMDUtMzE1NzY5OTI4Mg,finished,in_app,14,1.9,6.3,17.9,0.9,4.3,22-03-26,21:12:32,"Green Hours jazz-cafe, Calea Victoriei 120, Sector 1, Bucuresti","Strada Speranaei 8, Bucuresti 020993"
MzI1LTI0MzQzMTM0ODEtMzE1NzY3MTQzOA,finished,in_app,17.9,6.4,17.3,22.2,0.8,2.4,22-03-26,20:53:54,"Bulevardul Tineretului 55, Bucuresti 040352","Strada Occidentului 45, Sectorul 1, Bucuresti"
MzI1LTI0MzQyOTcxMzgtMzE1NzY0NTkxNw,finished,in_app,15,5.1,12.2,25.3,1.7,3.2,22-03-26,20:36:51,"Strada Bucovina 6, Bucuresti 030392","Strada Constantin Radulescu Motru 22, Bucuresti 040366"
MzI1LTI0MzQyODI2ODYtMzE1NzYyMzg0Ng,finished,in_app,12.8,1.9,4.8,23.5,1.4,4.3,22-03-26,20:21:59,"Strada Liviu Rebreanu 4, Bucuresti 031773","Aleea Ion Agarbiceanu 3-7, Bucuresti"
MzI1LTI0MzQyMTUzNTgtMzE1NzUyMjg4MA,finished,in_app,17.7,7,24.7,17,0.8,0.9,22-03-26,19:16:50,"Intrare Dinicu Golescu, Gara de Nord","Str. Dristorului 3, Bucuresti 031531"
MzI1LTI0MzQxNzA4MzctMzE1NzQ1Njk0OA,finished,in_app,19.6,5.1,13.4,23,0.3,1.4,22-03-26,18:34:06,"Strada Leordeni 38, Bucuresti 077025","Strada Dorneasca 2, Bucuresti 051761"
MzI1LTI0MzQxNDQ4NDQtMzE1NzQyMDE4OQ,finished,in_app,17.5,6.4,14.5,26.4,1.1,3.2,22-03-26,18:09:30,"Soseaua Antiaeriana 1bis, Bucuresti","Strada Celofibrei 17, Bragadiru 077025"
MzI1LTI0MzQxMjM0MjktMzE1NzM4ODYyOA,finished,in_app,21.7,8.2,17.4,28.2,0.8,3,22-03-26,17:48:43,"Strada Locotenent Saidac Gheorghe 4, Bucuresti 060522","Bloc M131, Strada Soldat Ilie Mihail, Bucuresti, Romania"
MzI1LTI0MzMxOTI2MDUtMzE1NTgxNTIzNQ,finished,in_app,22.8,7,15.3,27.4,0.9,1.1,22-03-26,0:11:40,"Calea Plevnei 56, Bucuresti 010234","Str. Fantanica 10, Bucuresti 021804"
MzI1LTI0MzMxNzI5ODQtMzE1NTc4MzUxOA,finished,in_app,13.7,3.7,8.6,26.1,0.8,1.5,21-03-26,23:59:44,"Strada Locotenent Saidac Gheorghe 5A, Bucuresti 060342","Calea Plevnei 114, Bucuresti"
MzI1LTI0MzMxNjM2ODEtMzE1NTc2NzkyOA,finished,business,12.8,3.3,5.4,36.9,0.6,1.1,21-03-26,23:53:51,Strada Clucerului 16,Strada Vintila Mihailescu 1
MzI1LTI0MzMxNDM1OTAtMzE1NTczNjE3NA,finished,in_app,19,5.6,10,33.7,1,2.3,21-03-26,23:40:44,"Strada Nerva Traian 3A, Bucuresti 031041","Strada Barbu Delavrancea 2A, Bucuresti"
MzI1LTI0MzMxMjgxNjUtMzE1NTcxMTMzMA,finished,in_app,12.8,1.9,5.3,21.5,0.3,1.9,21-03-26,23:30:25,"Aleea Banul Udrea 10, Bucuresti","Strada Viorele 26, Tineretului, Bucuresti"
MzI1LTI0MzMwODgzOTAtMzE1NTY0OTkzOA,finished,in_app,17.1,5.9,12.1,29.4,1.3,5.6,21-03-26,23:05:26,"Strada Jean Louis Calderon 49, Bucuresti 030167","Calea Vitan 121, Bucuresti 031284"
MzI1LTI0MzMwNDA3ODktMzE1NTU3MjQxNQ,finished,in_app,39.5,15.4,27.8,33.1,2.4,3.9,21-03-26,22:32:43,"Strada Iederei 52-60, Bragadiru 077025","Piaaa Pache Protopopescu 1, Bucharest 021401"
MzI1LTI0MzMwMjAxOTUtMzE1NTUzOTE2MA,finished,business,23,7.1,12.2,34.9,1.9,4.8,21-03-26,22:18:21,Strada Brasov 25,Strada Nazuinaei 10
MzI1LTI0MzI5OTAyODEtMzE1NTQ5MjgxNg,finished,in_app,13.8,3.3,13.9,14.3,0.9,5.3,21-03-26,21:58:45,"Strada Serg. Alexandru Cutieru 25B, Bucuresti 061422","Drumul Taberei 100, Bucuresti 061411"
MzI1LTI0MzI5NzA0ODctMzE1NTQ2MTg5NA,finished,in_app,14.9,5.9,10.6,33.5,0.2,1,21-03-26,21:45:05,"Strada Turda 118, Bucuresti 011336","Aleea Dumbraviaa 1, Drumul Taberei, Bucuresti"
MzI1LTI0MzI5NTA4ODUtMzE1NTQzMjAyMA,finished,in_app,13.9,4.9,12.8,22.8,0.1,1.1,21-03-26,21:31:23,"Calea Victoriei 38-40, Bucuresti 010082","Strada Turda 131, Bucuresti 011326"
MzI1LTI0MzI5MTU2NTctMzE1NTM3Nzc1OQ,finished,in_app,16.7,5.8,16.4,21.1,0.1,0.3,21-03-26,21:07:20,"Bulevardul Camil Ressu 7, Bucuresti 031732","Negroni Aperitivo Bar, Strada Matei Millo 5, Sector 1, Bucuresti"
MzI1LTI0MzI4ODU4ODUtMzE1NTMzMTE2Nw,finished,in_app,20.3,8.1,15.4,31.3,0.2,1.4,21-03-26,20:48:12,"Strada Tatulesti 15, Bucuresti 040834","Strada Tomis 2, Dristor, Bucuresti"
MzI1LTI0MzI4MDk0MDgtMzE1NTIwODk2MA,finished,in_app,31.7,11.4,25.5,27,1.3,2.3,21-03-26,20:01:09,"Intrarea Paulis 6, Bucuresti 060981","OMV, Soseaua Giurgiului, Bucharest, Romania"
MzI1LTI0MzI3ODMyNDUtMzE1NTE2NTExOA,finished,in_app,12.8,1.9,3.5,32.2,1.1,2.6,21-03-26,19:44:40,"Bulevardul 1 Decembrie 1918 13, Rosu 077040","Strada Rezervelor 4F, Dudu 077040"
MzI1LTI0MzI3NTUyNDAtMzE1NTEyMTM2OQ,finished,in_app,12.8,5.2,11.8,26.5,0.5,2.2,21-03-26,19:28:04,"Bulevardul Timisoara 14A, Bucuresti 061329","Strada Stupca 22-32, Bucuresti"
MzI1LTI0MzI3NDIwOTUtMzE1NTEwMTk1Mw,finished,in_app,12.8,1.1,3.6,18.8,0,0.1,21-03-26,19:20:03,"Far Entrance, Afi Palace Cotroceni Mall","Bulevardul Timisoara 16B, Bucharest, Romania"
MzI1LTI0MzI3MTMwNTAtMzE1NTA1OTY0MA,finished,in_app,14.9,5,14.9,20.1,0.6,1.3,21-03-26,19:01:39,"Strada Poiana Narciselor 1, Bucuresti","Intrare Far, Afi Palace Cotroceni"
MzI1LTI0MzI2MzgxODAtMzE1NDk1MDc4NQ,finished,in_app,23.5,8.6,19.5,26.4,0.4,2.7,21-03-26,18:13:46,"Strada Sfantul Gheorghe 16, Popesti-Leordeni 077160","Hanul lui Manuc, Centrul Vechi"
MzI1LTI0MzI2MDExNzEtMzE1NDg5ODk0OQ,finished,in_app,16,5.6,12.7,26.6,0.5,0.8,21-03-26,17:48:06,"Strada Drumeaului 53, Bucuresti","Strada Solstiaiului 2H, Popesti Leordeni"
MzI1LTI0MzEyMDAwOTQtMzE1MjY2MzIyNg,finished,in_app,14,2.4,4.7,30.6,0.3,1.8,20-03-26,19:47:01,"Bulevardul Timisoara 29, Bucuresti 061308","Strada Fabricii 7, Bucuresti"
MzI1LTI0MzExNzk3ODMtMzE1MjYzMjA3OA,finished,in_app,12.8,1.2,3.5,20.1,1.2,4.3,20-03-26,19:34:55,"Far Entrance, Afi Palace Cotroceni Mall","Bulevardul Timisoara 16B Bl. C3, Bucuresti 061329"
MzI1LTI0MzExMzQ0MjctMzE1MjU2NTM1NQ,finished,in_app,32.7,8,24.3,19.7,0.9,2,20-03-26,19:07:13,"Strada Comandor Eugen Botez 15, Bucuresti","Bloc Z8, Strada Sibiu 15, Bucuresti, Romania"
MzI1LTI0MzEwODk3NjAtMzE1MjUwMjE2Nw,finished,in_app,16.7,5,18.4,16.2,0.3,1.8,20-03-26,18:40:10,"Strada Matei Millo 10, Bucuresti 010145","Bulevardul Lacul Tei 109, Bucharest 020377"
MzI1LTI0MzEwNDU3NjYtMzE1MjQzODU2MA,finished,in_app,22.8,5.5,23,14.3,0.6,1.7,20-03-26,18:12:11,"Strada Serban Gheorghe 53, Bucuresti","Teatrul Mic, Strada Constantin Mille, Sector 1, Bucuresti"
MzI1LTI0MzA5OTMxMzItMzE1MjM2NjY1MQ,finished,in_app,23.5,6.9,27.1,15.2,0.2,1.3,20-03-26,17:36:57,"Strada Baiculesti 29, Bucuresti 013193","OXYA by Bamboo, Tei, Bucuresti"
MzI1LTI0MzA5NjQ3NzktMzE1MjMyNzk2OA,finished,in_app,21.3,6.3,17.6,21.4,0.5,1.9,20-03-26,17:17:17,"Embryos Fertilization and Gynecology Clinic, Strada Gheorghe Polizu 58-60, Gara de Nord, Bucuresti","Aleea Baiculesti 23, Pajura, Bucuresti"
MzI1LTI0MzA4NTExMTctMzE1MjE2MjcyOQ,finished,in_app,69.5,17.5,45.1,23.3,1.5,3.1,20-03-26,15:59:10,"Arrivals, Bucharest Henri Coanda Airport (OTP)","Main entrance, Northern Railway Station"
MzI1LTI0MzA3NzE5MjItMzE1MjA0NDI2NQ,finished,in_app,43.4,14.5,49.4,17.6,0.6,5.1,20-03-26,15:03:47,"Pullman Hotel, Romexpo Arena","Departures, Bucharest Henri Coanda Airport (OTP)"
MzI1LTI0MzA3MzA4ODMtMzE1MTk4MzE5OQ,finished,in_app,25.2,7.3,28.9,15.2,0.9,3.6,20-03-26,14:35:07,"Strada Vasile Lascar 10, Sector 2, Bucuresti","Entrance, Romexpo Arena"
MzI1LTI0MzA2NzgyMDQtMzE1MTkwNjQ4Nw,finished,business,26.9,7.5,36.1,12.5,1.7,1.1,20-03-26,13:57:20,"Entrance, Romexpo Arena","PERL, Bulevardul Regina Elisabeta, Bucharest, Romania"
MzI1LTI0MzA1OTA5ODUtMzE1MTc4NzEyNQ,finished,business,55.8,16.5,55,18,1.7,6.3,20-03-26,12:52:15,"Strada Avicola 35, Pantelimon, Romania","SNSPA, Bulevardul Expoziaiei 30A, Sector 1, Bucuresti"
MzI1LTI0MzA1NTg0MzMtMzE1MTc0MTc4OA,finished,in_app,30.7,8.9,25,21.5,0.2,1.5,20-03-26,12:27:51,"Institutul Oncologic, Fundeni, Bucuresti","Sos. Viilor 106a, Pantelimon 077145"
MzI1LTI0MzA1MjIwODItMzE1MTY5MDYwOA,finished,in_app,32.4,9,25.6,21.1,0.6,3.5,20-03-26,11:58:45,"Strada Gara de Nord 2, Bucuresti 010856","Spitalul Fundeni, Fundeni, Bucuresti"
MzI1LTI0MzA1MTA0NzgtMzE1MTY3MzkyOA,finished,in_app,12.8,2.4,6.7,21.2,1.1,2.6,20-03-26,11:49:42,"Strada 9 Mai 25, Bucuresti","Gara de Nord, Gara de Nord, Bucharest"
MzI1LTI0Mjk4MjcyNDItMzE1MDU3OTk5MA,finished,in_app,16.7,6.9,19,21.7,0.5,1.4,19-03-26,20:59:19,"Strada Patlaginei 15, Bucuresti","Soseaua Pantelimon 350, Bucuresti"
MzI1LTI0Mjk3OTg4MTUtMzE1MDUzNTU0NA,finished,in_app,18.7,5.7,13.4,25.7,1.8,1.9,19-03-26,20:32:43,"Bulevardul Gheorghe Sincai 16, Bucuresti","Sos. Oltenitei 396, Bucuresti"
MzI1LTI0Mjk3NTIyNzItMzE1MDQ2MTY4NQ,finished,in_app,17.4,7.3,14.7,29.8,0.6,1.9,19-03-26,19:52:40,"Calea Vitan Entrance, Bucharest Mall","Str. Lamotesti 8, Bucharest 041027"
MzI1LTI0Mjk3MzIzMzgtMzE1MDQzMTAyMQ,finished,in_app,14.6,4.8,13.9,20.8,0.7,1.7,19-03-26,19:36:55,"Strada Nehoiasi 28, Bucuresti","Strada Vlaicu Voda 25, Bucuresti"
MzI1LTI0Mjk3MDE2ODEtMzE1MDM4NTM5Ng,finished,in_app,18.1,6.4,17.7,21.8,0.9,3.1,19-03-26,19:12:51,"Str. Tudor Arghezi 14, Bucuresti","Strada Verigei 6, Bucuresti"
MzI1LTI0Mjk2NzY1MDgtMzE1MDM0OTM0MA,finished,in_app,13.7,3.5,8.7,24,0.4,3.1,19-03-26,18:53:48,"Aleea Teiul Doamnei 91, Bucuresti","Strada Silvestru 3, Sector 2, Bucuresti"
MzI1LTI0Mjk2NDc2MzAtMzE1MDMwNjA2OA,finished,in_app,17,4.3,22.7,11.3,0.1,0.4,19-03-26,18:31:55,"Strada Piaaa Amzei 7-9, Bucuresti 010342","Bulevardul Lacul Tei 120, Bucuresti 020395"
MzI1LTI0Mjk2MDQ2NjMtMzE1MDI0NTkzOQ,finished,in_app,26.4,6.8,21.7,18.9,1.1,6.2,19-03-26,17:59:02,"Strada Dealul Tugulea 22C, Bucuresti","Calea Victoriei 134, Bucuresti 010094"
MzI1LTI0Mjk1NzAxMDEtMzE1MDE5ODQzMg,finished,in_app,27.2,5.5,19.3,17.1,0.7,7.5,19-03-26,17:32:39,"Soseaua Orhideelor 15A, Bucuresti 060071","Farmacia Ana Maria, Bulevardul Iuliu Maniu 152, Bucuresti"
MzI1LTI0Mjk0ODc2MzUtMzE1MDA4MjI2Nw,finished,in_app,46,14.9,57.2,15.6,0.9,3.9,19-03-26,16:29:39,"Intrarea Ciresului 7, Fundeni, Bucuresti","Encore Club, Splaiul Independenaei 311, Grozavesti, Bucuresti"
MzI1LTI0Mjk0NDk5MTQtMzE1MDAyODIxMA,finished,in_app,18.7,5.2,12.1,25.7,1,8.7,19-03-26,16:01:00,"Soseaua Colentina 16, Bucuresti 021177","Strada Piersicului 14, Bkres, Dobroesti, Romanya"
MzI1LTI0Mjk0MjcwOTMtMzE0OTk5Mzg1Ng,finished,business,14.2,3,13,13.9,0.7,1.7,19-03-26,15:44:18,"Scenario, Floreasca One Tower","Strada Halmeu 2, Bucuresti 021118"
MzI1LTI0MjkzOTcwMDMtMzE0OTk1MTM0Ng,finished,in_app,16.3,3.2,10.7,17.7,1.5,8,19-03-26,15:22:41,"Strada Chiristigiilor 8, Bucuresti 021563","Strada Wolfgang Amadeus Mozart 7, Bucuresti"
MzI1LTI0MjkzMzk2OTYtMzE0OTg2NzI5Nw,finished,in_app,32,9.8,32,18.4,0.4,2.2,19-03-26,14:38:20,"Strada Vintila Mihailescu 6, Bucuresti 060396","Strada Rascoala 1907 6, Colentina, Bucuresti"
MzI1LTI0MjczNDc0NDItMzE0Njg3MzcyNQ,finished,in_app,20.4,6,12.4,28.9,1.9,3.5,17-03-26,23:56:04,"Manuc's Inn, Old Town","Soseaua Mihai Bravu 75-83, Bucharest 021311"
MzI1LTI0MjczMjE0OTUtMzE0NjgyNDY2Mw,finished,business,62.6,15.1,23.6,38.3,2.5,7.3,17-03-26,23:17:02,Aleea Pescarus 1,"Strada Tudor Gociu 24b, Bucharest, Romania"
MzI1LTI0MjczMDMzMDUtMzE0Njc5MTc5MA,finished,in_app,16.6,5.8,11.5,29.9,1.6,4.1,17-03-26,22:54:51,"Strada Ion Campineanu 21, Bucuresti 010033","Strada Alexandru Constantinescu 1, Bucuresti"
MzI1LTI0MjcyOTU2NzAtMzE0Njc3ODE2OQ,finished,in_app,25.3,2.9,7.2,23.9,1.6,5.6,17-03-26,22:45:19,"Calea Vitan 23D, Bucuresti 031281","Strada Nicolae Tonitza, Centrul Vechi"
MzI1LTI0MjcyNDkwNDItMzE0NjY5NjIzMA,finished,business,23.8,10.3,21,29.6,0.1,2.4,17-03-26,21:51:41,"Radisson Blu, Hotel Radisson Blu","Strada Soldat Grigore Iancu 92, Bucuresti"
MzI1LTI0MjcyNDA2OTItMzE0NjY4MjQzMw,finished,in_app,19,3.1,10.4,17.8,0.9,2.1,17-03-26,21:42:14,"Bloc 4, Strada Pastorului 2","Calea Victoriei 128a, Bucuresti, Romania"
MzI1LTI0MjcyMjc4MTktMzE0NjY2MjM3Ng,finished,in_app,14,3.8,11.6,19.8,1.2,4.3,17-03-26,21:28:13,"Strada Edgar Quinet 5, Bucuresti 010017","Strada Maica Domnului 39A, Bucuresti 023722"
MzI1LTI0MjcxOTkzNzAtMzE0NjYxNDk0NQ,finished,in_app,17.3,6.4,14.2,26.9,0.7,4.2,17-03-26,20:58:41,"Strada Rezervelor 24, Rosu 077042","Statia de autobuz, Facultatea de Electronica, Telecomunicaaii si Tehnologia Informaaiei"
MzI1LTI0MjcxNTAzNTAtMzE0NjUzNzEyMQ,finished,in_app,23.7,8.5,19.8,25.8,0.3,1.1,17-03-26,20:10:36,"Strada Ceahlaul 19, Bucuresti 060374",Strada Tineretului 24 Bl 6
MzI1LTI0MjY3NDc4ODYtMzE0NTkxMzk4OA,finished,in_app,18.1,4.2,10.5,24.2,0.9,1.1,17-03-26,14:52:47,"Bulevardul Iuliu Maniu 11, Bucuresti","Str. Ceahlaul 16, Bucuresti 060379"
MzI1LTI0MjY3MDc5MTktMzE0NTg1ODYwNg,finished,in_app,25,8,29.1,16.4,1.1,2.1,17-03-26,14:20:27,"Strada Gheorghe Matac 33-35, Bucuresti 020341","Tennisland, Strada Fruntas Anghel Mihai, Bucharest, Romania"
MzI1LTI0MjY2ODI4NjQtMzE0NTgyMzk3Nw,finished,in_app,13.7,3.5,12.1,17.6,1.2,5.9,17-03-26,13:59:24,"Bulevardul Ferdinand I 98-100, Bucuresti 021394","Centrokinetic 102, Strada Barbu Vacarescu, Bucharest, Romania"
MzI1LTI0MjY2NjQ4ODItMzE0NTc5OTc5OQ,finished,in_app,13.7,2.7,11.4,14.4,0.1,0.9,17-03-26,13:45:05,"Strada Otesani 73, Bucuresti 023566","Strada Traian 234, Sectorul 2, Bucuresti"
MzI1LTI0MjY2NDk0NDItMzE0NTc3ODI4OQ,finished,in_app,12.8,2.6,6.3,25.2,0.7,1.7,17-03-26,13:32:36,"Soseaua Mihai Bravu 95-105, Bucuresti 021312","Strada Alexandru cel Bun 12, Bucuresti 023682"
MzI1LTI0MjY2MTEzMTEtMzE0NTcyNjg4Mw,finished,in_app,19.8,6.7,23.9,16.9,0.3,3.7,17-03-26,12:59:35,"Soseaua Olteniaei 81, Bucuresti","Strada Avrig 63, Pantelimon, Bucuresti"
MzI1LTI0MjY1OTg5MjYtMzE0NTcxMDAxMw,finished,in_app,15.8,3.8,8.9,25.4,0.5,1.8,17-03-26,12:48:49,"Drumul Jilavei 62, Bucuresti","Strada Sergent Niau Vasile 14, Bucuresti"
MzI1LTI0MjY1ODM5ODktMzE0NTY4ODE5Ng,finished,in_app,17,6.2,15.4,24.2,0.6,1.9,17-03-26,12:35:56,"Strada Stoian Militaru 84, Bucuresti 040718","Bulevardul Metalurgiei 61C, Bucuresti 042162"
MzI1LTI0MjY1NTAxOTAtMzE0NTY0MDg4NQ,finished,in_app,29.4,9.3,24.8,22.5,1.1,3.7,17-03-26,12:06:24,"Strada Elev Stefan Stefanescu 30, Bucuresti","Bloc K, Soseaua Giurgiului, Bucharest, Romania"
MzI1LTI0MjYwNTc4MjctMzE0NDkwMDAyNg,finished,in_app,12.8,1.8,5.8,18.3,0.6,1,16-03-26,22:58:30,"Strada Teiul Doamnei 11, Bucuresti 023572","Str. Ferestrei 14, Bucuresti 023846"
MzI1LTI0MjYwNTIyODgtMzE0NDg4OTc2OQ,finished,in_app,14,2,5.2,23.5,1.1,2.8,16-03-26,22:50:50,"Strada Elev Stefanescu Stefan 63, Bucuresti","Sos. Colentina 31, Bucuresti 021157"
MzI1LTI0MjYwNDExNTYtMzE0NDg2ODAyMw,finished,business,12.8,4.4,11.5,22.9,0.4,1.7,16-03-26,22:34:23,"Bucuresti Mall, Intrare Calea Vitan",Strada Slt. Dima Cristescu 9
MzI1LTI0MjYwMzI4MTYtMzE0NDg1Mjk5OA,finished,in_app,14,4.3,9.5,27.3,2,3.5,16-03-26,22:22:28,"Soseaua Olteniaei 71, Bucuresti","Strada Branduselor 3A, Bucuresti, Romania"
MzI1LTI0MjYwMTgwMzYtMzE0NDgyNjE4NA,finished,in_app,12.8,3.8,6.2,37.3,1.8,3.6,16-03-26,22:04:02,"Strada Ion Scoraaru 1, Popesti-Leordeni","hotspot Wi-Fi Digi, Metrou Aparatorii Patriei, Aparatorii Patriei, Bucuresti"
MzI1LTI0MjU5OTM3MzEtMzE0NDc4NDY1OA,finished,in_app,23.8,11.2,23.4,28.6,0.2,2.7,16-03-26,21:32:09,"Strada Nasaud 77, Bucuresti 052034","Strada Biruinaei 25, Popesti-Leordeni 077160"
MzI1LTI0MjU5ODI1MTgtMzE0NDc2NTc4Ng,finished,in_app,12.8,4.1,8.9,27.5,0.8,4.5,16-03-26,21:17:43,"Entry 2, RO: Stadionul Steaua Bulevardul Ghencea","Camin D. Moaoc, Strada Spatarul Preda 13A, Rahova, Bucuresti"
MzI1LTI0MjU4OTIxMDQtMzE0NDYxNTkwMQ,finished,in_app,18,5.5,12.8,25.6,0.7,5.6,16-03-26,19:43:25,"Baias Si Asociatii, B.N.P.A., Calea Plevnei, Bucuresti, Romania","Intrarea principala, Auchan Drumul Taberei"
MzI1LTI0MjU4NzkxOTUtMzE0NDU5NDkwMQ,finished,in_app,14,2.6,9.3,16.9,0.6,1.1,16-03-26,19:31:47,"Strada Viisoarei 2, Bucuresti 010637","Strada Fagaras 19, Sector 1, Bucuresti"
MzI1LTI0MjU4NTkzNDAtMzE0NDU2Mjk4NQ,finished,in_app,20.5,7.1,18.3,23.3,1.3,1.6,16-03-26,19:14:36,"Strada Veteranilor 27, Bucuresti 060921","KFC Romana, Bulevardul General Gheorghe Magheru 28-30, Sector 1, Bucuresti"
MzI1LTI0MjU4MzEzNDgtMzE0NDUxNjk4Nw,finished,in_app,22.5,6.3,17.2,22,0.7,2.8,16-03-26,18:49:45,"Strada General Constantin Budisteanu 28bis, Bucuresti 010775","Strada Dealul Tugulea 54, Militari, Bucuresti"
MzI1LTI0MjU4MTI3MzctMzE0NDQ4NjM1OA,finished,in_app,16.5,4,11.9,20.1,1.1,1.1,16-03-26,18:33:11,"Strada Progresului 25, Bucuresti","Bar Ton, Strada Ion Campineanu 24, Sector 1, Bucuresti"
MzI1LTI0MjU3ODI2MDQtMzE0NDQzODM4OQ,finished,in_app,23.2,6.5,19.4,19.9,0.1,0.6,16-03-26,18:06:51,"Bulevardul Ion Mihalache 339, Bucuresti","Zeedo, Strada Capitan Ion Garbea 26, 13 Septembrie, Bucuresti"
MzI1LTI0MjU3NzMxMTgtMzE0NDQyMzc2MQ,finished,in_app,19.2,4.2,9.8,25.8,0.8,3.1,16-03-26,17:58:58,"Bulevardul Constructorilor 20, Bucuresti 060512","Bulevardul Ion Mihalache 331, Bucuresti"
MzI1LTI0MjU3MzExMTYtMzE0NDM1OTE4NA,finished,in_app,26.6,7.8,29.9,15.6,0.5,1.9,16-03-26,17:21:50,"Strada Pecetei 9, Bucuresti","Str. Granitului 12, Bucuresti 060598"
MzI1LTI0MjU1OTg5MzMtMzE0NDE1ODQyNg,finished,in_app,24.1,7.3,26.4,16.7,1.1,3.7,16-03-26,15:34:39,"Eliade Tower, Bulevardul Mircea Eliade nr. 18, Bucuresti 012015","Strada Telega 6, Pajura, Bucuresti"
MzI1LTI0MjU1NzE5NTEtMzE0NDEyMDA5NA,finished,in_app,14.9,3.3,12.5,16,0.6,1.7,16-03-26,15:12:46,"Parcul Obor, Strada Chiristigiilor 2, Bucuresti","Lidl, Strada Barbu Vacarescu, Bucharest, Romania"
MzI1LTI0MjQ4NDEzNjEtMzE0Mjk5NTAyNg,finished,in_app,28.9,10,16.6,36,0.8,1.7,15-03-26,23:25:48,"Intrare Principala, Mega Mall","Strada Amurgului 8, Popesti-Leordeni, Romania"
MzI1LTI0MjQ4MjYwMjctMzE0Mjk2Njc1Mg,finished,business,16.7,4.4,7.8,33.8,1.6,5.5,15-03-26,23:04:00,Soseaua Pantelimon 244-246,Strada Drumul Garii 9B
MzI1LTI0MjQ4MTcyOTEtMzE0Mjk1MTM4Mw,finished,in_app,17,4.9,10.7,27.7,0.7,1.2,15-03-26,22:52:37,"Bulevardul Decebal 9, Bucuresti 030963","Strada Delfinului 15, Pantelimon, Bucuresti"
MzI1LTI0MjQ3OTI1NTAtMzE0MjkwODkyNw,finished,in_app,28.3,8,15.6,30.8,0.6,3.9,15-03-26,22:21:08,"Strada Maior Ion Coravu 57, Bucuresti","Strada Radului 22, Bucharest 041396"
MzI1LTI0MjQ3NjEzNTQtMzE0Mjg1NzAwMg,finished,in_app,12.8,4.2,7.6,33,1.6,3.6,15-03-26,21:45:16,"Drumul Fermei 18, Popesti Leordeni","Profi, Drumul Jilavei, Bucuresti, Romania"
MzI1LTI0MjQ3MjUxMDEtMzE0MjgwMDE3MA,finished,in_app,18.8,7.4,15.8,28.3,0.7,1.8,15-03-26,21:04:54,"Strada Jean Alexandru Steriadi 46, Bucuresti 032504","Strada Orgu Tanase 15, Aparatorii Patriei, Bucuresti"
MzI1LTI0MjQ2OTE0ODMtMzE0Mjc0NTk4MA,finished,in_app,43.5,8.8,24.4,21.6,1.7,5,15-03-26,20:30:22,"Strada Dionisie Lupu 88, Bucuresti 010459","Aleea Ciucea 2, Bucharest"
MzI1LTI0MjQ2NzkwMzctMzE0MjcyNTEyMA,finished,in_app,12.9,4.4,11.1,23.6,0.5,2.3,15-03-26,20:18:05,"Strada Constantin Radulescu Motru 4, Bucuresti 040361","Lente Arcului, Strada Arcului 8, Sectorul 2, Bucuresti"
MzI1LTI0MjQ2NjcwMTQtMzE0MjcwNTQxMg,finished,in_app,12.8,2.2,6.8,19.4,1,3.2,15-03-26,20:06:50,"Calea Vitan Entrance, Bucharest Mall","Strada Constantin Radulescu Motru 10, Bucuresti"
MzI1LTI0MjQ2MzYyMDgtMzE0MjY1NjI5Mw,finished,in_app,16.1,2.9,11.7,15.1,1.4,3.4,15-03-26,19:39:56,"Strada Satelitului 14, Bucuresti","Puerto Cafe, Bulevardul Burebista, Bucuresti, Romania"
MzI1LTI0MjQ2MTczNTYtMzE0MjYyNDgxOQ,finished,in_app,14.3,3.4,11.4,17.8,1.8,5.2,15-03-26,19:24:01,"Calea Vacaresti 184, Bucuresti 040056","Strada Lugojana 12, Bucuresti"
MzI1LTI0MjQ1ODg4NjQtMzE0MjU3OTQxOA,finished,in_app,28.5,9.2,22.5,24.5,1,1.9,15-03-26,19:01:23,"Calea Giulesti 111, Bucuresti 060258","Strada Foisorului 13, Vitan, Bucuresti"
MzI1LTI0MjM0NzY0MjItMzE0MDY4MDQ5Mw,finished,in_app,37.2,6.5,15.6,24.9,0.7,0.2,14-03-26,23:06:53,"Calea Giulesti 37, Bucuresti 012244","Strada Panait Cerna 10, Bucuresti 041455"
MzI1LTI0MjM0MjA4ODYtMzE0MDU5MzExNA,finished,in_app,30,11.3,21.3,31.9,1.5,2.9,14-03-26,22:28:52,"Bulevardul Metalurgiei 61C, Bucuresti 042162","Strada Brasov 25L, Bucharest"
MzI1LTI0MjMzODIzNjctMzE0MDUzNjkxNw,finished,in_app,30.5,10,19.4,30.9,0.9,2.7,14-03-26,22:03:38,"Strada Biserica Amzei 27, Piata Amzei, Piaaa Amzei","Drumul Binelui 35-39, Bucuresti"
MzI1LTI0MjMzNDIyNDEtMzE0MDQ3MzIzMQ,finished,in_app,38.7,12.2,27.7,26.5,1.4,2.5,14-03-26,21:34:52,Strada Mugurelui 42,"Piata Amzei, Piaaa Amzei"
MzI1LTI0MjMyNjY4NjctMzE0MDM1NjcxNg,finished,business,73,31.5,37.9,49.9,1.5,6.1,14-03-26,20:44:48,"Arrivals, Bucharest Henri Coanda Airport (OTP)","Strada Safirului 73j, Bragadiru 077025"
MzI1LTI0MjMxNDI4MjYtMzE0MDE1MzM5Nw,finished,in_app,46.3,19.1,30.2,38,0.2,0.4,14-03-26,19:29:32,"Strada Sfinaii Apostoli 56, Bucuresti","Departures, Bucharest Henri Coanda Airport (OTP)"
MzI1LTI0MjMxMTgwMzMtMzE0MDExMTg5Nw,finished,in_app,12.8,2.8,7.7,21.6,0.9,0.7,14-03-26,19:14:40,"Strada Sirenelor 41, Bucuresti 050855","Izvor, Splaiul Independenaei, Bucuresti"
MzI1LTI0MjMwNDI0NzAtMzEzOTk4ODcwOA,finished,in_app,33.2,10.7,30.4,21.1,0.7,2.3,14-03-26,18:29:59,"Strada Neajlovului 2, Sectorul 1, Bucuresti","Palatul Bragadiru, Calea Rahovei 147-153, Centrul Civic, Bucuresti"
MzI1LTI0MjMwMTM2NjItMzEzOTk0NDgzNw,finished,in_app,20.5,7.8,18.4,25.5,1.8,4.2,14-03-26,18:11:01,"Strada Volumului 3, Giulesti, Bucuresti","Intrarea Neatarnarii 2, Bucuresti"
MzI1LTI0MjE5MjIxNDItMzEzODIwNjkxOA,finished,in_app,15.2,6.5,14.4,26.8,0.8,2,13-03-26,23:44:33,"Exit Bridge, Park Carol I","Soseaua Iancului 21, Bucharest 021715"
MzI1LTI0MjE4NjU5OTMtMzEzODExODc2Mg,finished,in_app,27.2,10.3,24.4,25.4,1.2,3.2,13-03-26,23:03:31,"Strada Maica Domnului 54, Bucuresti 023725","Str. Pasarea 10, Bucuresti 052407"
MzI1LTI0MjE4NDkwNDktMzEzODA5MzA0Nw,finished,in_app,19,2.7,6.4,25.1,0.9,3.7,13-03-26,22:51:12,"Bulevardul Dacia 139, Bucuresti 020056",Str. Arh. Petre Antonescu 22
MzI1LTI0MjE4Mzg2MTQtMzEzODA3NzE5Ng,finished,in_app,14,1.3,5.4,13.8,1.5,3,13-03-26,22:43:26,"Strada Tunari 83, Bucuresti 020526","Garlic Pub, Strada Mihai Eminescu, Bucuresti, Romania"
MzI1LTI0MjE4Mjg4NjEtMzEzODA2MTg1Mw,finished,in_app,21.7,3,6.9,25.8,0.6,1.8,13-03-26,22:35:57,"Calea Griviaei 54, Bucuresti","Str. Vasile Lascar 204, Bucuresti 020513"
MzI1LTI0MjE4MDYyMjMtMzEzODAyNzY0NA,finished,business,14.6,6.4,15.6,24.7,0.5,1.9,13-03-26,22:19:05,Strada Brasov 25,Strada Mircea Vulcanescu 12
MzI1LTI0MjE3NjEwNzMtMzEzNzk1OTM3OA,finished,in_app,36.5,11.7,29.7,23.7,0.6,1.8,13-03-26,21:46:18,"Intrare Principala, Mega Mall","Moghioros Park Residence, Strada Brasov 25L, Bucuresti, Romania"
MzI1LTI0MjE3Mzk3MjEtMzEzNzkyNjk1OQ,finished,in_app,12.8,1.7,5.5,18.7,0.2,1.1,13-03-26,21:30:15,"Strada Lucreaiu Patrascanu 13, Bucuresti 030505","Soseaua Dobroesti 28, Pantelimon, Bucuresti"
MzI1LTI0MjE3MDAzNDAtMzEzNzg2NjEzMw,finished,in_app,22.6,8.9,16.8,31.8,1.6,3.5,13-03-26,21:02:40,"Strada Releului 11-13, Bucuresti 032091","Str. Gologanului 35, Bucuresti 033031"
MzI1LTI0MjE2MjE0NTEtMzEzNzczOTAwNQ,finished,in_app,14.1,4,9.9,24.2,0.5,2.6,13-03-26,20:10:24,"Strada Armasul Marcu 9, Bucuresti","Strada Colonel Iosif Albu 88, Titan - Balta Alba, Bucuresti"
MzI1LTI0MjE1NzUwOTQtMzEzNzY2MjI3NA,finished,in_app,18.7,5.1,11.4,26.9,1.1,5.7,13-03-26,19:42:06,"Soseaua Pantelimon 256, Bucuresti 021648","Strada Livezilor 54, Pantelimon 077145"
MzI1LTI0MjE1NDA2NjgtMzEzNzYwNjY1OA,finished,in_app,12.8,2.1,9,13.9,1.3,3.7,13-03-26,19:21:16,"Bulevardul Basarabia 250, Bucuresti 030352","B-dul. Basarabia 55, Pantelimon, Bucuresti"
MzI1LTI0MjE0NjkyNzQtMzEzNzQ5NzU1Mw,finished,in_app,55.9,11.9,39.5,18.1,1.1,2.6,13-03-26,18:37:26,"Calea Giulesti 43, Bucuresti","Aleea Barajul Uzului 9, Titan - Balta Alba, Bucuresti"
MzI1LTI0MjExNTY1NzEtMzEzNzAxNzY5OA,finished,in_app,31.1,8.8,32.8,16.1,1.4,4.2,13-03-26,15:00:01,"Main Entrance, Veranda Mall","Intrarea Godeni 15, Bucarest, Rumana"
MzI1LTI0MjExMjAyMDUtMzEzNjk2MzMxMQ,finished,in_app,22.2,5.6,18.1,18.6,1.5,4,13-03-26,14:33:40,"Strada Postavarul 7, Bucuresti","Autogara Obor, Bulevardul Garii Obor 9, Bucuresti"
MzI1LTI0MjExMDMzOTktMzEzNjk0MDY4Nw,finished,in_app,14,1.7,6.7,15.3,2,7.7,13-03-26,14:22:19,"Strada Fizicienilor 23, Bucuresti 077160","Strada Lotrioara 20, Bucuresti 032172"
MzI1LTI0MjEwODE4OTUtMzEzNjkwODI2MQ,finished,in_app,15.3,3.8,13.5,17,0.9,2.8,13-03-26,14:05:32,"Strada Lotrioara 20, Bucuresti","La Cocos, Brico Depot, Soseaua Vitan-Barzesti"
MzI1LTI0MjEwMjA5MzgtMzEzNjgyMzUzOQ,finished,in_app,34.5,10.1,41,14.8,0.2,0.2,13-03-26,13:20:06,"Secondary entrance, Northern Railway Station","Aleea Rotunda 4, Bucharest 032705"
MzI1LTI0MjA5OTA1MTMtMzEzNjc4MjExNQ,finished,in_app,23.7,4.8,25.1,11.6,0.9,3.7,13-03-26,12:56:16,"Strada Inginerilor Tei 11, Bucuresti","Piaaa Garii de Nord 3, Bucuresti"
MzI1LTI0MjA5NDU2OTktMzEzNjcxOTk2OQ,finished,in_app,21.8,4.5,17.3,15.7,1.4,3.8,13-03-26,12:21:08,"Strada Dristorului 3, Bucuresti 031531","Intrarea Pargarilor 6, Bucuresti 021109"
MzI1LTI0MjA5MjU4MDItMzEzNjY5NzI0NQ,finished,in_app,12.8,1.4,5.2,15.6,0.6,4.1,13-03-26,12:06:54,"Soseaua Mihai Bravu 305, Bucuresti 030307","Strada Baba Novac 13, Sector 3, Bucuresti"
MzI1LTI0MTk4NTk5MTQtMzEzNTAzMDQyNw,finished,in_app,24.3,4.4,12,21.9,1.1,2.9,12-03-26,15:45:01,"Calea Plevnei 24, Bucuresti 010232","Bulevardul Constructorilor 24, Bucuresti 060513"
MzI1LTI0MTk4MzM4MzEtMzEzNDk5MDg4OQ,finished,in_app,20.9,1.8,12.8,8.4,1,2.2,12-03-26,15:25:31,"Strada Ion Luca Caragiale 3, Bucuresti 020041","Scoala Gimnaziala de Arte nr. 3, Strada Stirbei Voda 101, Bucharest"
MzI1LTI0MTk3OTYxODEtMzEzNDkzNjI3NA,finished,in_app,19.2,6,22.9,15.7,1.1,4.5,12-03-26,14:56:32,"Strada Pescarilor 9, Bucuresti 022891","Strada Caimatei 18, Sectorul 2, Bucuresti"
MzI1LTI0MTk3NDk4MzctMzEzNDg3MzE5MA,finished,in_app,17.7,5,22.8,13.3,1.5,7.4,12-03-26,14:22:39,"Strada Olteaului 30, Bucuresti 014192","Strada Smeurei 8, Bucuresti"
MzI1LTI0MTk3MTY0ODgtMzEzNDgyMjg4OQ,finished,in_app,22.8,6.1,23.4,15.6,0.5,2.1,12-03-26,13:54:22,"Strada Turda 129, Bucuresti 011326","Strada Inginerilor Tei 6, Bucuresti 023717"
MzI1LTI0MTk2ODAxNTEtMzEzNDc3MTg4Mg,finished,in_app,24,8.3,22.2,22.5,1.5,7.4,12-03-26,13:25:54,"Statie autobuz, RO: Stadionul Steaua Bulevardul Ghencea","Bulevardul Maresal Alexandru Averescu, Bucuresti, Romania"
MzI1LTI0MTk2NjQyNzgtMzEzNDc0OTY2MA,finished,in_app,13.1,4.8,10.4,27.7,1,4.1,12-03-26,13:12:37,"Strada Doctor Alexandru Boicescu 13, Cotroceni, Bucuresti","Drumul Taberei 134A, Bucuresti 061415"
MzI1LTI0MTk2MzE0MjItMzEzNDcwNDIwMw,finished,in_app,15.8,5.7,18.8,18.1,0.3,2,12-03-26,12:45:19,"Soseaua Stefan cel Mare 228, Bucuresti, Romania","Strada Doctor Jean Clunet 2, Cotroceni, Bucuresti"
MzI1LTI0MTk2MDk5NTktMzEzNDY3MzE4OQ,finished,in_app,12.8,3.8,14.9,15.4,0.2,2.8,12-03-26,12:27:34,"Strada George Vraca 6, Bucuresti 010146","Aleea Luncsoara 4-6, Bucuresti 021234"
MzI1LTI0MTk1NjM5MzMtMzEzNDYwODI4OQ,finished,in_app,28.9,9.5,29.7,19.2,2,7.3,12-03-26,11:47:25,"Bulevardul Basarabia 256, Bucuresti","Entrance Store, Strada Ion Brezoianu, Bucharest, Romania"
MzI1LTI0MTk1MzQxNjktMzEzNDU2NDA1OA,finished,in_app,20.9,9.2,26.7,20.6,0,0.1,12-03-26,11:23:05,"Calea Floreasca 140-142, Bucuresti 014467","Soseaua Garii Caaelu, Pantelimon, Bucuresti"
MzI1LTI0MTk0ODg3MDctMzEzNDUwMDY1MQ,finished,in_app,18.7,7.8,26.5,17.7,1.6,4.2,12-03-26,10:42:09,"Aleea Lacul Morii 1, Bucuresti","Scenario, Floreasca One Tower"
MzI1LTI0MTkwMjgwODQtMzEzMzc2NDY2Mw,finished,business,19.1,5.4,12.5,26.1,0.2,0.2,11-03-26,22:21:17,"Floreasca One Tower, Scenario",Calea Griviaei 238
MzI1LTI0MTkwMDY4NzQtMzEzMzcyOTc1MA,finished,in_app,23.6,6.5,21,18.5,2.1,5.7,11-03-26,21:58:50,"Strada Doamnei 3, Bucuresti 030051","lephante, Calea Floreasca 159-162, Floreasca, Bucuresti"
MzI1LTI0MTg5NzgzMjMtMzEzMzY4NTc3MQ,finished,in_app,18.8,7.4,18.4,24,0.7,3.8,11-03-26,21:27:25,Strada Opalului 16-18,"Strada Teliaa 15, Bucuresti"
MzI1LTI0MTg5NjI2NDktMzEzMzY2MDgxNg,finished,in_app,13.4,5.1,13.6,22.4,1.4,4.3,11-03-26,21:10:35,"Strada Garleni 11, Bucuresti 061652","Strada Margelelor 28E, Bragadiru 077025"
MzI1LTI0MTg5NTAyNjctMzEzMzY0MTQ5OA,finished,business,12.8,3,6.7,27,0.4,0.4,11-03-26,20:58:25,"Strada Brasov 12, Bucuresti","Drumul Valea Cricovului 13-19, Bucuresti 061983"
MzI1LTI0MTg4OTYzMTAtMzEzMzU1NDU4MA,finished,business,26.4,10.9,22.4,29.3,0.6,2.6,11-03-26,20:05:58,"Strada Aurel Vlaicu 36, Bucuresti 020097","Bulevardul Timisoara 56, Militari, Bucuresti"
MzI1LTI0MTg4Nzc1OTYtMzEzMzUyNzE2Ng,finished,in_app,14,3.5,12,17.2,1.7,4.6,11-03-26,19:49:44,"Strada Petru Rares 5, Bucuresti","Gargantua Parc, Strada Jean Louis Calderon, Sectorul 2, Bucuresti"
MzI1LTI0MTg4NjAxMTgtMzEzMzUwMDYyNw,finished,in_app,12.8,3.3,9.5,20.8,1.3,5.4,11-03-26,19:34:45,"Strada Progresului 25, Bucuresti 050692","Strada Popa Tatu 27, Bucuresti"
MzI1LTI0MTg4Mzg4MjUtMzEzMzQ3MTU4OA,finished,in_app,22,4.7,12.8,22.2,2.2,4.5,11-03-26,19:18:58,"Strada Turda 112, Bucuresti 011334","Bulevardul General Paul Teodorescu 7B, Bucuresti 061344"
MzI1LTI0MTg0NzY0MjUtMzEzMjkzOTcwOQ,finished,in_app,32.9,13.1,43.5,18.1,0.9,3.1,11-03-26,14:24:02,"Strada Amurgului 46, Popesti-Leordeni","Bulevardul Dinicu Golescu 23-25, Gara de Nord, Bucuresti"
MzI1LTI0MTg0NDQ2ODUtMzEzMjg5NjQ0Ng,finished,in_app,23,8.5,20.4,25.1,1.7,5,11-03-26,13:57:33,"Strada Bucur 21, Bucuresti","Drumul Fermei 34, Popesti-Leordeni 077160"
MzI1LTI0MTg0MjA4NTEtMzEzMjg2ODE4Ng,finished,in_app,12.8,0.8,7.8,5.8,0.8,5.6,11-03-26,13:40:55,"Strada Dumitru Papazoglu 79, Bucuresti","Clinica Maternella Obstetrica Ginecologie, Papazoglu Residente, Strada Locotenent-colonel Dumitru Papazoglu, Bucharest, Romania"
MzI1LTI0MTg0MDkyOTItMzEzMjg0NTkxOA,finished,in_app,12.8,3.4,15.6,13.2,0,0.2,11-03-26,13:28:03,"Bulevardul Unirii 8, Bucuresti 040105","Strada Lucian Blaga 2, Bucuresti"
MzI1LTI0MTgzODYzMjEtMzEzMjgxMzk3Nw,finished,in_app,12.8,3.7,11.3,19.8,1.7,3.4,11-03-26,13:07:43,"Bulevardul Tineretului 41A, Bucuresti","Strada George Georgescu 40, Bucuresti 040133"
MzI1LTI0MTgzODAwMDQtMzEzMjgwNTI1OA,finished,in_app,12.8,1.1,5.3,12,0.5,2.5,11-03-26,13:02:21,"Comics Club, Strada Nerva Traian 4, Centrul Civic, Bucuresti","MOL, Calea Vacaresti, Bucharest, Romania"
MzI1LTI0MTgzNDYxNjItMzEzMjc1NjE1MQ,finished,in_app,16.7,4.8,15.6,18.5,1.1,3.7,11-03-26,12:32:36,"Soseaua Alexandria 2, Bucuresti 051531","Tribunalul Bucuresti, Bulevardul Unirii 37, Bucuresti"
MzI1LTI0MTgzMTY1NDUtMzEzMjcxNDE5Mg,finished,in_app,23.9,8.8,24,22.1,0.4,0.4,11-03-26,12:05:23,"Strada Maior Stefan Sanatescu 64, Bucuresti","Strada Pecineaga 59, Bucuresti 051955"
MzI1LTI0MTgyNzg3MTQtMzEzMjY1ODcxNQ,finished,in_app,17.8,6.6,29.5,13.3,1.3,5.3,11-03-26,11:32:31,"Soseaua Pantelimon 91, Bucuresti","Intrare Bulevardul Marasti, Spitalul Universitar de Urgenaa Elias"
MzI1LTI0MTc4NTg3ODEtMzEzMjAxNTE0MQ,finished,in_app,14.5,3.3,9,22.2,1.7,4.2,11-03-26,0:00:52,"Strada Vidin 11, Bucuresti 023788","Strada Avrig 54, Bucuresti"
MzI1LTI0MTc4NDkwNDktMzEzMTk5NzUwMw,finished,in_app,15.1,7.4,13.3,33.2,3.5,4.9,10-03-26,23:46:41,"Aleea Baiculesti 15, Bucuresti","AFI Lakeview, Strada Barbu Vacarescu, Bucharest, Romania"
MzI1LTI0MTc4Mjk4MDItMzEzMTk2Mjk2Ng,finished,in_app,21.2,12.2,23.7,30.9,1.6,3.2,10-03-26,23:17:51,"Strada Mihail Sebastian 27, Bucuresti","Strada Jimbolia 24, Bucurestii Noi, Bucuresti"
MzI1LTI0MTc4MTgyNjAtMzEzMTk0MjM2Ng,finished,in_app,21.2,6.6,12.7,31.1,1.7,2.6,10-03-26,23:03:39,"Strada Stirbei Voda 4, Bucuresti","Strada Margeanului 12, Bucharest"
MzI1LTI0MTc4MDU2NTUtMzEzMTkxNjI4NA,finished,in_app,14,4.3,13.7,19,1.1,2,10-03-26,22:47:10,"Strada Vatra Luminoasa 43, Bucuresti 021912","Str. Ion Z. Zalomit 5, Bucuresti 010151"
MzI1LTI0MTc3ODYzMDAtMzEzMTg4MzU1NA,finished,in_app,18.2,8.7,16.1,32.2,0.8,4.6,10-03-26,22:24:32,"Bulevardul Poligrafiei 1A, Bucuresti 013704","Sos. Iancului 94, Bucuresti"
MzI1LTI0MTc3NDMyMDAtMzEzMTgwNDMwOA,finished,in_app,21.7,12.3,25.8,28.7,1,1.3,10-03-26,21:34:59,"Strada Raul Doamnei 8A, Bucuresti 061765","Strada Pajurei 20, Bucuresti"
MzI1LTI0MTc3MTg1MDgtMzEzMTc2MjM0NQ,finished,in_app,16.8,7.5,16.6,27.2,1,3.6,10-03-26,21:08:07,Strada Tineretului 37 Bloc C,"Aleea Valea lui Mihai 11, Bucuresti 061756"
MzI1LTI0MTc2OTk0NDYtMzEzMTczMTg3OA,finished,in_app,22.4,8,15.1,31.6,1.3,2.6,10-03-26,20:49:34,"Calea Giulesti 43, Bucuresti","Strada Orhideelor 28A, Dudu 077041"
MzI1LTI0MTc2NDcwNzMtMzEzMTY0NjMxOQ,finished,in_app,26.1,5,10.6,28.2,1.5,5.3,10-03-26,19:59:48,"Strada Caderea Bastiliei 14-16, Bucuresti 010615","Strada Copilului 6-12, Bucuresti"
MzI1LTI0MTc2MzE4MTQtMzEzMTYyMjUxOQ,finished,in_app,14,3.5,7.2,28.8,1.7,6,10-03-26,19:45:38,"Bulevardul Ion Mihalache 54, Bucuresti 011194","Lokal, Sector 2, Bucuresti"
MzI1LTI0MTc2MDQ4MTMtMzEzMTU3OTYwNw,finished,in_app,20.4,6,15.3,23.5,1.3,4.4,10-03-26,19:22:40,"Strada Ion Otetelesanu 5, Bucuresti 010143","Str. Turda 127, Bucuresti"
MzI1LTI0MTc1NzU0MzgtMzEzMTUzMzEyNw,finished,in_app,22.1,5.5,20.2,16.4,0.2,0.3,10-03-26,18:59:27,"Soseaua Colentina 79A, Bucuresti","Linea Closer to the moon, Strada Lipscani 17, Sectorul 5, Bucuresti"
MzI1LTI0MTc1MDYwNjctMzEzMTQyNzY3Ng,finished,in_app,59,11,37.6,17.5,1.9,6.1,10-03-26,18:03:52,"Calea Serban Voda 206-21, Bucuresti","Str. Joagarului 23, Bucuresti 022643"
MzI1LTI0MTc0Nzg3MzQtMzEzMTM4NTE4Mg,finished,in_app,18.9,4.5,18.2,14.9,0.6,2.1,10-03-26,17:41:15,"Strada Boian 61A, Bucuresti","Sos. Oltenitei 32, Bucuresti 041315"
MzI1LTI0MTc0MTY5NzYtMzEzMTI5MDI3Ng,finished,in_app,48.8,13.2,46.6,17,1.2,5.8,10-03-26,16:50:42,"Strada Viitorului 197, Bucuresti 020611","Strada Arcadiei 12A, Bucharest"
MzI1LTI0MTY2MjY1MjYtMzEzMDEyNzUyOQ,finished,in_app,14.9,6.5,14.5,27,3.4,6.5,09-03-26,23:45:49,"Bulevardul Mihail Kogalniceanu 3, Bucuresti 050101","Bulevardul Ferdinand I 123, Obor, Bucuresti"
MzI1LTI0MTY2MTE3MDAtMzEzMDEwMDc0Mg,finished,business,22.4,7.7,13.9,33.1,4.4,8.6,09-03-26,23:18:28,"Strada General Christian Tell 8, Bucuresti","Str. Slt. Popa 8, Bucuresti 051963"
MzI1LTI0MTY2MDQ2MDMtMzEzMDA4NzUxOQ,finished,in_app,14,3.8,6.9,33.2,1,3.5,09-03-26,23:07:16,"Splaiul Independenaei 202D, Bucuresti 060022","Exigent One, Splaiul Independenaei 313D, Militari, Bucuresti"
MzI1LTI0MTY1Nzk3NDEtMzEzMDAzOTUyOA,finished,in_app,12.8,4.5,11.9,22.8,0.4,1.1,09-03-26,22:30:42,"Drumul Taberei 63, Bucuresti 061364","Bulevardul Iuliu Maniu 244, Bucuresti 061095"
MzI1LTI0MTY1NTA2MTMtMzEyOTk4NzQ5NQ,finished,in_app,28.4,14.1,30.6,27.6,1.3,3.1,09-03-26,21:53:22,"Strada Avionului 29, Bucuresti","Bl. TS41, Drumul Taberei, Bucharest"
MzI1LTI0MTY1NDM5NDAtMzEyOTk3NTgwNQ,finished,in_app,14,2.4,7.2,20.2,0.9,1.9,09-03-26,21:44:11,"Strada Alexandr Sergheevici Puskin 2, Bucuresti 011996","Str. Elena Caragiani 46, Bucuresti 014214"
MzI1LTI0MTY1MzU5MjEtMzEyOTk2Mjc3Mg,finished,in_app,16.5,6.4,12,31.8,0.9,1.9,09-03-26,21:33:43,"Strada Capitan Gheorghe Preoaescu 33, Bucuresti","Strada Pictor Daniel Rosenthal 28, Bucuresti"
MzI1LTI0MTY1Mjk5MTgtMzEyOTk1MzAxOA,finished,in_app,12.8,1.6,4.8,19.8,0.5,2.2,09-03-26,21:25:50,"Calea Rahovei 241, Bucuresti 050697","Autogara Filaret, Piaaa Gara Filaret 1, Sector 4, Bucuresti"
MzI1LTI0MTY1MTg2MTQtMzEyOTkzNDU0Ng,finished,in_app,12.8,3.9,9.6,24.5,0.7,2.2,09-03-26,21:12:03,"Strada Sergent Gheorghe Laaea 10, Bucuresti","Pragmatic Play, Calea Rahovei 240, Rahova, Bucuresti"
MzI1LTI0MTY1MDU0ODEtMzEyOTkxMjg1Mw,finished,in_app,17.7,7.8,14.7,31.8,0.8,0.8,09-03-26,20:57:43,"Soseaua Virtuaii 148, Bucuresti 060787","Strada Sergent Major Cara Anghel 7, Bucuresti"
MzI1LTI0MTY0ODQwNzctMzEyOTg3ODcwNw,finished,in_app,21.4,6.7,12.8,31.3,0.7,1.9,09-03-26,20:33:16,"Strada Academiei 10, Bucuresti 030013","Str. Veteranilor 19, Bucuresti"
MzI1LTI0MTY0NzM3MjYtMzEyOTg2MTg0Mw,finished,in_app,15.6,5,11.8,25.6,2.6,3.8,09-03-26,20:21:34,"Bulevardul Pieptanari 35, Bucuresti 050251","Bulevardul Nicolae Balcescu 5, Sectorul 1, Bucuresti"
MzI1LTI0MTY0NTA0OTUtMzEyOTgyNDA0MA,finished,in_app,14.2,4.5,14.5,18.6,1.4,4.6,09-03-26,19:58:22,"Strada Emil Racoviaa 7, Bucuresti","Aleea Livezilor 24, Bucuresti, Romania"
MzI1LTI0MTY0MzYxMzktMzEyOTgwMjgzNw,finished,in_app,16,1.5,8,11.2,1.4,4.2,09-03-26,19:44:22,"Strada Maraisor 21, Bucuresti 041241","Strada Podarului 31, Berceni, Bucuresti"
MzI1LTI0MTYzOTA5ODQtMzEyOTczMjI2OQ,finished,in_app,33,11.8,35.9,19.7,1.4,3.2,09-03-26,19:02:54,"Strada Nicolae G. Caramfil 10, Bucuresti","Strada Husi 3, Bucuresti"
MzI1LTI0MTYzNjcyNjItMzEyOTY5MDU0Nw,finished,in_app,20.9,6.2,16.6,22.3,0.5,2.2,09-03-26,18:42:33,"Strada Tintasului 23, Bucuresti","Restaurant Il Capo, Strada Virgil Madgearu 11, Sectorul 1, Bucuresti"
MzI1LTI0MTYzNDk3NjEtMzEyOTY2NDE5NQ,finished,in_app,17.2,2.8,8,21,0.8,2.5,09-03-26,18:27:06,"Strada Inginer Zablovschi 24, Bucuresti","Calea Griviaei 212, Griviaa, Bucuresti"
MzI1LTI0MTM3MTM3MjUtMzEyNTE3MTI5Nw,finished,in_app,12.8,3.6,9.9,22,0.1,0.9,07-03-26,20:46:09,"Bulevardul Aviatorilor 19, Bucuresti 011853","Iesire Bd. Barbu Vacarescu, Mall Promenada"
MzI1LTI0MTM2Mzk1MDgtMzEyNTA0NTc0Mg,finished,in_app,46.9,19.1,46.3,24.8,0.7,1.3,07-03-26,20:00:42,"Bulevardul Pipera 1L2, 077190","Soi Thai 31, Bulevardul Aviatorilor, Bucharest, Romania"
MzI1LTI0MTM1NzI1MTAtMzEyNDkzMzA3Ng,finished,in_app,39.7,12.9,31.3,24.7,0.4,1.2,07-03-26,19:22:32,"Far Entrance, Afi Palace Cotroceni Mall","Strada Drumul Bisericii 48, Voluntari 077190"
MzI1LTI0MTM1NTc1MTUtMzEyNDkwODA0OQ,finished,in_app,20.3,4.1,7.2,34.1,0.7,2.9,07-03-26,19:13:49,"Calea Crangasi 21, Bucuresti 060377","Galaxy Entrance, Afi Palace Cotroceni Mall"
MzI1LTI0MTM1MzAzMzAtMzEyNDg2MjE1MA,finished,in_app,16.8,3.5,9,23.6,1.5,3.4,07-03-26,18:58:08,"Strada Economu Cezarescu 50, Bucuresti 060754","Strada Porumbacu 15, Crangasi, Bucuresti"
MzI1LTI0MTM1MDY0OTEtMzEyNDgyMjQ5Nw,finished,in_app,33.9,3.9,12.2,19.2,0.9,3.7,07-03-26,18:44:45,"Parking Entrance, Plaza Mall Romania","U5, Regie, Bucuresti"
MzI1LTI0MTM0NzIxNTAtMzEyNDc2NTI2OQ,finished,in_app,18.7,5.3,12.8,24.7,1.4,4.8,07-03-26,18:24:58,"Strada Stirbei Voda 106, Bucuresti","Bulevardul Timisoara 14A, Bucuresti 061329"
MzI1LTI0MTM0MzQ2NTQtMzEyNDcwNjExNQ,finished,in_app,15.8,3.5,16.8,12.4,0.5,2,07-03-26,18:00:53,"Bulevardul Ferdinand I 24, Bucuresti 021391","Intrarea Principala, Opera Nationala Bucuresti"
MzI1LTI0MTMzODQxNDUtMzEyNDYyNjU1Nw,finished,in_app,30.8,12.6,32.2,23.4,2,4.8,07-03-26,17:27:14,Strada Margelelor 12A-12H,"Conacul Zeneea, Bulevardul Pache Protopopescu, Sector 2, Bucuresti"
MzI1LTI0MTMzNjM0NTktMzEyNDU5NTIxMw,finished,in_app,12.8,3.5,8.8,23.7,0.7,3,07-03-26,17:11:04,"Drumul Taberei 98, Bucuresti 061409","Strada Maracineni 53, Bucharest, Romania"
MzI1LTI0MTMzMTQ5NDctMzEyNDUyMjg4OA,finished,in_app,39.4,12.6,30.3,25,1.9,6.2,07-03-26,16:33:04,"Soseaua Colentina 2, Bucuresti 021172","Drumul Taberei 122, Bucuresti 061414"
MzI1LTI0MTMyOTEwMjItMzEyNDQ4NzY0NA,finished,in_app,13.2,4.5,15.3,17.5,0.8,3.2,07-03-26,16:13:51,"Strada Bordea Poenaru 4, Bucuresti","Club 99, Bulevardul Dacia 99, Sector 2, Bucuresti"
MzI1LTI0MTE4NTkzNzgtMzEyMjIxNjc5NA,finished,in_app,17.9,2.7,12.1,13.5,1.2,2.2,06-03-26,17:46:52,"Strada Mihail Sebastian 19, Bucuresti 050773","Galaxy Entrance, Afi Palace Cotroceni Mall"
MzI1LTI0MTE4MjM4MDgtMzEyMjE2MzE3Nw,finished,in_app,44.4,7.7,19.9,23.1,0.9,2.4,06-03-26,17:21:57,"Aleea Aliorului 2, Bucuresti","Bloc 49, Strada Petre Ispirescu, Bucuresti, Romania"
MzI1LTI0MTE3NDM2MDktMzEyMjA0MDIwMg,finished,in_app,68,16.6,43.3,23,0.6,4.2,06-03-26,16:23:07,"Aleea Lamotesti 3, Bucuresti 041028","Drumul Dealul Cucului 52, Bucuresti 041126"
MzI1LTI0MTE3MDc2NjAtMzEyMTk4NjE1Nw,finished,in_app,19.5,4.4,14.7,18.1,1.2,7.3,06-03-26,15:56:43,Soseaua Olteniaei 392,"Strada Huedin 1, Bucuresti 040911"
MzI1LTI0MTE2ODAxMjctMzEyMTk0NDMxMQ,finished,in_app,17.9,4.3,16.3,15.9,1,2.5,06-03-26,15:36:47,"Aleea Izvorul Oltului 1, Bucuresti","Strada Sfanta Agnes 16, Popesti Leordeni"
MzI1LTI0MTE2MzM5MDgtMzEyMTg3NTUxMw,finished,in_app,24.8,6.2,20.8,18,0.6,2.5,06-03-26,15:02:37,"Bulevardul Octavian Goga 14, Bucuresti","Strada Lamotesti 6, Bucuresti 041027"
MzI1LTI0MTE2MTY4NDEtMzEyMTg1MDkwOA,finished,in_app,17.9,2.1,8.6,14.3,1.2,5.8,06-03-26,14:49:51,"Piaaa Alba Iulia 8, Bucuresti 031105","Str. Poet Panait Cerna 14, Bucuresti 030995"
MzI1LTI0MTE1OTY3OTMtMzEyMTgyMTk0Ng,finished,in_app,15.3,2.4,9.2,15.4,0.8,3.3,06-03-26,14:35:19,"Strada Sfanta Vineri 23, Bucuresti 030203","Str. Arhiereul Calist 21, Bucuresti 021513"
MzI1LTI0MTE1NDYyOTItMzEyMTc0OTk1Mg,finished,in_app,34.3,6.9,32.8,12.6,1.6,4.8,06-03-26,13:57:14,"Strada Obcina Mare 7, Bucuresti 061592","Intrare Strada Coltei, Spitalul Colaea"
MzI1LTI0MTE1MjI1NjgtMzEyMTcxNzAyNA,finished,in_app,30.1,5.6,16.9,19.9,0.5,2.5,06-03-26,13:39:06,"Strada Coralului 6, Bragadiru 077025","Bulevardul Ghencea 26, Bucuresti"
MzI1LTI0MTE0MjkzMDYtMzEyMTU4OTg2Mw,finished,in_app,35.9,8.7,30.9,16.9,0.2,0.9,06-03-26,12:23:32,"Apulum '94 S.R.L., Strada Theodor D. Speranaia, Bucharest, Romania","Prelungirea Ghencea 19, Bucuresti 061701"
MzI1LTI0MTE0MDc4MTUtMzEyMTU2MDk1Mw,finished,in_app,23.4,6,15.1,23.8,1.1,4.3,06-03-26,12:04:56,"Strada Gheorghe Polizu 58-60, Bucuresti 011062","The Vibe, Calea Dudesti, Bucharest, Romania"
MzI1LTI0MTEzNTc4MTctMzEyMTQ4ODkwNQ,finished,in_app,16.7,6.9,27.7,14.9,1.8,5.6,06-03-26,11:24:13,"Strada Vatra Luminoasa 108, Bucuresti 021919","Intrarea Doctor Iacob Felix 24, Bucharest 011042"
MzI1LTI0MTEzMzAxODItMzEyMTQ1MDg3NA,finished,in_app,20.6,6.6,22.8,17.5,1.7,4.3,06-03-26,10:59:20,"Aleea Manastirea Agapia 32, Bucuresti","Autogara Obor, Bulevardul Garii Obor 9, Bucuresti"
MzI1LTI0MTEyODk2OTUtMzEyMTM5NTI4Ng,finished,in_app,30.8,10.5,27.5,22.8,2.1,7.9,06-03-26,10:24:43,"Strada Uioara 13, Bucuresti 041013","Strada Valea Buzaului 1, Bucuresti 032331"
MzI1LTI0MTEyNzU5MzgtMzEyMTM3NjcwMQ,finished,in_app,12.8,5.1,13,23.6,0.1,0.7,06-03-26,10:12:13,"Bulevardul Mircea Voda 37, Bucuresti 420081","Strada Musatinilor 8, Giurgiului, Bucuresti"
MzI1LTI0MTEyNTg5MDItMzEyMTM1NDMwMg,finished,in_app,14.9,4.4,9.8,26.8,1.4,4,06-03-26,9:56:22,"Strada Istriei 9, Bucuresti 031943","Splaiul Unirii 41, Bucuresti"
MzI1LTI0MTEyMjIwMzYtMzEyMTMwNTU0Ng,finished,in_app,23.9,8,20,24.1,1,5.2,06-03-26,9:27:33,"Sheraton Bucharest Hotel, Sheraton Bucharest Hotel","Starbucks Entrance, Park Lake Mall"
MzI1LTI0MTExOTk1MTEtMzEyMTI3NjIyNw,finished,in_app,12.8,3.1,10.8,17,0.8,2.3,06-03-26,9:08:38,"Strada Lev Nicolaevici Tolstoi 5, Bucuresti","Strada General Eremia Grigorescu 10, Bucharest"
MzI1LTI0MTExNjIyNDYtMzEyMTIyMzkyOQ,finished,in_app,12.8,2.1,6.2,20.7,1,12.9,06-03-26,8:37:37,"Soseaua Pipera 31-33, Bucuresti 014253","Strada Ocna Sibiului 46-48, Bucuresti 013937"
MzI1LTI0MTExMjMwOTItMzEyMTE2OTI2Mg,finished,in_app,25.4,6.5,28.4,13.7,1.4,5.8,06-03-26,8:02:14,"Aleea Deda 2, Bucuresti 021235","Soseaua Pipera 61, Bucuresti 020308"
MzI1LTI0MTA4MTc2NzQtMzEyMDY0NzE0NA,finished,in_app,12.8,3,7.8,23.1,0.6,1.1,05-03-26,22:00:23,"Strada Cuza Voda 56, Bucuresti 040285","Strada Ciresului 28, Bucuresti"
MzI1LTI0MTA3ODI1ODUtMzEyMDU5Mjk4NA,finished,in_app,24.1,8,19.8,24.2,1.3,6,05-03-26,21:22:08,Calea Griviaei 141,"Prelungirea Ferentari 121, Bucuresti"
MzI1LTI0MTA3NzQzODYtMzEyMDU3OTcwMQ,finished,business,15.3,1.6,5.9,16.5,0.3,0.9,05-03-26,21:13:15,"Main entrance, Northern Railway Station","Hotel Minerva, Strada General Gheorghe Manu 2-4, Sector 1, Bucuresti"
MzI1LTI0MTA3NTM1MzYtMzEyMDU0NzAyNQ,finished,in_app,22.3,7.3,18.2,24.1,1.5,6.1,05-03-26,20:53:20,"Strada Johann Strauss 2A, Bucuresti","Bulevardul Gheorghe Duca 1, Gara de Nord, Bucuresti"
MzI1LTI0MTA3NDEzNDQtMzEyMDUyODU2Mw,finished,in_app,12.8,2.7,10.2,15.8,1.2,1.1,05-03-26,20:41:21,"Strada Maior Campeanu Alexandru 1, Griviaa, Bucuresti","Str. Naum Romniceanu 31, Bucuresti 011616"
MzI1LTI0MTAxODgxMTQtMzExOTc0NzM5MA,finished,in_app,23.9,8.2,26.4,18.7,0.8,2.7,05-03-26,13:12:21,"Bulevardul Dimitrie Pompeiu 10, Bucuresti 077190","Strada Aurel Baesu 23, Bucharest"
MzI1LTI0MTAxNDY0NTItMzExOTY5MDkxOA,finished,in_app,26.9,11.1,31.7,21,0.5,1.3,05-03-26,12:35:09,"Strada Linistei 59, Bucuresti","Iride Business Park, Bulevardul Dimitrie Pompeiu"
MzI1LTI0MTAxMzMwMjgtMzExOTY3MjA1MQ,finished,in_app,14.5,4.4,15.7,16.7,1,1.6,05-03-26,12:22:46,"Bulevardul Ion Mihalache 102, Bucuresti 011201","Strada Amintirii 63, Bucuresti"
MzI1LTI0MTAwOTY1NjUtMzExOTYyMjI2MQ,finished,in_app,15.5,6.3,24.8,15.2,1.7,7.2,05-03-26,11:48:56,"Look4Parts, Bulevardul Corneliu Coposu, Bucharest, Romania","Bulevardul Ion Mihalache 123, Bucuresti"
MzI1LTI0MTAwNDA3NTctMzExOTU0NDA1MA,finished,business,12.8,3.1,10.5,17.5,1.9,5.7,05-03-26,10:58:48,"Strada Esarfei 56, Bucharest","Centrul de imagistica Marasesti, Bulevardul Marasesti 90, Centrul Civic, Bucuresti"
MzI1LTI0MTAwMjU5MTItMzExOTUyMzMyNg,finished,business,14.2,3.2,10.1,19,0.5,3.4,05-03-26,10:44:58,"Intrarea Patrulei 2, Bucuresti","Strada Plugarilor 24, Bucharest"
MzI1LTI0MTAwMTI0MDMtMzExOTUwNDUxOQ,finished,in_app,12.8,2.6,6.4,24.1,1.2,5.4,05-03-26,10:33:58,"Strada Doicesti 10, Bucuresti 031654","Strada Cezar Bolliac 6, Bucuresti, Romania"
MzI1LTI0MDk5ODk2NTktMzExOTQ3MzE5MQ,finished,in_app,13.1,5.5,15.8,20.8,0.4,2.1,05-03-26,10:14:01,"Piaaa Alexandru Lahovari 1A, Bucuresti","Intrarea Baba Novac, Bucharest"
MzI1LTI0MDk5NzE2NDktMzExOTQ0OTA5NQ,finished,in_app,18.6,3.6,11.8,18.1,0.1,0.9,05-03-26,9:57:04,"Bulevardul Primaverii 24, Bucuresti 011974","APARTERRE, Strada Jean Louis Calderon, Bucharest, Romania"
MzI1LTI0MDk5MzY2NjgtMzExOTQwMjIzMw,finished,in_app,12.8,3,19.6,9.1,0.4,1.9,05-03-26,9:29:45,"Strada Occidentului 8, Bucuresti 010983","Beans & Dots Primaverii, Bulevardul Primaverii 15, Primaverii, Bucuresti"
MzI1LTI0MDk5MTEyMjktMzExOTM2ODUyMA,finished,in_app,18,4.9,16.4,18.1,0.7,3.1,05-03-26,9:08:27,"Strada Capitan Mircea Mihail G. Vasilescu 25, Bucuresti","The Mark, Calea Griviaei 84-98, Bucuresti"
MzI1LTI0MDk4OTA3OTItMzExOTM0MDY2MA,finished,in_app,18.1,2.4,14.2,10.1,0.5,1.7,05-03-26,8:50:06,"Strada Verzisori 2, Bucuresti","Dare Beauty Center, Bulevardul Libertaaii 12, Centrul Civic, Bucuresti"
MzI1LTI0MDk4NTIyODItMzExOTI4NjEwMw,finished,in_app,20.3,4.3,27,9.6,0.8,2.3,05-03-26,8:19:57,"Strada Lotrioara 5, Bucuresti 032163","Unicredit Bank ATM, Bulevardul Marasesti, Bucharest, Romania"
MzI1LTI0MDk4Mzc3ODItMzExOTI2NjgyMA,finished,in_app,19,1.3,7.6,10.2,1,5.5,05-03-26,8:05:54,"Aleea Lunca Bradului 4, Bucuresti","Strada Rotunda 19, Bucuresti 032702"
MzI1LTI0MDk4MjE3MzEtMzExOTI0Mzk1Nw,finished,in_app,25.7,3.3,14,14.1,1.9,5,05-03-26,7:48:37,"Bulevardul Decebal 15, Bucuresti 030964","B-dul. Pictor Nicolae Grigorescu 14, Bucuresti 030452"
MzI1LTI0MDk4MDQ5NDgtMzExOTIxODM0NA,finished,in_app,18,3,12.9,14,0.9,4.7,05-03-26,7:31:22,"Intrarea Reconstrucaiei 1, Bucuresti 031611","Provita, Strada Agricultori 82, Sectorul 2, Bucuresti"
MzI1LTI0MDk3OTcyNDAtMzExOTIwNjc1NQ,finished,business,14.2,2.2,6.4,20.2,1.5,3.3,05-03-26,7:22:25,"Strada Dristorului 51, Bucuresti 031532","Intrare Starbucks, Park Lake Mall"
MzI1LTI0MDk3Nzg0MjYtMzExOTE3ODI3OQ,finished,in_app,23.6,7.4,20.2,21.9,1.3,4.7,05-03-26,6:52:02,"Strada Sergent Major Samoila Dumitru 10, Bucuresti","Intrarea Gheorghe Costa-Foru 5, Bucuresti"
MzI1LTI0MDk3NjkyMzItMzExOTE2MzA5OA,finished,in_app,17.9,6.2,15.2,24.4,1.4,4.2,05-03-26,6:33:29,"Aleea Barajul Cucuteni 6, Bucuresti 032753","Soseaua Vitan-Barzesti 28, Bucuresti"
MzI1LTI0MDk3NjQ4NDEtMzExOTE1NTM0Mg,finished,in_app,12.8,3.8,10.2,22.1,1.2,4.2,05-03-26,6:23:07,"Aleea Pantelimon 20, Bucuresti","Strada Soldat Petre M. Tina 6, Bucuresti"
MzI1LTI0MDk3NjA0OTItMzExOTE0ODQwOQ,finished,in_app,12.8,2.3,7.3,19,1.3,2.6,05-03-26,6:10:59,"Strada Pescarusului 3, Bucuresti","Str. Bodesti 2, Bucuresti 022435"
MzI1LTI0MDk3NTMyMDktMzExOTEzNjc5OA,finished,in_app,12.8,2.2,7.5,17.6,1.8,4.7,05-03-26,5:43:21,"Strada Oborul Nou 11, Bucuresti 021442","Bulevardul Pierre de Coubertin 3-5, Bucuresti 021313"
MzI1LTI0MDk1MjQ1NzQtMzExODc0NjA4Ng,finished,in_app,22.2,7.5,15.9,28.4,0.8,3.1,04-03-26,21:20:37,"Bulevardul Pipera 1C, 032114","Str. Popa Soare 24, Bucuresti 023983"
MzI1LTI0MDk1MTY4MjctMzExODczNDMxNA,finished,in_app,12.9,5.2,14.3,21.6,0.5,1.5,04-03-26,21:12:09,"Soseaua Colentina 51, Bucuresti 021162","Soseaua Bucuresti Nord 15-23, 077191"
MzI1LTI0MDk0OTIyNzItMzExODY5NTQ2Nw,finished,in_app,21.5,8,19.4,24.7,0.9,2.1,04-03-26,20:46:20,"Strada Economu Atanase Stoicescu 32, Bucuresti 060765","Strada Doamna Ghica 5, Bucharest"
MzI1LTI0MDk0NTQxMzAtMzExODYzNTAwMw,finished,in_app,23.9,8.4,24.9,20.3,0.6,5.1,04-03-26,20:08:49,"Piaaa Presei Libere 3-5, Bucuresti 013702","Main Entrance IDM Club, Club IDM, Splaiul Independenaei 319"
MzI1LTI0MDk0MTAwNjItMzExODU2ODgxOA,finished,in_app,22.9,8.7,32.8,15.9,0,0.2,04-03-26,19:30:57,"Strada Ziduri Intre Vii 19, Bucuresti","Beraria H, Beraria H"
MzI1LTI0MDkzNjA4NDEtMzExODQ5MjQzOQ,finished,in_app,29.3,7.5,31.2,14.4,0.9,3.1,04-03-26,18:50:07,"Strada Bilciuresti 11, Bucharest, Romania","Strada Ziduri Intre Vii 19, Bucuresti"
MzI1LTI0MDkzMzQ4MzUtMzExODQ1MzE3OQ,finished,in_app,20.9,6.9,18.7,22.1,1.1,3.8,04-03-26,18:29:29,"Strada Plaiul Muntelui 66, Bucuresti","Om hani specialitati libaneze, Strada Amiral Horia Macelariu, Bucuresti, Romania"
MzI1LTI0MDkyODI4MTctMzExODM3NDIyMg,finished,in_app,34.4,10.3,32.4,19,0.7,3.9,04-03-26,17:46:37,"Podul Barbu Vacarescu 201, Bucuresti 020276","Strada Barlogeni 99, Bucuresti"
MzI1LTI0MDkyNDcxMDgtMzExODMyMTAzMQ,finished,in_app,24.3,5.5,22.2,14.8,1.8,5.3,04-03-26,17:16:23,"Main Entrance, Veranda Mall","Strada Elena Caragiani 8, Bucuresti"
MzI1LTI0MDkxOTU3NDAtMzExODI0ODU0NQ,finished,in_app,16.1,4.3,11.3,22.8,0.6,2.3,04-03-26,16:33:28,"Strada Soarelui 15, Stefanestii de Jos 077175","Calea Bucuresti 71, Tunari"
MzI1LTI0MDkxNDk2ODAtMzExODE4NjA4Mg,finished,in_app,14.5,1.4,6.5,12.7,0.6,2.2,04-03-26,15:55:48,"Strada Padurii 5, Stefanestii de Sus 077175","Strada Padurii 5, Stefanestii de Sus 077175"
MzI1LTI0MDkwNTM2OTQtMzExODA1MzU4NQ,finished,in_app,41.2,15.8,36.3,26.1,1.6,8.9,04-03-26,14:36:03,"Strada Doctor Grigore Mora 19, Bucuresti","Strada Europa, Cosmopolis Plaza, Strada Europa"
MzI1LTI0MDkwMjcwNjQtMzExODAyNzI1NQ,finished,in_app,12.8,2.3,9.6,14.6,0.4,2.5,04-03-26,14:19:35,"Strada Barbu Vacarescu 141, Bucuresti 020274","Strada Alexandr Sergheevici Puskin 7, Primaverii, Bucuresti"
MzI1LTI0MDg5NDAzNzUtMzExNzkwMjk3NA,finished,in_app,21.7,7.3,37.2,11.7,1,6.8,04-03-26,12:56:45,Bulevardul Libertaaii 16,"Strada Vidin 8, Bukarest, Rumnien"
MzI1LTI0MDg5MTUyMDAtMzExNzg2ODA4Ng,finished,in_app,15.5,4.1,21.6,11.3,0.9,1.8,04-03-26,12:32:57,"Soseaua Nicolae Titulescu 4-8, Bucuresti 011131","Curtea de Apel Bucuresti, Splaiul Independenaei 5, Bucharest"
MzI1LTI0MDg4NjcwMzItMzExNzgwMzU1Nw,finished,in_app,18.5,7.1,39.5,10.8,1.9,6.5,04-03-26,11:47:12,"Soseaua Fundeni 229, Bucuresti","Ciorbarie Titulescu, Soseaua Nicolae Titulescu, , "
MzI1LTI0MDg4MzQ0MTEtMzExNzc1NzUxMw,finished,in_app,16,6.5,24.8,15.8,0.4,1.5,04-03-26,11:17:39,"Strada Buzesti 71, Bucuresti 011013","Sos. Fundeni 235, Bucuresti 022321"
MzI1LTI0MDg4MTY0NjUtMzExNzczMzI5MA,finished,in_app,12.8,4.4,11.4,23.4,0.4,1.4,04-03-26,11:00:18,"Strada Simion Mehedinai 2, Bucuresti 060458","Policlinica Victoria, Strada Buzesti 75-77, Sectorul 1, Bucuresti"
MzI1LTI0MDgyNjg4ODItMzExNjg5MjgzMA,finished,in_app,42.8,16.5,41.2,24.1,3,5.9,03-03-26,20:11:50,"Soseaua Fabrica de Glucoza 6-8, Bucuresti 020332",Strada Weiner Palada 12
MzI1LTI0MDgyNDYyODctMzExNjg1OTU0Ng,finished,in_app,13.1,4.4,10.9,24,1.2,5.9,03-03-26,19:50:08,"Strada Pancota 5, Bucuresti, Romania","Str. Cuiului 5, Bucuresti 022688"
MzI1LTI0MDgxOTE4MjgtMzExNjc4MDMyMQ,finished,in_app,33.6,12.2,19,38.5,0.1,0.9,03-03-26,19:01:38,"Drumul Potcoavei 51K, Voluntari 077190","Strada Rozelor 21, Stefanestii de Sus, Romania"
MzI1LTI0MDgxNzAxODItMzExNjc0OTUzNA,finished,in_app,22.9,5.2,18.1,17.3,1.6,6.3,03-03-26,18:42:37,"Soseaua Pipera 32, Bucuresti","Strada Constelatiei 39, Voluntari 077190"
MzI1LTI0MDgxMTc3NDgtMzExNjY3MzAyMQ,finished,in_app,21.2,4.6,18.8,14.7,2,10.7,03-03-26,17:57:55,"Calea Floreasca Bvd. exit, Promenada Mall","Soseaua Nordului 41C, Bucuresti"
MzI1LTI0MDgwODYwNTQtMzExNjYyNzAyNQ,finished,in_app,25.9,6.6,34.4,11.6,0.5,4.2,03-03-26,17:30:00,"Strada Luntrei 6, Tei, Bucuresti","Magic Castle, Strada Cerceilor 10, Aviaaiei, Bucuresti"
MzI1LTI0MDgwMjQ3MjItMzExNjUzNzk0NA,finished,in_app,46.9,13.1,52.4,15,1.3,3.1,03-03-26,16:36:43,"Strada Lacul Pasarea 20C, Bucuresti","Aleea Teiul Doamnei 2, Bucuresti 023588"
MzI1LTI0MDc5NjkzMTAtMzExNjQ1OTQwMQ,finished,in_app,42.9,13.3,41.3,19.3,0.6,4.2,03-03-26,15:50:01,"Strada Sergent Constantin Ghercu 9, Bucuresti","Car Expert Refinish, Strada Zeaarilor, Bucharest, Romania"
MzI1LTI0MDczMTQ4MTktMzExNTUzNDMyMQ,finished,in_app,34.9,13.8,28.5,29,1.5,2.1,03-03-26,1:07:04,"Manuc's Inn, Old Town",Strada Performanaei 32
MzI1LTI0MDcyOTk3NDMtMzExNTUwNjg3MQ,finished,in_app,27.9,11.4,26.4,25.9,2.7,6.3,03-03-26,0:25:43,"Strada Mihai Eminescu 59, Bucuresti 020071","Soseaua Alexandriei 18, Bucharest, Romania"
MzI1LTI0MDcxMjc1MzUtMzExNTIxOTY1Mg,finished,in_app,15.3,4.2,14.1,17.8,1.5,5.3,02-03-26,20:11:47,"Strada Vanatori 5-11, Bucuresti 050136","Mosafir, Strada Plantelor 48, Sector 2, Bucuresti"
MzI1LTI0MDcxMDg4OTktMzExNTE5MTAxMg,finished,in_app,13.4,5.3,13.3,24.1,1.2,3.8,02-03-26,19:52:02,"Bus Station, Politehnica University of Bucharest","Strada Uranus 138, Bucuresti"
MzI1LTI0MDcwODk3MTgtMzExNTE2MjY2Mg,finished,in_app,12.8,3.6,12.3,17.8,0.6,2,02-03-26,19:33:09,"Bulevardul Iuliu Maniu 244, Bucuresti 061095","Complex Sir, Soseaua Virtuaii 1, Militari, Bucuresti"
MzI1LTI0MDcwNzE0NTUtMzExNTEzNDUzOA,finished,in_app,12.8,2.2,5.9,22.5,1.4,4.5,02-03-26,19:15:53,"Bulevardul Iuliu Maniu 432-442, Bucuresti 061127","Pacific Tur, Bucharest, Romania"
MzI1LTI0MDcwMDg3NzEtMzExNTA0Njc3OQ,finished,in_app,44.3,10.8,46.8,13.8,1.5,4.3,02-03-26,18:19:52,"Strada Alexandru Constantinescu 39, Bucuresti","Decathlon, Bulevardul Iuliu Maniu 546-560, Militari, Bucuresti"
MzI1LTI0MDY5MzI0MTEtMzExNDkzNTQ5Mg,finished,in_app,32.3,6.2,30.3,12.2,1.5,6.1,02-03-26,17:09:38,"Bulevardul Aviatorilor 8A, Bucuresti 011861","Strada Strabuna 109, Bucharest, Romania"
MzI1LTI0MDY5MTcwOTQtMzExNDkxMjk5MA,finished,in_app,14,1.5,11,8.3,0.2,1.1,02-03-26,16:56:01,"Strada Louis Blanc 7, Bucuresti 011751","Str. G-ral. Gheorghe Constantinide 8, Bucuresti 011164"
MzI1LTI0MDY4ODcwNDktMzExNDg3MDI1Ng,finished,in_app,28.1,6.8,23.1,17.6,0.5,4.1,02-03-26,16:29:14,"Strada Serg. Constantin Moise 5D, Bucuresti 061421","Kineto Consult, Strada Argentina 5, Dorobanai, Bucuresti"
MzI1LTI0MDY4NTY0MTItMzExNDgyNzM5Nw,finished,in_app,12.9,3.2,8.9,21.8,0.8,3,02-03-26,16:02:14,"Strada Valea Argesului 8, Bucuresti 061935","Bulevardul Timisoara 139, Bucuresti, Romania"
MzI1LTI0MDY3OTc2MjMtMzExNDc0NDYxOQ,finished,in_app,44.6,13.4,42.8,18.8,1.6,4.8,02-03-26,15:12:12,"Policlinica Titan, Bulevardul Nicolae Grigorescu 41, Titan - Balta Alba, Bucuresti","Strada Targu Neama 11A, Bucuresti 062053"
MzI1LTI0MDY3NzA4NzYtMzExNDcwNzQ0MQ,finished,in_app,15.8,4.8,13.8,20.9,0.9,5.2,02-03-26,14:49:04,"Kaufland, Soseaua Colentina 6, Colentina, Bucuresti","Perenna Cafe, Intrarea Horbotei 12, Titan - Balta Alba, Bucuresti"
MzI1LTI0MDYxOTA4OTktMzExMzg1MDIyNw,finished,in_app,17.9,6,12.2,29.4,2.2,4.3,02-03-26,2:55:27,"Strada Lipscani 17, Bucuresti","Strada Brasoveni 6, Bucuresti 023614"
MzI1LTI0MDYxODc3NjMtMzExMzg0NjQxNQ,finished,in_app,12.8,0.6,3.8,10.2,3.6,6.7,02-03-26,2:42:06,"Calea Victoriei 63-81, Bucuresti 010065","Bulevardul General Gheorghe Magheru 9, Sector 1, Bucuresti"
MzI1LTI0MDYxODU2NjEtMzExMzg0MTc4NA,finished,in_app,14.2,3.4,8,25.4,3.8,9.7,02-03-26,2:28:34,"Strada Doamnei 27-29, Bucuresti 030167","JW Marriott Bucharest Grand Hotel, Calea 13 Septembrie 90, Bucuresti"
MzI1LTI0MDYxODAzNDItMzExMzgzMTIyMw,finished,in_app,17.1,6,13.9,26,2.4,5.6,02-03-26,2:04:39,"Strada Spatarului 3, Bucuresti 020771","Camin Stoian Militaru, Berceni, Bucuresti"
MzI1LTI0MDYwOTUxOTYtMzExMzY2MTQ1MA,finished,in_app,19.1,2.8,9.8,17.4,1.6,1.9,01-03-26,23:04:06,"Bulevardul Dacia 80, Bucuresti 020062","Strada Constantin Aricescu 20, Bucharest"
MzI1LTI0MDYwODYxNzctMzExMzY0NTczOA,finished,business,12.8,1.3,3.3,23.4,1.9,4.7,01-03-26,22:52:10,"Veranda Mall, Main Entrance",Strada Ardeleni 1
MzI1LTI0MDYwNzQzMTctMzExMzYyNDQ0OQ,finished,in_app,18.8,4.9,13.2,22.4,1.1,4,01-03-26,22:35:34,"Strada Constantin Mille 17, Bucuresti 010141","Aleea Cislau 3, Bucuresti"
MzI1LTI0MDYwNjU1ODQtMzExMzYwOTE5Mg,finished,in_app,20.6,2.5,11.7,12.8,0.6,1.2,01-03-26,22:24:09,"Bulevardul Marasesti 19, Bucuresti 040251","Piaaa Naaiunile Unite 3-5, Bucuresti 040012"
MzI1LTI0MDYwNDY4ODQtMzExMzU3NzEwMA,finished,in_app,20.3,5.9,15.2,23.3,1,4.2,01-03-26,22:02:00,"Strada Locotenent Aviator Marcel Andreescu 33, Bucuresti","Str. Frigului 19, Bucuresti 040584"
MzI1LTI0MDYwMzQ0ODgtMzExMzU1NzQ3NQ,finished,in_app,23.3,7.3,13,33.8,1.5,2.9,01-03-26,21:47:07,"Calea 13 Septembrie 129, Bucuresti","Str. Av. Radu Beller 8, Primaverii, Bucuresti"
MzI1LTI0MDYwMTkyMzUtMzExMzUzMzE1OA,finished,in_app,22.6,6.3,13.6,28,0.7,2.6,01-03-26,21:28:58,"Calea Crangasi 32, Bucuresti 060341","Strada Mihail Sebastian 27, Bucuresti"
MzI1LTI0MDU2MjA4OTEtMzExMjkxMDkxMw,finished,in_app,14,3,8.7,20.6,2,2.8,01-03-26,14:48:49,"Entrance,  Cathedral of the Salvation of the Nation, Cotroceni","Galaxy Entrance, Afi Palace Cotroceni Mall"
MzI1LTI0MDU2MDc3MzUtMzExMjg5MTEzNQ,finished,in_app,12.8,3,9.3,19.3,0.6,8.1,01-03-26,14:35:30,"Strada George Enescu 21, Bucuresti 010303","Parking, Palace of Parliament, Bucharest"
MzI1LTI0MDU1OTA0MjAtMzExMjg2NDEzMg,finished,in_app,12.8,4.7,15.7,17.9,1.6,3.9,01-03-26,14:16:17,"Calea Calarasilor 85, Bucuresti 030613","Velocita, Calea Victoriei 122, Bucharest"
MzI1LTI0MDU1NjUyNTMtMzExMjgyNzU4Mg,finished,in_app,14.2,4.4,13.8,19,0.5,3.5,01-03-26,13:48:03,"Strada Ankara 7, Bucuresti 011833","Calea Mosilor 272, Sector 2, Bucuresti"
MzI1LTI0MDU1NDA2ODAtMzExMjc5MTQwNw,finished,in_app,21.7,7.3,20.4,21.4,1.7,7.9,01-03-26,13:21:06,"Bucharest, Romania","Strada Puaul lui Zamfir 36, Bucuresti 011684"
MzI1LTI0MDU1MTkwMzMtMzExMjc1OTYxMg,finished,in_app,19.6,7.9,22.7,20.9,0.9,3.9,01-03-26,12:55:21,"Calea Dorobanailor 164, Bucuresti 010581","Str. Calugareni 4, Bucuresti 031528"
MzI1LTI0MDU1MDYwMjMtMzExMjc0MDE0NA,finished,in_app,12.8,2.2,9.7,13.5,1.8,5.9,01-03-26,12:40:05,"Strada Washington 48, Bucuresti","Strada George Calinescu 41, Bucuresti"
MzI1LTI0MDU0OTEzMzAtMzExMjcxOTE1Mg,finished,in_app,12.8,3.9,13.7,17.2,0.8,2.9,01-03-26,12:22:50,"Sos. Mihai Bravu 5, Bucuresti","Strada Constantin Aricescu 18, Bucuresti"
MzI1LTI0MDQ2OTExNjktMzExMTMwMTg4Ng,finished,in_app,12.8,2.6,5.5,28.1,1.3,3.4,28-02-26,21:53:35,"Strada Dristorului 89, Bucuresti","School and Kindergarten Montessano, Strada Parfumului, Bucharest, Romania"
MzI1LTI0MDQ2MjM4NjctMzExMTE5NzIzOQ,finished,in_app,72,22.2,38.7,34.3,1.7,9.6,28-02-26,21:04:47,"Sosiri, Aeroportul Henri Coanda din Bucuresti (OTP)","Soseaua Mihai Bravu 325, Bucuresti 030312"
MzI1LTI0MDQ1Nzg0NDAtMzExMTEyNjQxNQ,finished,in_app,40.4,18.4,29,38.1,0.1,0.5,28-02-26,20:34:24,"Strada Halelor 3, Bucuresti","Departures, Bucharest Henri Coanda Airport (OTP)"
MzI1LTI0MDQ1MzY3MzktMzExMTA1NTk0OQ,finished,in_app,19.5,6.9,20.6,20.2,0.9,2.8,28-02-26,20:06:42,"Bulevardul 1 Decembrie 1918 27C, Bucuresti 032454","Hanul lui Manuc, Centrul Vechi"
MzI1LTI0MDQ0NjgyMTYtMzExMDkzOTcxNQ,finished,in_app,21.5,9.8,17.2,34.1,1.1,2.9,28-02-26,19:24:59,"Bulevardul Dimitrie Cantemir 22, Bucuresti 040245","Strada Buhusi 55, Titan - Balta Alba, Bucuresti"
MzI1LTI0MDQ0MzkzMjQtMzExMDg4OTI4OQ,finished,in_app,19,6.1,14.8,24.7,1.4,6,28-02-26,19:06:46,"Strada Ion Tuculescu 31, Bucuresti","Bulevardul Dimitrie Cantemir 2, Bucuresti 040231"
MzI1LTI0MDQzMTc1OTAtMzExMDY4OTY2Nw,finished,in_app,12.8,1.3,8.8,9,0.1,1.1,28-02-26,17:48:20,"Calea Vitan 23, Bucuresti","Mc Donald's, Soseaua Mihai Bravu, Bucharest, Romania"
MzI1LTI0MDQzMTI3MjEtMzExMDY4MDE4Nw,finished,in_app,12.8,0.9,2.4,23,0.5,1.3,28-02-26,17:44:23,"Bulevardul Unirii 62, Bucuresti 030834","Staaia Bucuresti Mall, Calea Vitan, Centrul Civic, Bucuresti"
MzI1LTI0MDQyODE0NTgtMzExMDYzMTA5Mw,finished,in_app,16.9,5,16.8,17.9,1.2,4.2,28-02-26,17:21:54,"Soseaua Pantelimon 266, Bucuresti 021652","Strada Nerva Traian 7, Bucuresti"
MzI1LTI0MDQyNDM3MDUtMzExMDU3MzQ5Nw,finished,in_app,12.8,2.7,6.1,26.4,0.4,1.9,28-02-26,16:51:39,"Bulevardul Camil Ressu 53, Bucuresti 077160","Intr. Horbotei 8, Bucuresti 030467"
MzI1LTI0MDQxOTk5MzktMzExMDUwNzg1Ng,finished,in_app,27.1,8.7,28.5,18.3,1.4,4.3,28-02-26,16:15:58,"Strada General Henri Mathias Berthelot 47, Bucuresti","Strada Lotrioara 7, Bucuresti 032164"
MzI1LTI0MDQxNjU4NzQtMzExMDQ1NTg4Nw,finished,in_app,19,6.7,19.8,20.3,0.5,8.6,28-02-26,15:46:41,"Strada Bozioru 18, Bucuresti","Str. Virgiliu 35, Bucuresti 010881"
MzI1LTI0MDQxMzA5MzItMzExMDQwMjYzOA,finished,in_app,15.2,3.9,14.7,15.7,0.4,0.6,28-02-26,15:16:59,"Soseaua Colentina 26, Bucuresti","Scoala de fotbal Astra Kids Bucuresti, Bulevardul Pierre de Coubertin, Bucuresti, Romania"
MzI1LTI0MDQwODY3MDYtMzExMDMzNzUxMQ,finished,in_app,19.6,6.7,16.4,24.6,0.5,1.5,28-02-26,14:37:42,"Main Entrance, Veranda Mall","Strada Mihail Sadoveanu, Voluntari, Romania"
MzI1LTI0MDMzMzk4NDMtMzEwOTExNzAxNg,finished,in_app,13.4,6.7,13.6,29.6,0.6,1.2,27-02-26,23:55:56,"Strada Trestiana 1, Bucuresti 011645","Forge, Soseaua Pantelimon 1A, Obor, Bucuresti"
MzI1LTI0MDMyODIwOTgtMzEwOTAyNzU1MA,finished,in_app,19.4,8.9,21.8,24.5,2.8,6.4,27-02-26,23:12:12,"Strada Tunari 32, Bucuresti 020527","Str. Izvorul Trotusului 1, Bucuresti 040884"
MzI1LTI0MDMyNTc0NzItMzEwODk4NzY2OQ,finished,in_app,17,7.3,15.5,28.4,2.9,5,27-02-26,22:52:53,"Calea Griviaei 365, Bucuresti 010719","Str. Alexandru Cel Bun 24A, Bucuresti 023682"
MzI1LTI0MDMyMzcxMDMtMzEwODk1Njk4Nw,finished,in_app,12.8,2.1,5.3,23.3,1.4,2.7,27-02-26,22:36:36,"Bulevardul Constructorilor 16A, Bucuresti 060503","Strada Manzului 24, Bucuresti 077042"
MzI1LTI0MDI5MjI5MzktMzEwODQ1NzA2NA,finished,in_app,14.5,3.5,13.5,15.4,1.4,7.5,27-02-26,18:59:07,"Strada Londra 11, Bucuresti 011761","Strada Trotusului 62, Bucuresti 012144"
MzI1LTI0MDI4NDk2NzYtMzEwODM0NTgyMg,finished,business,25.7,4.8,27.5,10.4,0.2,1.4,27-02-26,18:13:15,"Strada Gheorghe Tiaeica 178, Bucuresti","Str. Benjamin Franklin 1, Bucuresti 010287"
MzI1LTI0MDI4MDY5ODgtMzEwODI4MzcxMg,finished,in_app,30.3,6.6,26.8,14.8,0.9,2.9,27-02-26,17:44:20,"Strada Doctor Nicolae D. Staicovici 1-5, Bucuresti 050552","Dentalist, Intrarea Taciunelui 5, Tei, Bucuresti"
MzI1LTI0MDI3NzQzMzUtMzEwODIzNDc5MA,finished,in_app,15.7,4,14.2,16.8,0.6,2.9,27-02-26,17:20:53,"Strada Radu Voda 28A, Bucuresti","PRODESIGN ENGINEERING & CONSTRUCTION, Strada Doctor Carol Davila, Bucharest, Romania"
MzI1LTI0MDI3NDU5ODYtMzEwODE5MjI5MA,finished,in_app,20.1,3.2,19,10.1,1.4,6.6,27-02-26,16:59:57,"Strada Ion Campineanu 16, Bucuresti 010036","Splaiul Unirii 41, Bucuresti"
MzI1LTI0MDI1NzE4ODYtMzEwNzkzMzI1Nw,finished,in_app,19.4,3.5,21.6,9.6,1.8,8,27-02-26,14:48:54,"Strada Silvia 9, Bucuresti 023431","Strada Pictor Stefan Luchian 12, Sector 2, Bucuresti"
MzI1LTI0MDI0OTY3NzktMzEwNzgyNzQyMQ,finished,in_app,42.1,7.8,42.4,11,1.1,3.5,27-02-26,13:51:21,"Prof Medica, Strada Doctor Panait Iatropol 53, Cotroceni, Bucuresti","Bloc 3, Strada Doamna Ghica 5, Bucuresti, Romania"
MzI1LTI0MDI0NTgxMDItMzEwNzc3MjM1Ng,finished,in_app,24.3,7.2,23.5,18.5,1.7,7.3,27-02-26,13:19:47,"Drumul Valea Doftanei 15A, Bucuresti 061981","Splaiul Independenaei Entrance, University of Veterinary Medicine"
MzI1LTI0MDEyNjc2NzItMzEwNTkyNzU0Nw,finished,business,27.2,9.7,49.2,11.8,1,6.4,26-02-26,14:53:34,"Strada Grigore C. Moisil 16, Bucuresti","Dental Arhitect Clinica Stomatologica, Strada Sergent Nuau Ion, Bucuresti, Romania"
MzI1LTI0MDEyNDQ4MjgtMzEwNTg5NDY3Mg,finished,in_app,12.8,3.3,19.2,10.3,0.3,0.5,26-02-26,14:35:32,"Soseaua Pipera 49, Bucuresti 014254","Str. Tuzla 42, Bucuresti 023832"
MzI1LTI0MDEyMTYzMDEtMzEwNTg1NDYyMA,finished,in_app,14.7,4.1,15,16.5,1,2.3,26-02-26,14:12:52,"Soseaua Pipera 61, Bucuresti 020308","Bulevardul Pipera 1, Voluntari 077190"
MzI1LTI0MDEyMDAwNjQtMzEwNTgzMTk0NQ,finished,in_app,12.8,2.7,6.1,26.4,1.2,9.8,26-02-26,13:59:43,"Strada Zagazului 1B, Bucuresti","Cortina Wellness, Bulevardul Pipera, Voluntari, Romania"
MzI1LTI0MDA5NjkyNzgtMzEwNTUwMzIxOA,finished,in_app,43.7,23.6,55,25.8,3.8,11.1,26-02-26,10:40:54,"Soseaua Vitan-Barzesti 7D, Bucuresti 042121","Plecari, Aeroportul Henri Coanda din Bucuresti (OTP)"
MzI1LTI0MDA5MTI1NzgtMzEwNTQyMzA4Mg,finished,in_app,53.5,20.2,53.5,22.7,0.6,1.4,26-02-26,9:50:26,"Strada Pajurei 7, Bucuresti 013152","AD Garage, Splaiul Unirii 833A"
MzI1LTI0MDA4ODgyMDctMzEwNTM5MDMzMQ,finished,in_app,17.9,4.2,12.6,20.1,1.4,4.5,26-02-26,9:32:53,"Bulevardul Ion Mihalache 94, Bucuresti 011197","Liceul Teoretic Constantin Brancoveanu, Strada Pajurei, Bucharest, Romania"
MzI1LTI0MDA4NTc2OTEtMzEwNTM0ODA2MA,finished,in_app,23.2,5.8,19.9,17.5,1.3,5.5,26-02-26,9:07:02,"Intrarea Craiovei 14, Bucuresti","Piaaa Victoriei, Bucuresti"
MzI1LTI0MDA4MzA1NjMtMzEwNTMwOTI3OQ,finished,in_app,23,6.3,11.8,32.3,0.4,2.4,26-02-26,8:43:11,"Strada Gara de Nord 6-8, Bucuresti 010857","Calea Giulesti 471a, Bucuresti, Romania"
MzI1LTI0MDA3OTIwOTAtMzEwNTI1NDcwNQ,finished,in_app,29.3,6.2,33,11.2,0.6,2.6,26-02-26,8:09:41,"Strada Alexandru cel Bun 16, Bucuresti 023683","MyContinental Bucuresti, Calea Grivitei 143, Gara de Nord, Bucuresti"
MzI1LTI0MDA3NzgxNzUtMzEwNTIzNTI5OA,finished,in_app,16.7,1.7,11.1,9.3,0.4,1.9,26-02-26,7:54:25,"Strada Avrig 23A-25A, Bucuresti 021572","Strada Masina de Paine 67, Bucuresti 021128"
MzI1LTI0MDA1Mzc2NzMtMzEwNDgyNDQ5Mg,finished,in_app,15.3,1.8,4.4,25.1,1.8,3,25-02-26,22:41:58,"Bulevardul Mircea Voda 38, Bucuresti","Strada Labirint 149, Bucharest 010573"
MzI1LTI0MDA1MTI3MTAtMzEwNDc4MzM5Mw,finished,in_app,15.2,6.5,14.2,27.3,1.1,2.6,25-02-26,22:11:52,"Bulevardul Dimitrie Cantemir 23, Bucuresti 040237","Str. Moldovita 14, Bucuresti 041823"
MzI1LTI0MDA0OTk3MTUtMzEwNDc2MjMyMQ,finished,in_app,15.8,7.3,14,31.4,0.5,3.6,25-02-26,21:57:56,"Strada Becaaei 6, Bucuresti 032413","Strada Visana 4, Bucuresti 040394"
MzI1LTI0MDA0NzEyMzQtMzEwNDcxODUxNQ,finished,in_app,22.5,10.8,24.5,26.4,0.3,1.1,25-02-26,21:25:04,"Strada Ion Brezoianu 3, Bucuresti","Aleea Cindrel 47-53, Bucuresti 032389"
MzI1LTI0MDA0NTIyMDUtMzEwNDY4OTkwNA,finished,in_app,15.4,7.2,19,22.7,1.1,4.4,25-02-26,21:04:49,"Strada Veteranilor 20, Militari, Bucuresti","Strada Eforie 7, Bucuresti, Romania"
MzI1LTI0MDAzNzgyNTAtMzEwNDU3NzcwNQ,finished,in_app,23.9,10.2,31.6,19.4,0,0.4,25-02-26,19:53:01,"Spitalul Angiomedica, Strada Cosminului, Bucuresti, Romania","Strada Dezrobirii 12, Militari, Bucuresti"
MzI1LTI0MDAzNjQ0ODktMzEwNDU1Nzg1Mw,finished,in_app,12.8,3.8,13.7,16.5,0.2,0.9,25-02-26,19:41:18,"Strada Maior Vasile Bacila 13, Bucuresti","Spitalul de Boli Cardiovasculare ""Angiomedica, Strada Cosminului 13, Bucuresti"
MzI1LTI0MDAzNDM4ODMtMzEwNDUzMjkzOA,finished,in_app,12.8,4,8.8,27.1,1.9,4.2,25-02-26,19:27:28,"Bulevardul Chisinau 5, Bucuresti","Str. Maior Vasile Bacila 32-34, Bucuresti, Romania"
MzI1LTI0MDAzMDIwODMtMzEwNDQ2Mjc2Ng,finished,in_app,46.2,8.8,34.5,15.3,0.6,2.1,25-02-26,18:51:22,"Emergency Entrance, Bucharest University Emergency Hospital","Soseaua Pantelimon 336, Bucuresti 021659"
MzI1LTI0MDAyNjI0OTItMzEwNDQwNjI2OQ,finished,in_app,25.7,5,14.1,21.3,1.6,11.3,25-02-26,18:20:48,"Strada Petre Ispirescu 7, Bucuresti 051022","La Bottega dei Sapori, Strada Doctor Ernest Juvara 24, Cotroceni, Bucuresti"
MzI1LTI0MDAyMzIyMzgtMzEwNDM2MDkxNQ,finished,in_app,26.6,3.5,13.6,15.3,1.1,13.7,25-02-26,17:56:27,"Manuc's Inn, Old Town","Padel World Royal, Strada Progresului, Bucharest, Romania"
MzI1LTI0MDAxODk0NzMtMzEwNDI5OTAzNA,finished,in_app,34.5,5.5,30.5,10.8,0,0.2,25-02-26,17:20:58,"Bulevardul General Paul Teodorescu 4, Bucuresti 061346","Bulevardul Regina Elisabeta, Piaaa Universitaaii, Ghica"
MzI1LTI0MDAxNDc0ODUtMzEwNDI0MDIzNw,finished,in_app,26.6,7,30.2,13.9,0.2,9.5,25-02-26,16:46:47,"Strada Tineretului 17, 077042","Bulevardul General Paul Teodorescu 4, Bucuresti 061346"
MzI1LTI0MDAwODgxMjEtMzEwNDE1NzE1MQ,finished,in_app,39.5,9.3,42.6,13.2,1.8,3.4,25-02-26,15:58:55,"Bulevardul Iuliu Maniu 6P, Bucuresti 061103",Strada Tineretului 85
